/*
Inprint 5.0 DEMO database
Date: 2011-02-22 21:06:19
*/

BEGIN;

-- ----------------------------
-- Records of demo fascicle
-- ----------------------------

INSERT INTO "fascicles" ("id", "edition", "parent", "fastype", "variation", "shortcut", "description", "circulation", "pnum", "anum", "manager", "enabled", "archived", "flagdoc", "flagadv", "datedoc", "dateadv", "dateprint", "dateout", "created", "updated") VALUES ('f65702a7-6bf5-1014-bd2b-27f64c7423c5', '57ea720b-39fb-4e96-bcb6-ae3ebf6d474b', '57ea720b-39fb-4e96-bcb6-ae3ebf6d474b', 'issue', 'f6570c5a-6bf5-1014-bd2b-27f64c7423c5', '2011-03-31', '', 0, '0', '0', 'f8787a1a-cc36-4b60-a437-823a308b64ff', 't', 'f', 'bydate', 'bydate', '2011-3-31 00:00:00', '2011-3-31 00:00:00', '2011-3-31 00:00:00', '2011-3-31 00:00:00', '2011-3-9 21:04:59.848', '2011-3-9 21:04:59.848');

INSERT INTO "fascicles_indx_headlines" ("id", "edition", "fascicle", "tag", "bydefault", "title", "description", "created", "updated") VALUES ('f6577408-6bf5-1014-bd2b-27f64c7423c5', '57ea720b-39fb-4e96-bcb6-ae3ebf6d474b', 'f65702a7-6bf5-1014-bd2b-27f64c7423c5', '00000000-0000-0000-0000-000000000000', 't', '--', '', '2011-3-9 21:04:59.848', '2011-3-9 21:04:59.848');
INSERT INTO "fascicles_indx_headlines" ("id", "edition", "fascicle", "tag", "bydefault", "title", "description", "created", "updated") VALUES ('f65795d3-6bf5-1014-bd2b-27f64c7423c5', '57ea720b-39fb-4e96-bcb6-ae3ebf6d474b', 'f65702a7-6bf5-1014-bd2b-27f64c7423c5', '61c72cb9-5a3b-4d17-90fd-d72cb1317ed3', 'f', 'Автомобиль', '', '2011-3-9 21:04:59.848', '2011-3-9 21:04:59.848');
INSERT INTO "fascicles_indx_headlines" ("id", "edition", "fascicle", "tag", "bydefault", "title", "description", "created", "updated") VALUES ('f657d4f0-6bf5-1014-bd2b-27f64c7423c5', '57ea720b-39fb-4e96-bcb6-ae3ebf6d474b', 'f65702a7-6bf5-1014-bd2b-27f64c7423c5', '0435e346-1d68-4800-9e5e-c6429fea91fc', 'f', 'Авто с пробегом', '', '2011-3-9 21:04:59.848', '2011-3-9 21:04:59.848');
INSERT INTO "fascicles_indx_headlines" ("id", "edition", "fascicle", "tag", "bydefault", "title", "description", "created", "updated") VALUES ('f65806a2-6bf5-1014-bd2b-27f64c7423c5', '57ea720b-39fb-4e96-bcb6-ae3ebf6d474b', 'f65702a7-6bf5-1014-bd2b-27f64c7423c5', '343846da-84e3-4585-b105-d99ea4ce90ae', 'f', 'Детали, компоненты', '', '2011-3-9 21:04:59.848', '2011-3-9 21:04:59.848');
INSERT INTO "fascicles_indx_headlines" ("id", "edition", "fascicle", "tag", "bydefault", "title", "description", "created", "updated") VALUES ('f6582a6d-6bf5-1014-bd2b-27f64c7423c5', '57ea720b-39fb-4e96-bcb6-ae3ebf6d474b', 'f65702a7-6bf5-1014-bd2b-27f64c7423c5', '12808fa7-8a00-4da6-b061-63fc5ce3824d', 'f', 'Ретро', '', '2011-3-9 21:04:59.848', '2011-3-9 21:04:59.848');
INSERT INTO "fascicles_indx_headlines" ("id", "edition", "fascicle", "tag", "bydefault", "title", "description", "created", "updated") VALUES ('f6583903-6bf5-1014-bd2b-27f64c7423c5', '57ea720b-39fb-4e96-bcb6-ae3ebf6d474b', 'f65702a7-6bf5-1014-bd2b-27f64c7423c5', 'a956d336-002d-469d-b552-8151366cacbf', 'f', 'Город и автомобиль', '', '2011-3-9 21:04:59.848', '2011-3-9 21:04:59.848');
INSERT INTO "fascicles_indx_headlines" ("id", "edition", "fascicle", "tag", "bydefault", "title", "description", "created", "updated") VALUES ('f658e39b-6bf5-1014-bd2b-27f64c7423c5', '57ea720b-39fb-4e96-bcb6-ae3ebf6d474b', 'f65702a7-6bf5-1014-bd2b-27f64c7423c5', 'c59b9522-a715-47d3-939f-0acf34cd3630', 'f', 'Спорт', '', '2011-3-9 21:04:59.848', '2011-3-9 21:04:59.848');
INSERT INTO "fascicles_indx_headlines" ("id", "edition", "fascicle", "tag", "bydefault", "title", "description", "created", "updated") VALUES ('f658f260-6bf5-1014-bd2b-27f64c7423c5', '57ea720b-39fb-4e96-bcb6-ae3ebf6d474b', 'f65702a7-6bf5-1014-bd2b-27f64c7423c5', '941e8c24-43ae-4179-8727-0f077e1f54f8', 'f', 'Тюнинг', '', '2011-3-9 21:04:59.848', '2011-3-9 21:04:59.848');

INSERT INTO "fascicles_indx_rubrics" ("id", "edition", "fascicle", "headline", "tag", "title", "description", "created", "updated", "bydefault") VALUES ('f6578a6e-6bf5-1014-bd2b-27f64c7423c5', '57ea720b-39fb-4e96-bcb6-ae3ebf6d474b', 'f65702a7-6bf5-1014-bd2b-27f64c7423c5', 'f6577408-6bf5-1014-bd2b-27f64c7423c5', '00000000-0000-0000-0000-000000000000', '--', '', '2011-3-9 21:04:59.848', '2011-3-9 21:04:59.848', 'f');
INSERT INTO "fascicles_indx_rubrics" ("id", "edition", "fascicle", "headline", "tag", "title", "description", "created", "updated", "bydefault") VALUES ('f657a666-6bf5-1014-bd2b-27f64c7423c5', '57ea720b-39fb-4e96-bcb6-ae3ebf6d474b', 'f65702a7-6bf5-1014-bd2b-27f64c7423c5', 'f65795d3-6bf5-1014-bd2b-27f64c7423c5', '238f669c-4a78-4ed6-a876-bf1c2124e57f', 'Новости', '', '2011-3-9 21:04:59.848', '2011-3-9 21:04:59.848', 'f');
INSERT INTO "fascicles_indx_rubrics" ("id", "edition", "fascicle", "headline", "tag", "title", "description", "created", "updated", "bydefault") VALUES ('f657abb0-6bf5-1014-bd2b-27f64c7423c5', '57ea720b-39fb-4e96-bcb6-ae3ebf6d474b', 'f65702a7-6bf5-1014-bd2b-27f64c7423c5', 'f65795d3-6bf5-1014-bd2b-27f64c7423c5', '29808152-8d46-41a4-9856-11ec4d9af8ef', 'Титульная тема', '', '2011-3-9 21:04:59.848', '2011-3-9 21:04:59.848', 'f');
INSERT INTO "fascicles_indx_rubrics" ("id", "edition", "fascicle", "headline", "tag", "title", "description", "created", "updated", "bydefault") VALUES ('f657b0e1-6bf5-1014-bd2b-27f64c7423c5', '57ea720b-39fb-4e96-bcb6-ae3ebf6d474b', 'f65702a7-6bf5-1014-bd2b-27f64c7423c5', 'f65795d3-6bf5-1014-bd2b-27f64c7423c5', '817f2107-d322-4dce-bc0a-8ee7d534fd3c', 'Сравнительный тест', '', '2011-3-9 21:04:59.848', '2011-3-9 21:04:59.848', 'f');
INSERT INTO "fascicles_indx_rubrics" ("id", "edition", "fascicle", "headline", "tag", "title", "description", "created", "updated", "bydefault") VALUES ('f657b60c-6bf5-1014-bd2b-27f64c7423c5', '57ea720b-39fb-4e96-bcb6-ae3ebf6d474b', 'f65702a7-6bf5-1014-bd2b-27f64c7423c5', 'f65795d3-6bf5-1014-bd2b-27f64c7423c5', '9ad4a879-bae7-47c0-af5d-94955c8333ed', 'Модификация', '', '2011-3-9 21:04:59.848', '2011-3-9 21:04:59.848', 'f');
INSERT INTO "fascicles_indx_rubrics" ("id", "edition", "fascicle", "headline", "tag", "title", "description", "created", "updated", "bydefault") VALUES ('f657bb27-6bf5-1014-bd2b-27f64c7423c5', '57ea720b-39fb-4e96-bcb6-ae3ebf6d474b', 'f65702a7-6bf5-1014-bd2b-27f64c7423c5', 'f65795d3-6bf5-1014-bd2b-27f64c7423c5', '97c62fad-2f24-4456-88b6-b33ace4a3d49', 'Лонг-тест', '', '2011-3-9 21:04:59.848', '2011-3-9 21:04:59.848', 'f');
INSERT INTO "fascicles_indx_rubrics" ("id", "edition", "fascicle", "headline", "tag", "title", "description", "created", "updated", "bydefault") VALUES ('f657c048-6bf5-1014-bd2b-27f64c7423c5', '57ea720b-39fb-4e96-bcb6-ae3ebf6d474b', 'f65702a7-6bf5-1014-bd2b-27f64c7423c5', 'f65795d3-6bf5-1014-bd2b-27f64c7423c5', 'ef0f62d6-2266-4ec5-8c7c-a060fb1d2f79', 'Презентация', '', '2011-3-9 21:04:59.848', '2011-3-9 21:04:59.848', 'f');
INSERT INTO "fascicles_indx_rubrics" ("id", "edition", "fascicle", "headline", "tag", "title", "description", "created", "updated", "bydefault") VALUES ('f657c561-6bf5-1014-bd2b-27f64c7423c5', '57ea720b-39fb-4e96-bcb6-ae3ebf6d474b', 'f65702a7-6bf5-1014-bd2b-27f64c7423c5', 'f65795d3-6bf5-1014-bd2b-27f64c7423c5', 'fac1f83b-3153-46e2-b8d2-99e45be70f1a', 'Кредит', '', '2011-3-9 21:04:59.848', '2011-3-9 21:04:59.848', 'f');
INSERT INTO "fascicles_indx_rubrics" ("id", "edition", "fascicle", "headline", "tag", "title", "description", "created", "updated", "bydefault") VALUES ('f657ca8d-6bf5-1014-bd2b-27f64c7423c5', '57ea720b-39fb-4e96-bcb6-ae3ebf6d474b', 'f65702a7-6bf5-1014-bd2b-27f64c7423c5', 'f65795d3-6bf5-1014-bd2b-27f64c7423c5', '62bbe45c-4bbe-49f5-b2fd-561fcbb151ba', 'За эти деньги', '', '2011-3-9 21:04:59.848', '2011-3-9 21:04:59.848', 'f');
INSERT INTO "fascicles_indx_rubrics" ("id", "edition", "fascicle", "headline", "tag", "title", "description", "created", "updated", "bydefault") VALUES ('f657cfb3-6bf5-1014-bd2b-27f64c7423c5', '57ea720b-39fb-4e96-bcb6-ae3ebf6d474b', 'f65702a7-6bf5-1014-bd2b-27f64c7423c5', 'f65795d3-6bf5-1014-bd2b-27f64c7423c5', '63e01bf4-32e5-4819-a6c4-48609d0141d6', 'Тест', '', '2011-3-9 21:04:59.848', '2011-3-9 21:04:59.848', 'f');
INSERT INTO "fascicles_indx_rubrics" ("id", "edition", "fascicle", "headline", "tag", "title", "description", "created", "updated", "bydefault") VALUES ('f657e4f8-6bf5-1014-bd2b-27f64c7423c5', '57ea720b-39fb-4e96-bcb6-ae3ebf6d474b', 'f65702a7-6bf5-1014-bd2b-27f64c7423c5', 'f657d4f0-6bf5-1014-bd2b-27f64c7423c5', '5f95b23c-59db-4312-8fe6-57ed0d746781', 'Ресурс', '', '2011-3-9 21:04:59.848', '2011-3-9 21:04:59.848', 'f');
INSERT INTO "fascicles_indx_rubrics" ("id", "edition", "fascicle", "headline", "tag", "title", "description", "created", "updated", "bydefault") VALUES ('f657ea2b-6bf5-1014-bd2b-27f64c7423c5', '57ea720b-39fb-4e96-bcb6-ae3ebf6d474b', 'f65702a7-6bf5-1014-bd2b-27f64c7423c5', 'f657d4f0-6bf5-1014-bd2b-27f64c7423c5', '3e396c3f-04db-4e56-aae6-3397c11e6497', 'Трейд-ин', '', '2011-3-9 21:04:59.848', '2011-3-9 21:04:59.848', 'f');
INSERT INTO "fascicles_indx_rubrics" ("id", "edition", "fascicle", "headline", "tag", "title", "description", "created", "updated", "bydefault") VALUES ('f657ef50-6bf5-1014-bd2b-27f64c7423c5', '57ea720b-39fb-4e96-bcb6-ae3ebf6d474b', 'f65702a7-6bf5-1014-bd2b-27f64c7423c5', 'f657d4f0-6bf5-1014-bd2b-27f64c7423c5', '0eb53f74-b3c3-4e6d-b55c-c8b8befdb009', 'СТО на сто', '', '2011-3-9 21:04:59.848', '2011-3-9 21:04:59.848', 'f');
INSERT INTO "fascicles_indx_rubrics" ("id", "edition", "fascicle", "headline", "tag", "title", "description", "created", "updated", "bydefault") VALUES ('f657f46f-6bf5-1014-bd2b-27f64c7423c5', '57ea720b-39fb-4e96-bcb6-ae3ebf6d474b', 'f65702a7-6bf5-1014-bd2b-27f64c7423c5', 'f657d4f0-6bf5-1014-bd2b-27f64c7423c5', '112cbd6e-42fa-4c66-a599-ef8190b59b6f', 'Обзор трех', '', '2011-3-9 21:04:59.848', '2011-3-9 21:04:59.848', 'f');
INSERT INTO "fascicles_indx_rubrics" ("id", "edition", "fascicle", "headline", "tag", "title", "description", "created", "updated", "bydefault") VALUES ('f657f98a-6bf5-1014-bd2b-27f64c7423c5', '57ea720b-39fb-4e96-bcb6-ae3ebf6d474b', 'f65702a7-6bf5-1014-bd2b-27f64c7423c5', 'f657d4f0-6bf5-1014-bd2b-27f64c7423c5', '1d2080cc-da8d-4138-9733-a721134421cb', 'Слабое звено', '', '2011-3-9 21:04:59.848', '2011-3-9 21:04:59.848', 'f');
INSERT INTO "fascicles_indx_rubrics" ("id", "edition", "fascicle", "headline", "tag", "title", "description", "created", "updated", "bydefault") VALUES ('f657ff52-6bf5-1014-bd2b-27f64c7423c5', '57ea720b-39fb-4e96-bcb6-ae3ebf6d474b', 'f65702a7-6bf5-1014-bd2b-27f64c7423c5', 'f657d4f0-6bf5-1014-bd2b-27f64c7423c5', 'cb7f2059-31a3-4c7c-a883-689ebcead124', 'Покупаем вместе', '', '2011-3-9 21:04:59.848', '2011-3-9 21:04:59.848', 'f');
INSERT INTO "fascicles_indx_rubrics" ("id", "edition", "fascicle", "headline", "tag", "title", "description", "created", "updated", "bydefault") VALUES ('f6581a76-6bf5-1014-bd2b-27f64c7423c5', '57ea720b-39fb-4e96-bcb6-ae3ebf6d474b', 'f65702a7-6bf5-1014-bd2b-27f64c7423c5', 'f65806a2-6bf5-1014-bd2b-27f64c7423c5', 'f31383ac-2fae-4c43-a80c-61cb19caf72d', 'Обзор', '', '2011-3-9 21:04:59.848', '2011-3-9 21:04:59.848', 'f');
INSERT INTO "fascicles_indx_rubrics" ("id", "edition", "fascicle", "headline", "tag", "title", "description", "created", "updated", "bydefault") VALUES ('f6581fd4-6bf5-1014-bd2b-27f64c7423c5', '57ea720b-39fb-4e96-bcb6-ae3ebf6d474b', 'f65702a7-6bf5-1014-bd2b-27f64c7423c5', 'f65806a2-6bf5-1014-bd2b-27f64c7423c5', '9e6fa296-4e19-4cd4-88e8-07965c7fa2c2', 'Противоугонные системы', '', '2011-3-9 21:04:59.848', '2011-3-9 21:04:59.848', 'f');
INSERT INTO "fascicles_indx_rubrics" ("id", "edition", "fascicle", "headline", "tag", "title", "description", "created", "updated", "bydefault") VALUES ('f6582525-6bf5-1014-bd2b-27f64c7423c5', '57ea720b-39fb-4e96-bcb6-ae3ebf6d474b', 'f65702a7-6bf5-1014-bd2b-27f64c7423c5', 'f65806a2-6bf5-1014-bd2b-27f64c7423c5', '45543b5f-871c-4335-8848-8e417bedbe46', 'Детали', '', '2011-3-9 21:04:59.848', '2011-3-9 21:04:59.848', 'f');
INSERT INTO "fascicles_indx_rubrics" ("id", "edition", "fascicle", "headline", "tag", "title", "description", "created", "updated", "bydefault") VALUES ('f6584919-6bf5-1014-bd2b-27f64c7423c5', '57ea720b-39fb-4e96-bcb6-ae3ebf6d474b', 'f65702a7-6bf5-1014-bd2b-27f64c7423c5', 'f6583903-6bf5-1014-bd2b-27f64c7423c5', '0248e53b-0519-4c88-af65-588bb82ec2e8', 'Новости автодилеров', '', '2011-3-9 21:04:59.848', '2011-3-9 21:04:59.848', 'f');
INSERT INTO "fascicles_indx_rubrics" ("id", "edition", "fascicle", "headline", "tag", "title", "description", "created", "updated", "bydefault") VALUES ('f6584ed0-6bf5-1014-bd2b-27f64c7423c5', '57ea720b-39fb-4e96-bcb6-ae3ebf6d474b', 'f65702a7-6bf5-1014-bd2b-27f64c7423c5', 'f6583903-6bf5-1014-bd2b-27f64c7423c5', 'aebbba32-b293-4746-9b7a-d2e44e491a04', 'Автомаршрут', '', '2011-3-9 21:04:59.848', '2011-3-9 21:04:59.848', 'f');
INSERT INTO "fascicles_indx_rubrics" ("id", "edition", "fascicle", "headline", "tag", "title", "description", "created", "updated", "bydefault") VALUES ('f6585403-6bf5-1014-bd2b-27f64c7423c5', '57ea720b-39fb-4e96-bcb6-ae3ebf6d474b', 'f65702a7-6bf5-1014-bd2b-27f64c7423c5', 'f6583903-6bf5-1014-bd2b-27f64c7423c5', '2d7d57b2-aff0-44fa-8431-68b8cb1fc738', 'Глас народа', '', '2011-3-9 21:04:59.848', '2011-3-9 21:04:59.848', 'f');
INSERT INTO "fascicles_indx_rubrics" ("id", "edition", "fascicle", "headline", "tag", "title", "description", "created", "updated", "bydefault") VALUES ('f658d252-6bf5-1014-bd2b-27f64c7423c5', '57ea720b-39fb-4e96-bcb6-ae3ebf6d474b', 'f65702a7-6bf5-1014-bd2b-27f64c7423c5', 'f6583903-6bf5-1014-bd2b-27f64c7423c5', 'b9205f87-11de-4ada-acfe-44c5789cf1d7', 'Страхование', '', '2011-3-9 21:04:59.848', '2011-3-9 21:04:59.848', 'f');
INSERT INTO "fascicles_indx_rubrics" ("id", "edition", "fascicle", "headline", "tag", "title", "description", "created", "updated", "bydefault") VALUES ('f658d92b-6bf5-1014-bd2b-27f64c7423c5', '57ea720b-39fb-4e96-bcb6-ae3ebf6d474b', 'f65702a7-6bf5-1014-bd2b-27f64c7423c5', 'f6583903-6bf5-1014-bd2b-27f64c7423c5', '459b94f6-510e-4a1d-a32f-660d6f243a0b', 'Проблемы трафика', '', '2011-3-9 21:04:59.848', '2011-3-9 21:04:59.848', 'f');
INSERT INTO "fascicles_indx_rubrics" ("id", "edition", "fascicle", "headline", "tag", "title", "description", "created", "updated", "bydefault") VALUES ('f658de5f-6bf5-1014-bd2b-27f64c7423c5', '57ea720b-39fb-4e96-bcb6-ae3ebf6d474b', 'f65702a7-6bf5-1014-bd2b-27f64c7423c5', 'f6583903-6bf5-1014-bd2b-27f64c7423c5', 'fac1f83b-3153-46e2-b8d2-99e45be70f1a', 'Кредит', '', '2011-3-9 21:04:59.848', '2011-3-9 21:04:59.848', 'f');
INSERT INTO "fascicles_indx_rubrics" ("id", "edition", "fascicle", "headline", "tag", "title", "description", "created", "updated", "bydefault") VALUES ('f659025d-6bf5-1014-bd2b-27f64c7423c5', '57ea720b-39fb-4e96-bcb6-ae3ebf6d474b', 'f65702a7-6bf5-1014-bd2b-27f64c7423c5', 'f658f260-6bf5-1014-bd2b-27f64c7423c5', '47ec857a-8f59-4901-b006-84219e1d0445', 'Вопрос-ответ', '', '2011-3-9 21:04:59.848', '2011-3-9 21:04:59.848', 'f');
INSERT INTO "fascicles_indx_rubrics" ("id", "edition", "fascicle", "headline", "tag", "title", "description", "created", "updated", "bydefault") VALUES ('f6590781-6bf5-1014-bd2b-27f64c7423c5', '57ea720b-39fb-4e96-bcb6-ae3ebf6d474b', 'f65702a7-6bf5-1014-bd2b-27f64c7423c5', 'f658f260-6bf5-1014-bd2b-27f64c7423c5', '040641e1-d77d-4df6-9af6-7db15c52f99e', 'Новости тюнинга', '', '2011-3-9 21:04:59.848', '2011-3-9 21:04:59.848', 'f');
INSERT INTO "fascicles_indx_rubrics" ("id", "edition", "fascicle", "headline", "tag", "title", "description", "created", "updated", "bydefault") VALUES ('f6590cad-6bf5-1014-bd2b-27f64c7423c5', '57ea720b-39fb-4e96-bcb6-ae3ebf6d474b', 'f65702a7-6bf5-1014-bd2b-27f64c7423c5', 'f658f260-6bf5-1014-bd2b-27f64c7423c5', 'c59b9522-a715-47d3-939f-0acf34cd3630', 'Спорт', '', '2011-3-9 21:04:59.848', '2011-3-9 21:04:59.848', 'f');
INSERT INTO "fascicles_indx_rubrics" ("id", "edition", "fascicle", "headline", "tag", "title", "description", "created", "updated", "bydefault") VALUES ('f65911d3-6bf5-1014-bd2b-27f64c7423c5', '57ea720b-39fb-4e96-bcb6-ae3ebf6d474b', 'f65702a7-6bf5-1014-bd2b-27f64c7423c5', 'f658f260-6bf5-1014-bd2b-27f64c7423c5', '12808fa7-8a00-4da6-b061-63fc5ce3824d', 'Ретро', '', '2011-3-9 21:04:59.848', '2011-3-9 21:04:59.848', 'f');
INSERT INTO "fascicles_indx_rubrics" ("id", "edition", "fascicle", "headline", "tag", "title", "description", "created", "updated", "bydefault") VALUES ('f65916fb-6bf5-1014-bd2b-27f64c7423c5', '57ea720b-39fb-4e96-bcb6-ae3ebf6d474b', 'f65702a7-6bf5-1014-bd2b-27f64c7423c5', 'f658f260-6bf5-1014-bd2b-27f64c7423c5', 'ef29e068-3f35-49ea-9fac-148021d83f2d', 'Обзоры', '', '2011-3-9 21:04:59.848', '2011-3-9 21:04:59.848', 'f');
INSERT INTO "fascicles_indx_rubrics" ("id", "edition", "fascicle", "headline", "tag", "title", "description", "created", "updated", "bydefault") VALUES ('f6591c1d-6bf5-1014-bd2b-27f64c7423c5', '57ea720b-39fb-4e96-bcb6-ae3ebf6d474b', 'f65702a7-6bf5-1014-bd2b-27f64c7423c5', 'f658f260-6bf5-1014-bd2b-27f64c7423c5', 'd96c2fce-0679-434d-b7f5-6e0ae5aff0bf', 'Тюнинг-тест', '', '2011-3-9 21:04:59.848', '2011-3-9 21:04:59.848', 'f');

INSERT INTO "fascicles_tmpl_pages" ("id", "origin", "fascicle", "title", "description", "bydefault", "w", "h", "created", "updated") VALUES ('f6592ee1-6bf5-1014-bd2b-27f64c7423c5', 'fc672ae4-e0fd-4d9a-8f14-75df8856d248', 'f65702a7-6bf5-1014-bd2b-27f64c7423c5', '6x6', '6x6', 't', '{1/6,2/6,3/6,4/6,5/6}', '{1/6,2/6,3/6,4/6,5/6}', '2011-3-9 21:05:00', '2011-3-9 21:05:00');

INSERT INTO "fascicles_tmpl_modules" ("id", "origin", "fascicle", "page", "title", "description", "amount", "area", "x", "y", "w", "h", "created", "updated") VALUES ('f659623a-6bf5-1014-bd2b-27f64c7423c5', '063d6a66-1112-4810-9184-3242fb80e20e', 'f65702a7-6bf5-1014-bd2b-27f64c7423c5', 'f6592ee1-6bf5-1014-bd2b-27f64c7423c5', '1/3 3x4', '3x4', 1, 0.333333333333333, '1/2', '1/3', '1/2', '2/3', '2011-3-9 21:05:00', '2011-3-9 21:05:00');
INSERT INTO "fascicles_tmpl_modules" ("id", "origin", "fascicle", "page", "title", "description", "amount", "area", "x", "y", "w", "h", "created", "updated") VALUES ('f6597993-6bf5-1014-bd2b-27f64c7423c5', '135944f9-1abb-4291-860d-7049d7a121d6', 'f65702a7-6bf5-1014-bd2b-27f64c7423c5', 'f6592ee1-6bf5-1014-bd2b-27f64c7423c5', '2/3', '4x6', 1, 0.666666666666667, '1/3', '0/1', '2/3', '1/1', '2011-3-9 21:05:00', '2011-3-9 21:05:00');
INSERT INTO "fascicles_tmpl_modules" ("id", "origin", "fascicle", "page", "title", "description", "amount", "area", "x", "y", "w", "h", "created", "updated") VALUES ('f6597f4d-6bf5-1014-bd2b-27f64c7423c5', '2d1d0813-dbcf-481a-b3bf-9cd2b101da02', 'f65702a7-6bf5-1014-bd2b-27f64c7423c5', 'f6592ee1-6bf5-1014-bd2b-27f64c7423c5', '1/18 верт', '1х2', 1, 0.0555555555555556, '5/6', '2/3', '1/6', '1/3', '2011-3-9 21:05:00', '2011-3-9 21:05:00');
INSERT INTO "fascicles_tmpl_modules" ("id", "origin", "fascicle", "page", "title", "description", "amount", "area", "x", "y", "w", "h", "created", "updated") VALUES ('f65984c1-6bf5-1014-bd2b-27f64c7423c5', '4a0575bc-13a6-4b93-8c57-e2c7e8e8437a', 'f65702a7-6bf5-1014-bd2b-27f64c7423c5', 'f6592ee1-6bf5-1014-bd2b-27f64c7423c5', '1/1', '6x6', 1, 1, '0/1', '0/1', '1/1', '1/1', '2011-3-9 21:05:00', '2011-3-9 21:05:00');
INSERT INTO "fascicles_tmpl_modules" ("id", "origin", "fascicle", "page", "title", "description", "amount", "area", "x", "y", "w", "h", "created", "updated") VALUES ('f6598a2a-6bf5-1014-bd2b-27f64c7423c5', '50bf80f3-5f27-4854-9da5-ac75d87903f9', 'f65702a7-6bf5-1014-bd2b-27f64c7423c5', 'f6592ee1-6bf5-1014-bd2b-27f64c7423c5', '1/36', '1х1', 1, 0.0277777777777778, '5/6', '5/6', '1/6', '1/6', '2011-3-9 21:05:00', '2011-3-9 21:05:00');
INSERT INTO "fascicles_tmpl_modules" ("id", "origin", "fascicle", "page", "title", "description", "amount", "area", "x", "y", "w", "h", "created", "updated") VALUES ('f6598f93-6bf5-1014-bd2b-27f64c7423c5', '54928559-19cd-4b85-bd0d-6c79bc827e76', 'f65702a7-6bf5-1014-bd2b-27f64c7423c5', 'f6592ee1-6bf5-1014-bd2b-27f64c7423c5', '1/3 4х3', '4х3', 1, 0.333333333333333, '1/3', '1/2', '2/3', '1/2', '2011-3-9 21:05:00', '2011-3-9 21:05:00');
INSERT INTO "fascicles_tmpl_modules" ("id", "origin", "fascicle", "page", "title", "description", "amount", "area", "x", "y", "w", "h", "created", "updated") VALUES ('f65994f7-6bf5-1014-bd2b-27f64c7423c5', '60304ef4-7df4-4bfc-b2dc-2abcd15bed18', 'f65702a7-6bf5-1014-bd2b-27f64c7423c5', 'f6592ee1-6bf5-1014-bd2b-27f64c7423c5', '2/3', '6х4', 1, 0.666666666666667, '0/1', '1/3', '1/1', '2/3', '2011-3-9 21:05:00', '2011-3-9 21:05:00');
INSERT INTO "fascicles_tmpl_modules" ("id", "origin", "fascicle", "page", "title", "description", "amount", "area", "x", "y", "w", "h", "created", "updated") VALUES ('f6599a5e-6bf5-1014-bd2b-27f64c7423c5', '78690bbb-d79c-4edb-9d3a-850c44de70a3', 'f65702a7-6bf5-1014-bd2b-27f64c7423c5', 'f6592ee1-6bf5-1014-bd2b-27f64c7423c5', '1/6', '6x1', 1, 0.166666666666667, '0/1', '5/6', '1/1', '1/6', '2011-3-9 21:05:00', '2011-3-9 21:05:00');
INSERT INTO "fascicles_tmpl_modules" ("id", "origin", "fascicle", "page", "title", "description", "amount", "area", "x", "y", "w", "h", "created", "updated") VALUES ('f6599fcb-6bf5-1014-bd2b-27f64c7423c5', '92ba7d31-a3da-4dbc-9eb5-92fa8ad6c181', 'f65702a7-6bf5-1014-bd2b-27f64c7423c5', 'f6592ee1-6bf5-1014-bd2b-27f64c7423c5', '1/12 гор', '3х1', 1, 0.0833333333333333, '1/2', '5/6', '1/2', '1/6', '2011-3-9 21:05:00', '2011-3-9 21:05:00');
INSERT INTO "fascicles_tmpl_modules" ("id", "origin", "fascicle", "page", "title", "description", "amount", "area", "x", "y", "w", "h", "created", "updated") VALUES ('f659a534-6bf5-1014-bd2b-27f64c7423c5', '9376f6dc-0d18-49ed-af7a-a63a0ff6db26', 'f65702a7-6bf5-1014-bd2b-27f64c7423c5', 'f6592ee1-6bf5-1014-bd2b-27f64c7423c5', '1/3 гор', '6х2', 1, 0.333333333333333, '0/1', '2/3', '1/1', '1/3', '2011-3-9 21:05:00', '2011-3-9 21:05:00');
INSERT INTO "fascicles_tmpl_modules" ("id", "origin", "fascicle", "page", "title", "description", "amount", "area", "x", "y", "w", "h", "created", "updated") VALUES ('f659aa97-6bf5-1014-bd2b-27f64c7423c5', '996de04c-f145-44d6-82d3-780a9e2b9fba', 'f65702a7-6bf5-1014-bd2b-27f64c7423c5', 'f6592ee1-6bf5-1014-bd2b-27f64c7423c5', '1/4', '3x3', 1, 0.25, '1/2', '1/2', '1/2', '1/2', '2011-3-9 21:05:00', '2011-3-9 21:05:00');
INSERT INTO "fascicles_tmpl_modules" ("id", "origin", "fascicle", "page", "title", "description", "amount", "area", "x", "y", "w", "h", "created", "updated") VALUES ('f659aff2-6bf5-1014-bd2b-27f64c7423c5', '9c9ac11f-d1c0-4662-b578-8bb4daf90c5a', 'f65702a7-6bf5-1014-bd2b-27f64c7423c5', 'f6592ee1-6bf5-1014-bd2b-27f64c7423c5', '1/2 гор', '6x3', 1, 0.5, '0/1', '1/2', '1/1', '1/2', '2011-3-9 21:05:00', '2011-3-9 21:05:00');
INSERT INTO "fascicles_tmpl_modules" ("id", "origin", "fascicle", "page", "title", "description", "amount", "area", "x", "y", "w", "h", "created", "updated") VALUES ('f659b556-6bf5-1014-bd2b-27f64c7423c5', 'a4738d88-bbeb-44c6-accf-7a4eedc4c437', 'f65702a7-6bf5-1014-bd2b-27f64c7423c5', 'f6592ee1-6bf5-1014-bd2b-27f64c7423c5', '1/6', '2x3', 1, 0.166666666666667, '2/3', '1/2', '1/3', '1/2', '2011-3-9 21:05:00', '2011-3-9 21:05:00');
INSERT INTO "fascicles_tmpl_modules" ("id", "origin", "fascicle", "page", "title", "description", "amount", "area", "x", "y", "w", "h", "created", "updated") VALUES ('f659babf-6bf5-1014-bd2b-27f64c7423c5', 'a4e197a2-0ac7-4360-a10c-fc35f2c00ec2', 'f65702a7-6bf5-1014-bd2b-27f64c7423c5', 'f6592ee1-6bf5-1014-bd2b-27f64c7423c5', '1/18 гор', '2х1', 1, 0.0555555555555556, '2/3', '5/6', '1/3', '1/6', '2011-3-9 21:05:00', '2011-3-9 21:05:00');
INSERT INTO "fascicles_tmpl_modules" ("id", "origin", "fascicle", "page", "title", "description", "amount", "area", "x", "y", "w", "h", "created", "updated") VALUES ('f659c022-6bf5-1014-bd2b-27f64c7423c5', 'a9ffbbce-324c-4d0c-a1b7-e86abf3cc58c', 'f65702a7-6bf5-1014-bd2b-27f64c7423c5', 'f6592ee1-6bf5-1014-bd2b-27f64c7423c5', '1/2 верт', '3x6', 1, 0.5, '1/2', '0/1', '1/2', '1/1', '2011-3-9 21:05:00', '2011-3-9 21:05:00');
INSERT INTO "fascicles_tmpl_modules" ("id", "origin", "fascicle", "page", "title", "description", "amount", "area", "x", "y", "w", "h", "created", "updated") VALUES ('f659c588-6bf5-1014-bd2b-27f64c7423c5', 'ac651f6a-29df-4dfe-a9e5-761b8f83765f', 'f65702a7-6bf5-1014-bd2b-27f64c7423c5', 'f6592ee1-6bf5-1014-bd2b-27f64c7423c5', '1/3 верт', '2х6', 1, 0.333333333333333, '2/3', '0/1', '1/3', '1/1', '2011-3-9 21:05:00', '2011-3-9 21:05:00');
INSERT INTO "fascicles_tmpl_modules" ("id", "origin", "fascicle", "page", "title", "description", "amount", "area", "x", "y", "w", "h", "created", "updated") VALUES ('f659caed-6bf5-1014-bd2b-27f64c7423c5', 'adb6059d-aab8-41de-9214-bf73029ae4b3', 'f65702a7-6bf5-1014-bd2b-27f64c7423c5', 'f6592ee1-6bf5-1014-bd2b-27f64c7423c5', '1/9', '2x2', 1, 0.111111111111111, '2/3', '2/3', '1/3', '1/3', '2011-3-9 21:05:00', '2011-3-9 21:05:00');
INSERT INTO "fascicles_tmpl_modules" ("id", "origin", "fascicle", "page", "title", "description", "amount", "area", "x", "y", "w", "h", "created", "updated") VALUES ('f659d054-6bf5-1014-bd2b-27f64c7423c5', 'b063496c-14d4-444c-b6cd-25b3543b0e39', 'f65702a7-6bf5-1014-bd2b-27f64c7423c5', 'f6592ee1-6bf5-1014-bd2b-27f64c7423c5', '1/6', '3x2', 1, 0.166666666666667, '1/2', '2/3', '1/2', '1/3', '2011-3-9 21:05:00', '2011-3-9 21:05:00');
INSERT INTO "fascicles_tmpl_modules" ("id", "origin", "fascicle", "page", "title", "description", "amount", "area", "x", "y", "w", "h", "created", "updated") VALUES ('f659d5b7-6bf5-1014-bd2b-27f64c7423c5', 'e9ce3f62-bf8f-4460-8742-b3e29d27ce29', 'f65702a7-6bf5-1014-bd2b-27f64c7423c5', 'f6592ee1-6bf5-1014-bd2b-27f64c7423c5', 'Разворот', '12х6', 2, 2, '0/1', '0/1', '1/1', '1/1', '2011-3-9 21:05:00', '2011-3-9 21:05:00');
INSERT INTO "fascicles_tmpl_modules" ("id", "origin", "fascicle", "page", "title", "description", "amount", "area", "x", "y", "w", "h", "created", "updated") VALUES ('f659db1d-6bf5-1014-bd2b-27f64c7423c5', 'eff42bcc-e85f-470b-b254-e20e5e1ecaf5', 'f65702a7-6bf5-1014-bd2b-27f64c7423c5', 'f6592ee1-6bf5-1014-bd2b-27f64c7423c5', '1/12 верт', '1х3', 1, 0.0833333333333333, '5/6', '1/2', '1/6', '1/2', '2011-3-9 21:05:00', '2011-3-9 21:05:00');
INSERT INTO "fascicles_tmpl_modules" ("id", "origin", "fascicle", "page", "title", "description", "amount", "area", "x", "y", "w", "h", "created", "updated") VALUES ('f659e19b-6bf5-1014-bd2b-27f64c7423c5', 'f16d54d1-04e8-4374-93fe-4f5afeb9e5cf', 'f65702a7-6bf5-1014-bd2b-27f64c7423c5', 'f6592ee1-6bf5-1014-bd2b-27f64c7423c5', '1/6', '1x6', 1, 0.166666666666667, '5/6', '0/1', '1/6', '1/1', '2011-3-9 21:05:00', '2011-3-9 21:05:00');

INSERT INTO "fascicles_pages" ("id", "edition", "fascicle", "origin", "headline", "seqnum", "w", "h", "created", "updated") VALUES ('fa21b21f-6bf5-1014-bd2b-27f64c7423c5', '57ea720b-39fb-4e96-bcb6-ae3ebf6d474b', 'f65702a7-6bf5-1014-bd2b-27f64c7423c5', 'f6592ee1-6bf5-1014-bd2b-27f64c7423c5', 'f6577408-6bf5-1014-bd2b-27f64c7423c5', 1, '{1/6,2/6,3/6,4/6,5/6}', '{1/6,2/6,3/6,4/6,5/6}', '2011-3-9 21:05:24', '2011-3-9 21:05:24');
INSERT INTO "fascicles_pages" ("id", "edition", "fascicle", "origin", "headline", "seqnum", "w", "h", "created", "updated") VALUES ('fa21d6f7-6bf5-1014-bd2b-27f64c7423c5', '57ea720b-39fb-4e96-bcb6-ae3ebf6d474b', 'f65702a7-6bf5-1014-bd2b-27f64c7423c5', 'f6592ee1-6bf5-1014-bd2b-27f64c7423c5', 'f6577408-6bf5-1014-bd2b-27f64c7423c5', 2, '{1/6,2/6,3/6,4/6,5/6}', '{1/6,2/6,3/6,4/6,5/6}', '2011-3-9 21:05:24', '2011-3-9 21:05:24');
INSERT INTO "fascicles_pages" ("id", "edition", "fascicle", "origin", "headline", "seqnum", "w", "h", "created", "updated") VALUES ('fa21dc2c-6bf5-1014-bd2b-27f64c7423c5', '57ea720b-39fb-4e96-bcb6-ae3ebf6d474b', 'f65702a7-6bf5-1014-bd2b-27f64c7423c5', 'f6592ee1-6bf5-1014-bd2b-27f64c7423c5', 'f6577408-6bf5-1014-bd2b-27f64c7423c5', 3, '{1/6,2/6,3/6,4/6,5/6}', '{1/6,2/6,3/6,4/6,5/6}', '2011-3-9 21:05:24', '2011-3-9 21:05:24');
INSERT INTO "fascicles_pages" ("id", "edition", "fascicle", "origin", "headline", "seqnum", "w", "h", "created", "updated") VALUES ('fa21e132-6bf5-1014-bd2b-27f64c7423c5', '57ea720b-39fb-4e96-bcb6-ae3ebf6d474b', 'f65702a7-6bf5-1014-bd2b-27f64c7423c5', 'f6592ee1-6bf5-1014-bd2b-27f64c7423c5', 'f6577408-6bf5-1014-bd2b-27f64c7423c5', 4, '{1/6,2/6,3/6,4/6,5/6}', '{1/6,2/6,3/6,4/6,5/6}', '2011-3-9 21:05:24', '2011-3-9 21:05:24');
INSERT INTO "fascicles_pages" ("id", "edition", "fascicle", "origin", "headline", "seqnum", "w", "h", "created", "updated") VALUES ('fa21e62f-6bf5-1014-bd2b-27f64c7423c5', '57ea720b-39fb-4e96-bcb6-ae3ebf6d474b', 'f65702a7-6bf5-1014-bd2b-27f64c7423c5', 'f6592ee1-6bf5-1014-bd2b-27f64c7423c5', 'f6577408-6bf5-1014-bd2b-27f64c7423c5', 5, '{1/6,2/6,3/6,4/6,5/6}', '{1/6,2/6,3/6,4/6,5/6}', '2011-3-9 21:05:24', '2011-3-9 21:05:24');
INSERT INTO "fascicles_pages" ("id", "edition", "fascicle", "origin", "headline", "seqnum", "w", "h", "created", "updated") VALUES ('fa21eb2b-6bf5-1014-bd2b-27f64c7423c5', '57ea720b-39fb-4e96-bcb6-ae3ebf6d474b', 'f65702a7-6bf5-1014-bd2b-27f64c7423c5', 'f6592ee1-6bf5-1014-bd2b-27f64c7423c5', 'f6577408-6bf5-1014-bd2b-27f64c7423c5', 6, '{1/6,2/6,3/6,4/6,5/6}', '{1/6,2/6,3/6,4/6,5/6}', '2011-3-9 21:05:24', '2011-3-9 21:05:24');
INSERT INTO "fascicles_pages" ("id", "edition", "fascicle", "origin", "headline", "seqnum", "w", "h", "created", "updated") VALUES ('fa21f02a-6bf5-1014-bd2b-27f64c7423c5', '57ea720b-39fb-4e96-bcb6-ae3ebf6d474b', 'f65702a7-6bf5-1014-bd2b-27f64c7423c5', 'f6592ee1-6bf5-1014-bd2b-27f64c7423c5', 'f6577408-6bf5-1014-bd2b-27f64c7423c5', 7, '{1/6,2/6,3/6,4/6,5/6}', '{1/6,2/6,3/6,4/6,5/6}', '2011-3-9 21:05:24', '2011-3-9 21:05:24');
INSERT INTO "fascicles_pages" ("id", "edition", "fascicle", "origin", "headline", "seqnum", "w", "h", "created", "updated") VALUES ('fa21f525-6bf5-1014-bd2b-27f64c7423c5', '57ea720b-39fb-4e96-bcb6-ae3ebf6d474b', 'f65702a7-6bf5-1014-bd2b-27f64c7423c5', 'f6592ee1-6bf5-1014-bd2b-27f64c7423c5', 'f6577408-6bf5-1014-bd2b-27f64c7423c5', 8, '{1/6,2/6,3/6,4/6,5/6}', '{1/6,2/6,3/6,4/6,5/6}', '2011-3-9 21:05:24', '2011-3-9 21:05:24');
INSERT INTO "fascicles_pages" ("id", "edition", "fascicle", "origin", "headline", "seqnum", "w", "h", "created", "updated") VALUES ('fa21fa27-6bf5-1014-bd2b-27f64c7423c5', '57ea720b-39fb-4e96-bcb6-ae3ebf6d474b', 'f65702a7-6bf5-1014-bd2b-27f64c7423c5', 'f6592ee1-6bf5-1014-bd2b-27f64c7423c5', 'f6577408-6bf5-1014-bd2b-27f64c7423c5', 9, '{1/6,2/6,3/6,4/6,5/6}', '{1/6,2/6,3/6,4/6,5/6}', '2011-3-9 21:05:24', '2011-3-9 21:05:24');
INSERT INTO "fascicles_pages" ("id", "edition", "fascicle", "origin", "headline", "seqnum", "w", "h", "created", "updated") VALUES ('fa21ff2c-6bf5-1014-bd2b-27f64c7423c5', '57ea720b-39fb-4e96-bcb6-ae3ebf6d474b', 'f65702a7-6bf5-1014-bd2b-27f64c7423c5', 'f6592ee1-6bf5-1014-bd2b-27f64c7423c5', 'f6577408-6bf5-1014-bd2b-27f64c7423c5', 10, '{1/6,2/6,3/6,4/6,5/6}', '{1/6,2/6,3/6,4/6,5/6}', '2011-3-9 21:05:24', '2011-3-9 21:05:24');

-- ----------------------------
-- Records of demo member
-- ----------------------------

INSERT INTO "members" ("id", "login", "password", "created", "updated") VALUES ('f8787a1a-cc36-4b60-a437-823a308b64ff', 'demo', '2a97516c354b68848cdbd8f54a226a0a55b21ed138e207ad6c5cbb9c00aa5aea', '2010-12-6 10:48:28.566412', '2010-12-6 10:48:28.566412');

INSERT INTO "profiles" ("id", "title", "shortcut", "job_position", "email", "icq", "skype", "jabber", "phone_work", "phone_mobile", "mobile", "address", "about", "created", "updated") VALUES ('f8787a1a-cc36-4b60-a437-823a308b64ff', 'Demo', 'Demo', 'Demo user', NULL, NULL, NULL, NULL, NULL, NULL, NULL, NULL, NULL, '2010-12-23 18:07:43.346986', '2011-1-20 13:00:33.708331');

INSERT INTO "options" ("member", "option_name", "option_value") VALUES ('f8787a1a-cc36-4b60-a437-823a308b64ff', 'default.workgroup.name', 'Рук-во');
INSERT INTO "options" ("member", "option_name", "option_value") VALUES ('f8787a1a-cc36-4b60-a437-823a308b64ff', 'default.edition.name', 'ГЗР Москва');
INSERT INTO "options" ("member", "option_name", "option_value") VALUES ('f8787a1a-cc36-4b60-a437-823a308b64ff', 'default.edition', '9fd8bed1-14f1-48d1-9f3e-2ab59e6cd047');
INSERT INTO "options" ("member", "option_name", "option_value") VALUES ('f8787a1a-cc36-4b60-a437-823a308b64ff', 'default.workgroup', 'c24d5e12-9b75-4dec-9ce8-1a9672458c32');

INSERT INTO "map_principals_to_stages" ("stage", "catalog", "principal") VALUES ('a17c9ce1-3b9b-400c-8b93-f23ecd2d9acb', '571e983f-cc61-4d48-a761-0c27fa9a9dbc', 'f8787a1a-cc36-4b60-a437-823a308b64ff');

INSERT INTO "map_member_to_catalog" ("member", "catalog") VALUES ('f8787a1a-cc36-4b60-a437-823a308b64ff', '00000000-0000-0000-0000-000000000000');
INSERT INTO "map_member_to_catalog" ("member", "catalog") VALUES ('f8787a1a-cc36-4b60-a437-823a308b64ff', '281190ad-5b20-465d-95d5-ec48c267b8ea');
INSERT INTO "map_member_to_catalog" ("member", "catalog") VALUES ('f8787a1a-cc36-4b60-a437-823a308b64ff', '571e983f-cc61-4d48-a761-0c27fa9a9dbc');
INSERT INTO "map_member_to_catalog" ("member", "catalog") VALUES ('f8787a1a-cc36-4b60-a437-823a308b64ff', 'c24d5e12-9b75-4dec-9ce8-1a9672458c32');

INSERT INTO "map_member_to_rule" ("member", "section", "area", "binding", "term") VALUES ('f8787a1a-cc36-4b60-a437-823a308b64ff', 'catalog', 'member', 'c24d5e12-9b75-4dec-9ce8-1a9672458c32', 'f4ad42ed-b46b-4b4e-859f-1b69b918a64a');
INSERT INTO "map_member_to_rule" ("member", "section", "area", "binding", "term") VALUES ('f8787a1a-cc36-4b60-a437-823a308b64ff', 'domain', 'domain', '00000000-0000-0000-0000-000000000000', '086993e0-56aa-441f-8eaf-437c1c5c9691');
INSERT INTO "map_member_to_rule" ("member", "section", "area", "binding", "term") VALUES ('f8787a1a-cc36-4b60-a437-823a308b64ff', 'domain', 'domain', '00000000-0000-0000-0000-000000000000', '2fde426b-ed30-4376-9a7b-25278e8f104a');
INSERT INTO "map_member_to_rule" ("member", "section", "area", "binding", "term") VALUES ('f8787a1a-cc36-4b60-a437-823a308b64ff', 'editions', 'edition', '57ea720b-39fb-4e96-bcb6-ae3ebf6d474b', '0eecba74-ca40-4b8d-a710-03382483b0f4');
INSERT INTO "map_member_to_rule" ("member", "section", "area", "binding", "term") VALUES ('f8787a1a-cc36-4b60-a437-823a308b64ff', 'domain', 'domain', '00000000-0000-0000-0000-000000000000', 'e55d9548-36fe-4e51-bec2-663235b5383e');
INSERT INTO "map_member_to_rule" ("member", "section", "area", "binding", "term") VALUES ('f8787a1a-cc36-4b60-a437-823a308b64ff', 'domain', 'domain', '00000000-0000-0000-0000-000000000000', 'aa4e74ad-116e-4bb2-a910-899c4f288f40');
INSERT INTO "map_member_to_rule" ("member", "section", "area", "binding", "term") VALUES ('f8787a1a-cc36-4b60-a437-823a308b64ff', 'editions', 'edition', '57ea720b-39fb-4e96-bcb6-ae3ebf6d474b', 'ed9580be-1f36-45d1-9b60-36a2a85e5589');
INSERT INTO "map_member_to_rule" ("member", "section", "area", "binding", "term") VALUES ('f8787a1a-cc36-4b60-a437-823a308b64ff', 'domain', 'domain', '00000000-0000-0000-0000-000000000000', '6406ad57-c889-47c5-acc6-0cd552e9cf5e');
INSERT INTO "map_member_to_rule" ("member", "section", "area", "binding", "term") VALUES ('f8787a1a-cc36-4b60-a437-823a308b64ff', 'catalog', 'group', 'c24d5e12-9b75-4dec-9ce8-1a9672458c32', 'd782679e-3f0a-4499-bda6-8c2600a3e761');
INSERT INTO "map_member_to_rule" ("member", "section", "area", "binding", "term") VALUES ('f8787a1a-cc36-4b60-a437-823a308b64ff', 'editions', 'edition', '57ea720b-39fb-4e96-bcb6-ae3ebf6d474b', '331895b6-5bbf-4222-a3a4-570b02c2aebe');
INSERT INTO "map_member_to_rule" ("member", "section", "area", "binding", "term") VALUES ('f8787a1a-cc36-4b60-a437-823a308b64ff', 'editions', 'edition', '57ea720b-39fb-4e96-bcb6-ae3ebf6d474b', '2d34dbb9-db14-4fe8-a2c8-9a57e328b0b5');
INSERT INTO "map_member_to_rule" ("member", "section", "area", "binding", "term") VALUES ('f8787a1a-cc36-4b60-a437-823a308b64ff', 'catalog', 'member', 'c24d5e12-9b75-4dec-9ce8-1a9672458c32', 'b7adafe9-2d5b-44f3-aa87-681fd48466fa');
INSERT INTO "map_member_to_rule" ("member", "section", "area", "binding", "term") VALUES ('f8787a1a-cc36-4b60-a437-823a308b64ff', 'catalog', 'member', 'c24d5e12-9b75-4dec-9ce8-1a9672458c32', 'ac0a0d95-c4d3-4bd7-93c3-cc0fc230936f');
INSERT INTO "map_member_to_rule" ("member", "section", "area", "binding", "term") VALUES ('f8787a1a-cc36-4b60-a437-823a308b64ff', 'catalog', 'member', 'c24d5e12-9b75-4dec-9ce8-1a9672458c32', 'beba3e8d-86e5-4e98-b3eb-368da28dba5f');
INSERT INTO "map_member_to_rule" ("member", "section", "area", "binding", "term") VALUES ('f8787a1a-cc36-4b60-a437-823a308b64ff', 'catalog', 'member', 'c24d5e12-9b75-4dec-9ce8-1a9672458c32', '3040f8e1-051c-4876-8e8e-0ca4910e7e45');
INSERT INTO "map_member_to_rule" ("member", "section", "area", "binding", "term") VALUES ('f8787a1a-cc36-4b60-a437-823a308b64ff', 'catalog', 'member', 'c24d5e12-9b75-4dec-9ce8-1a9672458c32', '5b27108a-2108-4846-a0a8-3c369f873590');
INSERT INTO "map_member_to_rule" ("member", "section", "area", "binding", "term") VALUES ('f8787a1a-cc36-4b60-a437-823a308b64ff', 'editions', 'edition', '57ea720b-39fb-4e96-bcb6-ae3ebf6d474b', '76323a53-1c22-4ff4-8f19-5e43d5aa0bd4');
INSERT INTO "map_member_to_rule" ("member", "section", "area", "binding", "term") VALUES ('f8787a1a-cc36-4b60-a437-823a308b64ff', 'catalog', 'member', 'c24d5e12-9b75-4dec-9ce8-1a9672458c32', '6d590a90-58a1-447f-b5ad-b0582b64571a');
INSERT INTO "map_member_to_rule" ("member", "section", "area", "binding", "term") VALUES ('f8787a1a-cc36-4b60-a437-823a308b64ff', 'domain', 'domain', '00000000-0000-0000-0000-000000000000', '9d057494-c2c6-41f5-9276-74b33b55c6e3');
INSERT INTO "map_member_to_rule" ("member", "section", "area", "binding", "term") VALUES ('f8787a1a-cc36-4b60-a437-823a308b64ff', 'catalog', 'member', 'c24d5e12-9b75-4dec-9ce8-1a9672458c32', 'bff78ebf-2cba-466e-9e3c-89f13a0882fc');
INSERT INTO "map_member_to_rule" ("member", "section", "area", "binding", "term") VALUES ('f8787a1a-cc36-4b60-a437-823a308b64ff', 'editions', 'edition', '00000000-0000-0000-0000-000000000000', '331895b6-5bbf-4222-a3a4-570b02c2aebe');
INSERT INTO "map_member_to_rule" ("member", "section", "area", "binding", "term") VALUES ('f8787a1a-cc36-4b60-a437-823a308b64ff', 'domain', 'domain', '00000000-0000-0000-0000-000000000000', '32e0bb97-2bae-4ce8-865e-cdf0edb3fd93');
INSERT INTO "map_member_to_rule" ("member", "section", "area", "binding", "term") VALUES ('f8787a1a-cc36-4b60-a437-823a308b64ff', 'catalog', 'member', 'c24d5e12-9b75-4dec-9ce8-1a9672458c32', 'fe9cd446-2f4b-4844-9b91-5092c0cabece');
INSERT INTO "map_member_to_rule" ("member", "section", "area", "binding", "term") VALUES ('f8787a1a-cc36-4b60-a437-823a308b64ff', 'editions', 'edition', '57ea720b-39fb-4e96-bcb6-ae3ebf6d474b', '133743df-52ab-4277-b320-3ede5222cb12');
INSERT INTO "map_member_to_rule" ("member", "section", "area", "binding", "term") VALUES ('f8787a1a-cc36-4b60-a437-823a308b64ff', 'catalog', 'member', 'c24d5e12-9b75-4dec-9ce8-1a9672458c32', '6d590a90-58a1-447f-b5ad-e3c62f80a2ef');
INSERT INTO "map_member_to_rule" ("member", "section", "area", "binding", "term") VALUES ('f8787a1a-cc36-4b60-a437-823a308b64ff', 'domain', 'domain', '00000000-0000-0000-0000-000000000000', '2a3cae11-23ea-41c3-bdb8-d3dfdc0d486a');
INSERT INTO "map_member_to_rule" ("member", "section", "area", "binding", "term") VALUES ('f8787a1a-cc36-4b60-a437-823a308b64ff', 'editions', 'edition', '57ea720b-39fb-4e96-bcb6-ae3ebf6d474b', '52dc7f72-2057-43c0-831d-55e458d84f39');
INSERT INTO "map_member_to_rule" ("member", "section", "area", "binding", "term") VALUES ('f8787a1a-cc36-4b60-a437-823a308b64ff', 'catalog', 'member', 'c24d5e12-9b75-4dec-9ce8-1a9672458c32', '6033984a-a762-4392-b086-a8d2cdac4221');
INSERT INTO "map_member_to_rule" ("member", "section", "area", "binding", "term") VALUES ('f8787a1a-cc36-4b60-a437-823a308b64ff', 'catalog', 'member', 'c24d5e12-9b75-4dec-9ce8-1a9672458c32', 'ee992171-d275-4d24-8def-7ff02adec408');
INSERT INTO "map_member_to_rule" ("member", "section", "area", "binding", "term") VALUES ('f8787a1a-cc36-4b60-a437-823a308b64ff', 'catalog', 'member', 'c24d5e12-9b75-4dec-9ce8-1a9672458c32', 'b946bd84-93fc-4a70-b325-d23c2804b2e9');

COMMIT;