/*
Inprint 5.0 DEMO database
Date: 2011-02-22 21:06:19
*/

BEGIN;

-- ----------------------------
-- Records of ad_advertisers
-- ----------------------------
INSERT INTO "ad_advertisers" ("id", "edition", "serialnum", "title", "shortcut", "description", "address", "contact", "phones", "inn", "kpp", "bank", "rs", "ks", "bik", "created", "updated") VALUES ('44d2fdfe-b28f-4c67-80c7-e609bfdce267', '57ea720b-39fb-4e96-bcb6-ae3ebf6d474b', 2, 'Genser', 'Genser', 'Genser', '', '', '', '', '', '', '', '', '', '2011-2-28 11:15:59', '2011-2-28 11:15:59');
INSERT INTO "ad_advertisers" ("id", "edition", "serialnum", "title", "shortcut", "description", "address", "contact", "phones", "inn", "kpp", "bank", "rs", "ks", "bik", "created", "updated") VALUES ('5344c537-04f2-408c-bdef-d80f80a07b8a', '57ea720b-39fb-4e96-bcb6-ae3ebf6d474b', 1, 'СОРОКИН', 'СОРОКИН', 'СОРОКИН', '', '', '', '', '', '', '', '', '', '2011-2-28 11:14:42', '2011-2-28 11:14:42');

-- ----------------------------
-- Records of ad_index
-- ----------------------------
INSERT INTO "ad_index" ("id", "edition", "place", "nature", "entity", "created", "updated") VALUES ('011da184-a8a0-4812-8cb0-067472d7295d', '9fd8bed1-14f1-48d1-9f3e-2ab59e6cd047', '2481b4af-4c8a-4a57-bd06-6e7e57834add', 'module', '9376f6dc-0d18-49ed-af7a-a63a0ff6db26', '2011-3-1 15:14:55', '2011-3-1 15:14:55');
INSERT INTO "ad_index" ("id", "edition", "place", "nature", "entity", "created", "updated") VALUES ('02818cac-93ea-4f10-84de-5f82b16303e5', '9fd8bed1-14f1-48d1-9f3e-2ab59e6cd047', '2481b4af-4c8a-4a57-bd06-6e7e57834add', 'module', 'a9ffbbce-324c-4d0c-a1b7-e86abf3cc58c', '2011-3-1 15:14:55', '2011-3-1 15:14:55');
INSERT INTO "ad_index" ("id", "edition", "place", "nature", "entity", "created", "updated") VALUES ('03b48191-02c9-47cf-adca-2789a9de824a', '9fd8bed1-14f1-48d1-9f3e-2ab59e6cd047', '2481b4af-4c8a-4a57-bd06-6e7e57834add', 'module', '50bf80f3-5f27-4854-9da5-ac75d87903f9', '2011-3-1 15:14:55', '2011-3-1 15:14:55');
INSERT INTO "ad_index" ("id", "edition", "place", "nature", "entity", "created", "updated") VALUES ('04b6ad71-e0ea-43d3-9221-ef4d549e90d0', '9fd8bed1-14f1-48d1-9f3e-2ab59e6cd047', '2481b4af-4c8a-4a57-bd06-6e7e57834add', 'module', '54928559-19cd-4b85-bd0d-6c79bc827e76', '2011-3-1 15:14:55', '2011-3-1 15:14:55');
INSERT INTO "ad_index" ("id", "edition", "place", "nature", "entity", "created", "updated") VALUES ('0c5acef4-e07c-4d9d-99f6-c77430982a0f', '9fd8bed1-14f1-48d1-9f3e-2ab59e6cd047', '65b02a4f-9baa-4955-b7f3-5a5ca7884ca2', 'module', 'a9ffbbce-324c-4d0c-a1b7-e86abf3cc58c', '2011-3-1 15:20:27', '2011-3-1 15:20:27');
INSERT INTO "ad_index" ("id", "edition", "place", "nature", "entity", "created", "updated") VALUES ('11c47b43-4327-4cbc-a803-4aeea2b12093', '9fd8bed1-14f1-48d1-9f3e-2ab59e6cd047', '65b02a4f-9baa-4955-b7f3-5a5ca7884ca2', 'headline', '00000000-0000-0000-0000-000000000000', '2011-3-1 15:20:31', '2011-3-1 15:20:31');
INSERT INTO "ad_index" ("id", "edition", "place", "nature", "entity", "created", "updated") VALUES ('14a3ec1a-657e-4998-a2bb-c3a1e87a6e5d', '9fd8bed1-14f1-48d1-9f3e-2ab59e6cd047', '65b02a4f-9baa-4955-b7f3-5a5ca7884ca2', 'module', '4a0575bc-13a6-4b93-8c57-e2c7e8e8437a', '2011-3-1 15:20:27', '2011-3-1 15:20:27');
INSERT INTO "ad_index" ("id", "edition", "place", "nature", "entity", "created", "updated") VALUES ('1988365c-3eaa-41bf-9282-a2b8ea3fe72c', '9fd8bed1-14f1-48d1-9f3e-2ab59e6cd047', '65b02a4f-9baa-4955-b7f3-5a5ca7884ca2', 'module', '78690bbb-d79c-4edb-9d3a-850c44de70a3', '2011-3-1 15:20:27', '2011-3-1 15:20:27');
INSERT INTO "ad_index" ("id", "edition", "place", "nature", "entity", "created", "updated") VALUES ('22b01b41-0a66-41f8-b4bd-74fb335c9267', '9fd8bed1-14f1-48d1-9f3e-2ab59e6cd047', '2481b4af-4c8a-4a57-bd06-6e7e57834add', 'module', 'b063496c-14d4-444c-b6cd-25b3543b0e39', '2011-3-1 15:14:55', '2011-3-1 15:14:55');
INSERT INTO "ad_index" ("id", "edition", "place", "nature", "entity", "created", "updated") VALUES ('26521725-6269-4b5c-ad78-b5c94d98553d', '9fd8bed1-14f1-48d1-9f3e-2ab59e6cd047', '2481b4af-4c8a-4a57-bd06-6e7e57834add', 'module', '2d1d0813-dbcf-481a-b3bf-9cd2b101da02', '2011-3-1 15:14:55', '2011-3-1 15:14:55');
INSERT INTO "ad_index" ("id", "edition", "place", "nature", "entity", "created", "updated") VALUES ('26733ce9-e54c-4fd6-81c3-c9bcd73750f1', '9fd8bed1-14f1-48d1-9f3e-2ab59e6cd047', '65b02a4f-9baa-4955-b7f3-5a5ca7884ca2', 'module', '92ba7d31-a3da-4dbc-9eb5-92fa8ad6c181', '2011-3-1 15:20:27', '2011-3-1 15:20:27');
INSERT INTO "ad_index" ("id", "edition", "place", "nature", "entity", "created", "updated") VALUES ('2e1cd075-c02d-40cc-a31d-971e11ddcca9', '9fd8bed1-14f1-48d1-9f3e-2ab59e6cd047', '65b02a4f-9baa-4955-b7f3-5a5ca7884ca2', 'module', 'a4e197a2-0ac7-4360-a10c-fc35f2c00ec2', '2011-3-1 15:20:27', '2011-3-1 15:20:27');
INSERT INTO "ad_index" ("id", "edition", "place", "nature", "entity", "created", "updated") VALUES ('317b1ae8-c1d4-41ea-bb0c-7e0465c48772', '9fd8bed1-14f1-48d1-9f3e-2ab59e6cd047', '65b02a4f-9baa-4955-b7f3-5a5ca7884ca2', 'module', 'eff42bcc-e85f-470b-b254-e20e5e1ecaf5', '2011-3-1 15:20:27', '2011-3-1 15:20:27');
INSERT INTO "ad_index" ("id", "edition", "place", "nature", "entity", "created", "updated") VALUES ('360f5b93-6ec4-49da-848c-6d3802ae3324', '9fd8bed1-14f1-48d1-9f3e-2ab59e6cd047', '2481b4af-4c8a-4a57-bd06-6e7e57834add', 'module', 'a4e197a2-0ac7-4360-a10c-fc35f2c00ec2', '2011-3-1 15:14:55', '2011-3-1 15:14:55');
INSERT INTO "ad_index" ("id", "edition", "place", "nature", "entity", "created", "updated") VALUES ('3980431d-9371-4c7d-8646-82a7d46ede93', '9fd8bed1-14f1-48d1-9f3e-2ab59e6cd047', '65b02a4f-9baa-4955-b7f3-5a5ca7884ca2', 'module', '50bf80f3-5f27-4854-9da5-ac75d87903f9', '2011-3-1 15:20:27', '2011-3-1 15:20:27');
INSERT INTO "ad_index" ("id", "edition", "place", "nature", "entity", "created", "updated") VALUES ('3ca81b0d-d0ea-45d0-a4ac-29c621e148c9', '9fd8bed1-14f1-48d1-9f3e-2ab59e6cd047', '2481b4af-4c8a-4a57-bd06-6e7e57834add', 'module', 'a4738d88-bbeb-44c6-accf-7a4eedc4c437', '2011-3-1 15:14:55', '2011-3-1 15:14:55');
INSERT INTO "ad_index" ("id", "edition", "place", "nature", "entity", "created", "updated") VALUES ('3d696bee-2090-4efc-8487-6b230386411f', '9fd8bed1-14f1-48d1-9f3e-2ab59e6cd047', '65b02a4f-9baa-4955-b7f3-5a5ca7884ca2', 'module', 'a4738d88-bbeb-44c6-accf-7a4eedc4c437', '2011-3-1 15:20:27', '2011-3-1 15:20:27');
INSERT INTO "ad_index" ("id", "edition", "place", "nature", "entity", "created", "updated") VALUES ('426866e8-3e8f-43f6-82ea-2024f6baa996', '9fd8bed1-14f1-48d1-9f3e-2ab59e6cd047', '65b02a4f-9baa-4955-b7f3-5a5ca7884ca2', 'module', '54928559-19cd-4b85-bd0d-6c79bc827e76', '2011-3-1 15:20:27', '2011-3-1 15:20:27');
INSERT INTO "ad_index" ("id", "edition", "place", "nature", "entity", "created", "updated") VALUES ('427c1c03-1788-4199-95c5-6ed27317dff8', '9fd8bed1-14f1-48d1-9f3e-2ab59e6cd047', '2481b4af-4c8a-4a57-bd06-6e7e57834add', 'headline', '7cf86bdf-187d-4d48-b6fa-b03824c65e58', '2011-3-1 15:20:17', '2011-3-1 15:20:17');
INSERT INTO "ad_index" ("id", "edition", "place", "nature", "entity", "created", "updated") VALUES ('4d992c2d-5ddc-47c4-ab0d-24665cb9c366', '9fd8bed1-14f1-48d1-9f3e-2ab59e6cd047', '2481b4af-4c8a-4a57-bd06-6e7e57834add', 'module', '063d6a66-1112-4810-9184-3242fb80e20e', '2011-3-1 15:14:55', '2011-3-1 15:14:55');
INSERT INTO "ad_index" ("id", "edition", "place", "nature", "entity", "created", "updated") VALUES ('4f0b533e-3ed7-4e31-8043-aebc4e43ad5f', '9fd8bed1-14f1-48d1-9f3e-2ab59e6cd047', '65b02a4f-9baa-4955-b7f3-5a5ca7884ca2', 'module', '2d1d0813-dbcf-481a-b3bf-9cd2b101da02', '2011-3-1 15:20:27', '2011-3-1 15:20:27');
INSERT INTO "ad_index" ("id", "edition", "place", "nature", "entity", "created", "updated") VALUES ('56046e9e-de79-4c9c-b2ac-75cf37149596', '9fd8bed1-14f1-48d1-9f3e-2ab59e6cd047', '65b02a4f-9baa-4955-b7f3-5a5ca7884ca2', 'module', '9c9ac11f-d1c0-4662-b578-8bb4daf90c5a', '2011-3-1 15:20:27', '2011-3-1 15:20:27');
INSERT INTO "ad_index" ("id", "edition", "place", "nature", "entity", "created", "updated") VALUES ('5ad4c8eb-5392-4782-8531-64da48f1ed7d', '9fd8bed1-14f1-48d1-9f3e-2ab59e6cd047', '65b02a4f-9baa-4955-b7f3-5a5ca7884ca2', 'headline', '1baadab9-fa24-42d5-a735-814d289d05ed', '2011-3-1 15:20:31', '2011-3-1 15:20:31');
INSERT INTO "ad_index" ("id", "edition", "place", "nature", "entity", "created", "updated") VALUES ('60a0641b-8fc2-43e5-b971-0b446d3b0be2', '9fd8bed1-14f1-48d1-9f3e-2ab59e6cd047', '65b02a4f-9baa-4955-b7f3-5a5ca7884ca2', 'module', '9376f6dc-0d18-49ed-af7a-a63a0ff6db26', '2011-3-1 15:20:27', '2011-3-1 15:20:27');
INSERT INTO "ad_index" ("id", "edition", "place", "nature", "entity", "created", "updated") VALUES ('61324f15-eac2-4296-b1c4-9da7943da576', '9fd8bed1-14f1-48d1-9f3e-2ab59e6cd047', '2481b4af-4c8a-4a57-bd06-6e7e57834add', 'headline', '1baadab9-fa24-42d5-a735-814d289d05ed', '2011-3-1 15:20:17', '2011-3-1 15:20:17');
INSERT INTO "ad_index" ("id", "edition", "place", "nature", "entity", "created", "updated") VALUES ('675ad9d0-1338-4adc-aedd-83dcd8cfc258', '9fd8bed1-14f1-48d1-9f3e-2ab59e6cd047', '65b02a4f-9baa-4955-b7f3-5a5ca7884ca2', 'module', '135944f9-1abb-4291-860d-7049d7a121d6', '2011-3-1 15:20:27', '2011-3-1 15:20:27');
INSERT INTO "ad_index" ("id", "edition", "place", "nature", "entity", "created", "updated") VALUES ('6c146a16-8098-4e90-9004-6c0dc6425dd9', '9fd8bed1-14f1-48d1-9f3e-2ab59e6cd047', '2481b4af-4c8a-4a57-bd06-6e7e57834add', 'module', 'e9ce3f62-bf8f-4460-8742-b3e29d27ce29', '2011-3-1 15:14:55', '2011-3-1 15:14:55');
INSERT INTO "ad_index" ("id", "edition", "place", "nature", "entity", "created", "updated") VALUES ('72645b3d-45c3-41cb-b330-90c644ecebf9', '9fd8bed1-14f1-48d1-9f3e-2ab59e6cd047', '2481b4af-4c8a-4a57-bd06-6e7e57834add', 'module', 'eff42bcc-e85f-470b-b254-e20e5e1ecaf5', '2011-3-1 15:14:55', '2011-3-1 15:14:55');
INSERT INTO "ad_index" ("id", "edition", "place", "nature", "entity", "created", "updated") VALUES ('742a12ec-e58b-48f5-88af-c6b3e8fa49ca', '9fd8bed1-14f1-48d1-9f3e-2ab59e6cd047', '2481b4af-4c8a-4a57-bd06-6e7e57834add', 'module', 'adb6059d-aab8-41de-9214-bf73029ae4b3', '2011-3-1 15:14:55', '2011-3-1 15:14:55');
INSERT INTO "ad_index" ("id", "edition", "place", "nature", "entity", "created", "updated") VALUES ('7f1da265-8c38-4751-9c72-c7ff8ee3df4d', '9fd8bed1-14f1-48d1-9f3e-2ab59e6cd047', '2481b4af-4c8a-4a57-bd06-6e7e57834add', 'headline', 'a06df8c6-f787-4dbc-b065-6269bcc1d517', '2011-3-1 15:20:17', '2011-3-1 15:20:17');
INSERT INTO "ad_index" ("id", "edition", "place", "nature", "entity", "created", "updated") VALUES ('80802cdf-cd42-4bab-b332-14a1babdeb4f', '9fd8bed1-14f1-48d1-9f3e-2ab59e6cd047', '65b02a4f-9baa-4955-b7f3-5a5ca7884ca2', 'headline', 'a06df8c6-f787-4dbc-b065-6269bcc1d517', '2011-3-1 15:20:31', '2011-3-1 15:20:31');
INSERT INTO "ad_index" ("id", "edition", "place", "nature", "entity", "created", "updated") VALUES ('841d36f3-268b-4b16-be19-22f8ec68de1e', '9fd8bed1-14f1-48d1-9f3e-2ab59e6cd047', '65b02a4f-9baa-4955-b7f3-5a5ca7884ca2', 'module', 'e9ce3f62-bf8f-4460-8742-b3e29d27ce29', '2011-3-1 15:20:27', '2011-3-1 15:20:27');
INSERT INTO "ad_index" ("id", "edition", "place", "nature", "entity", "created", "updated") VALUES ('84ed62a6-4bb3-4f05-97d9-1697a3c3337f', '9fd8bed1-14f1-48d1-9f3e-2ab59e6cd047', '2481b4af-4c8a-4a57-bd06-6e7e57834add', 'headline', '409ce373-8b99-4e8b-a541-4e4ff0b8fef1', '2011-3-1 15:20:17', '2011-3-1 15:20:17');
INSERT INTO "ad_index" ("id", "edition", "place", "nature", "entity", "created", "updated") VALUES ('8a28d12a-173e-4518-a84f-3e1bd8a41ad9', '9fd8bed1-14f1-48d1-9f3e-2ab59e6cd047', '2481b4af-4c8a-4a57-bd06-6e7e57834add', 'module', '996de04c-f145-44d6-82d3-780a9e2b9fba', '2011-3-1 15:14:55', '2011-3-1 15:14:55');
INSERT INTO "ad_index" ("id", "edition", "place", "nature", "entity", "created", "updated") VALUES ('9217ab01-afe7-44dd-8ebb-0b57cc174cf8', '9fd8bed1-14f1-48d1-9f3e-2ab59e6cd047', '2481b4af-4c8a-4a57-bd06-6e7e57834add', 'module', 'ac651f6a-29df-4dfe-a9e5-761b8f83765f', '2011-3-1 15:14:55', '2011-3-1 15:14:55');
INSERT INTO "ad_index" ("id", "edition", "place", "nature", "entity", "created", "updated") VALUES ('94efe10c-8a7f-46cb-9fa5-9bcd0be984ed', '9fd8bed1-14f1-48d1-9f3e-2ab59e6cd047', '65b02a4f-9baa-4955-b7f3-5a5ca7884ca2', 'module', '063d6a66-1112-4810-9184-3242fb80e20e', '2011-3-1 15:20:27', '2011-3-1 15:20:27');
INSERT INTO "ad_index" ("id", "edition", "place", "nature", "entity", "created", "updated") VALUES ('96949c97-358a-4388-bda0-337af8e69c8a', '9fd8bed1-14f1-48d1-9f3e-2ab59e6cd047', '2481b4af-4c8a-4a57-bd06-6e7e57834add', 'module', '4a0575bc-13a6-4b93-8c57-e2c7e8e8437a', '2011-3-1 15:14:55', '2011-3-1 15:14:55');
INSERT INTO "ad_index" ("id", "edition", "place", "nature", "entity", "created", "updated") VALUES ('9e908ea4-1c90-44b2-9bdd-1be181a7987e', '9fd8bed1-14f1-48d1-9f3e-2ab59e6cd047', '2481b4af-4c8a-4a57-bd06-6e7e57834add', 'module', 'f16d54d1-04e8-4374-93fe-4f5afeb9e5cf', '2011-3-1 15:14:55', '2011-3-1 15:14:55');
INSERT INTO "ad_index" ("id", "edition", "place", "nature", "entity", "created", "updated") VALUES ('9f5cfb30-a119-4161-9335-0c86896e2111', '9fd8bed1-14f1-48d1-9f3e-2ab59e6cd047', '2481b4af-4c8a-4a57-bd06-6e7e57834add', 'headline', '00000000-0000-0000-0000-000000000000', '2011-3-1 15:20:17', '2011-3-1 15:20:17');
INSERT INTO "ad_index" ("id", "edition", "place", "nature", "entity", "created", "updated") VALUES ('a1d1278d-e223-4870-8bbe-cfce89576db4', '9fd8bed1-14f1-48d1-9f3e-2ab59e6cd047', '2481b4af-4c8a-4a57-bd06-6e7e57834add', 'headline', 'c243e564-c9c9-492d-8f23-aea555c9cb16', '2011-3-1 15:20:17', '2011-3-1 15:20:17');
INSERT INTO "ad_index" ("id", "edition", "place", "nature", "entity", "created", "updated") VALUES ('a33e4ee0-8189-4940-85b8-91a84a033c66', '9fd8bed1-14f1-48d1-9f3e-2ab59e6cd047', '2481b4af-4c8a-4a57-bd06-6e7e57834add', 'module', '78690bbb-d79c-4edb-9d3a-850c44de70a3', '2011-3-1 15:14:55', '2011-3-1 15:14:55');
INSERT INTO "ad_index" ("id", "edition", "place", "nature", "entity", "created", "updated") VALUES ('a3c95a89-bd53-47b4-be81-a154f965c0d7', '9fd8bed1-14f1-48d1-9f3e-2ab59e6cd047', '65b02a4f-9baa-4955-b7f3-5a5ca7884ca2', 'module', 'adb6059d-aab8-41de-9214-bf73029ae4b3', '2011-3-1 15:20:27', '2011-3-1 15:20:27');
INSERT INTO "ad_index" ("id", "edition", "place", "nature", "entity", "created", "updated") VALUES ('a3ee55f9-1fc5-4ecf-b9da-ccde582868a9', '9fd8bed1-14f1-48d1-9f3e-2ab59e6cd047', '2481b4af-4c8a-4a57-bd06-6e7e57834add', 'headline', '2fd26735-b14d-4fde-97ea-6d57496d52d3', '2011-3-1 15:20:17', '2011-3-1 15:20:17');
INSERT INTO "ad_index" ("id", "edition", "place", "nature", "entity", "created", "updated") VALUES ('a719068a-3654-4549-b77e-1fdf5a1ab70b', '9fd8bed1-14f1-48d1-9f3e-2ab59e6cd047', '65b02a4f-9baa-4955-b7f3-5a5ca7884ca2', 'headline', 'c243e564-c9c9-492d-8f23-aea555c9cb16', '2011-3-1 15:20:31', '2011-3-1 15:20:31');
INSERT INTO "ad_index" ("id", "edition", "place", "nature", "entity", "created", "updated") VALUES ('a71f57f5-1e1b-4e79-b8db-3aa605160872', '9fd8bed1-14f1-48d1-9f3e-2ab59e6cd047', '2481b4af-4c8a-4a57-bd06-6e7e57834add', 'module', '60304ef4-7df4-4bfc-b2dc-2abcd15bed18', '2011-3-1 15:14:55', '2011-3-1 15:14:55');
INSERT INTO "ad_index" ("id", "edition", "place", "nature", "entity", "created", "updated") VALUES ('aa7b1e14-5587-40cb-9a5c-a1f461e384cf', '9fd8bed1-14f1-48d1-9f3e-2ab59e6cd047', '65b02a4f-9baa-4955-b7f3-5a5ca7884ca2', 'module', 'f16d54d1-04e8-4374-93fe-4f5afeb9e5cf', '2011-3-1 15:20:27', '2011-3-1 15:20:27');
INSERT INTO "ad_index" ("id", "edition", "place", "nature", "entity", "created", "updated") VALUES ('ab482063-3e25-4e76-816a-f2c7c36b45a5', '9fd8bed1-14f1-48d1-9f3e-2ab59e6cd047', '65b02a4f-9baa-4955-b7f3-5a5ca7884ca2', 'headline', '7cf86bdf-187d-4d48-b6fa-b03824c65e58', '2011-3-1 15:20:31', '2011-3-1 15:20:31');
INSERT INTO "ad_index" ("id", "edition", "place", "nature", "entity", "created", "updated") VALUES ('af8c427d-0826-4fc9-bbc1-7bf6f7285526', '9fd8bed1-14f1-48d1-9f3e-2ab59e6cd047', '65b02a4f-9baa-4955-b7f3-5a5ca7884ca2', 'module', '60304ef4-7df4-4bfc-b2dc-2abcd15bed18', '2011-3-1 15:20:27', '2011-3-1 15:20:27');
INSERT INTO "ad_index" ("id", "edition", "place", "nature", "entity", "created", "updated") VALUES ('c91ff2dd-008b-4389-936d-c2bd6984e07c', '9fd8bed1-14f1-48d1-9f3e-2ab59e6cd047', '65b02a4f-9baa-4955-b7f3-5a5ca7884ca2', 'headline', '2fd26735-b14d-4fde-97ea-6d57496d52d3', '2011-3-1 15:20:31', '2011-3-1 15:20:31');
INSERT INTO "ad_index" ("id", "edition", "place", "nature", "entity", "created", "updated") VALUES ('ca1a2644-15a5-48cf-be5b-c3a1e4cf13e5', '9fd8bed1-14f1-48d1-9f3e-2ab59e6cd047', '65b02a4f-9baa-4955-b7f3-5a5ca7884ca2', 'module', 'ac651f6a-29df-4dfe-a9e5-761b8f83765f', '2011-3-1 15:20:27', '2011-3-1 15:20:27');
INSERT INTO "ad_index" ("id", "edition", "place", "nature", "entity", "created", "updated") VALUES ('cbc97bab-a311-47ca-8a62-ffcd3b6d4940', '9fd8bed1-14f1-48d1-9f3e-2ab59e6cd047', '65b02a4f-9baa-4955-b7f3-5a5ca7884ca2', 'headline', 'ca27a3d1-3161-47d8-890a-7627595bb33b', '2011-3-1 15:20:31', '2011-3-1 15:20:31');
INSERT INTO "ad_index" ("id", "edition", "place", "nature", "entity", "created", "updated") VALUES ('cbf1aa79-92b2-4216-8da0-46bdd2e2fbc5', '9fd8bed1-14f1-48d1-9f3e-2ab59e6cd047', '2481b4af-4c8a-4a57-bd06-6e7e57834add', 'module', '135944f9-1abb-4291-860d-7049d7a121d6', '2011-3-1 15:14:55', '2011-3-1 15:14:55');
INSERT INTO "ad_index" ("id", "edition", "place", "nature", "entity", "created", "updated") VALUES ('ce6bf282-0769-475e-aee7-2f5286aecc85', '9fd8bed1-14f1-48d1-9f3e-2ab59e6cd047', '2481b4af-4c8a-4a57-bd06-6e7e57834add', 'headline', 'ca27a3d1-3161-47d8-890a-7627595bb33b', '2011-3-1 15:20:17', '2011-3-1 15:20:17');
INSERT INTO "ad_index" ("id", "edition", "place", "nature", "entity", "created", "updated") VALUES ('d281931d-744b-4c32-892a-c3c38deef376', '9fd8bed1-14f1-48d1-9f3e-2ab59e6cd047', '65b02a4f-9baa-4955-b7f3-5a5ca7884ca2', 'module', 'b063496c-14d4-444c-b6cd-25b3543b0e39', '2011-3-1 15:20:27', '2011-3-1 15:20:27');
INSERT INTO "ad_index" ("id", "edition", "place", "nature", "entity", "created", "updated") VALUES ('d3dac849-1a75-4ac3-98ca-889ae2027965', '9fd8bed1-14f1-48d1-9f3e-2ab59e6cd047', '65b02a4f-9baa-4955-b7f3-5a5ca7884ca2', 'module', '996de04c-f145-44d6-82d3-780a9e2b9fba', '2011-3-1 15:20:27', '2011-3-1 15:20:27');
INSERT INTO "ad_index" ("id", "edition", "place", "nature", "entity", "created", "updated") VALUES ('e9250de3-d311-47a1-bf53-7bb348927b64', '9fd8bed1-14f1-48d1-9f3e-2ab59e6cd047', '2481b4af-4c8a-4a57-bd06-6e7e57834add', 'module', '9c9ac11f-d1c0-4662-b578-8bb4daf90c5a', '2011-3-1 15:14:55', '2011-3-1 15:14:55');
INSERT INTO "ad_index" ("id", "edition", "place", "nature", "entity", "created", "updated") VALUES ('eaa060a4-ce6f-4b76-bd8c-45ef0912f3a3', '9fd8bed1-14f1-48d1-9f3e-2ab59e6cd047', '2481b4af-4c8a-4a57-bd06-6e7e57834add', 'module', '92ba7d31-a3da-4dbc-9eb5-92fa8ad6c181', '2011-3-1 15:14:55', '2011-3-1 15:14:55');
INSERT INTO "ad_index" ("id", "edition", "place", "nature", "entity", "created", "updated") VALUES ('f9478bfb-b3d9-4984-85df-6e0834a6e42b', '9fd8bed1-14f1-48d1-9f3e-2ab59e6cd047', '65b02a4f-9baa-4955-b7f3-5a5ca7884ca2', 'headline', '409ce373-8b99-4e8b-a541-4e4ff0b8fef1', '2011-3-1 15:20:31', '2011-3-1 15:20:31');

-- ----------------------------
-- Records of ad_modules
-- ----------------------------
INSERT INTO "ad_modules" ("id", "edition", "page", "title", "description", "amount", "area", "x", "y", "w", "h", "created", "updated") VALUES ('063d6a66-1112-4810-9184-3242fb80e20e', '57ea720b-39fb-4e96-bcb6-ae3ebf6d474b', 'fc672ae4-e0fd-4d9a-8f14-75df8856d248', '1/3 3x4', '3x4', 1, 0.333333333333333, '1/2', '1/3', '1/2', '2/3', '2011-3-1 14:12:24', '2011-3-1 14:12:24');
INSERT INTO "ad_modules" ("id", "edition", "page", "title", "description", "amount", "area", "x", "y", "w", "h", "created", "updated") VALUES ('135944f9-1abb-4291-860d-7049d7a121d6', '57ea720b-39fb-4e96-bcb6-ae3ebf6d474b', 'fc672ae4-e0fd-4d9a-8f14-75df8856d248', '2/3', '4x6', 1, 0.666666666666667, '1/3', '0/1', '2/3', '1/1', '2011-3-1 12:19:43', '2011-3-1 12:19:43');
INSERT INTO "ad_modules" ("id", "edition", "page", "title", "description", "amount", "area", "x", "y", "w", "h", "created", "updated") VALUES ('2d1d0813-dbcf-481a-b3bf-9cd2b101da02', '57ea720b-39fb-4e96-bcb6-ae3ebf6d474b', 'fc672ae4-e0fd-4d9a-8f14-75df8856d248', '1/18 верт', '1х2', 1, 0.0555555555555556, '5/6', '2/3', '1/6', '1/3', '2011-3-1 14:15:38', '2011-3-1 14:15:38');
INSERT INTO "ad_modules" ("id", "edition", "page", "title", "description", "amount", "area", "x", "y", "w", "h", "created", "updated") VALUES ('4a0575bc-13a6-4b93-8c57-e2c7e8e8437a', '57ea720b-39fb-4e96-bcb6-ae3ebf6d474b', 'fc672ae4-e0fd-4d9a-8f14-75df8856d248', '1/1', '6x6', 1, 1, '0/1', '0/1', '1/1', '1/1', '2011-3-1 12:14:58', '2011-3-1 12:19:17');
INSERT INTO "ad_modules" ("id", "edition", "page", "title", "description", "amount", "area", "x", "y", "w", "h", "created", "updated") VALUES ('50bf80f3-5f27-4854-9da5-ac75d87903f9', '57ea720b-39fb-4e96-bcb6-ae3ebf6d474b', 'fc672ae4-e0fd-4d9a-8f14-75df8856d248', '1/36', '1х1', 1, 0.0277777777777778, '5/6', '5/6', '1/6', '1/6', '2011-3-1 14:16:21', '2011-3-1 14:16:21');
INSERT INTO "ad_modules" ("id", "edition", "page", "title", "description", "amount", "area", "x", "y", "w", "h", "created", "updated") VALUES ('54928559-19cd-4b85-bd0d-6c79bc827e76', '57ea720b-39fb-4e96-bcb6-ae3ebf6d474b', 'fc672ae4-e0fd-4d9a-8f14-75df8856d248', '1/3 4х3', '4х3', 1, 0.333333333333333, '1/3', '1/2', '2/3', '1/2', '2011-3-1 12:22:01', '2011-3-1 12:22:01');
INSERT INTO "ad_modules" ("id", "edition", "page", "title", "description", "amount", "area", "x", "y", "w", "h", "created", "updated") VALUES ('60304ef4-7df4-4bfc-b2dc-2abcd15bed18', '57ea720b-39fb-4e96-bcb6-ae3ebf6d474b', 'fc672ae4-e0fd-4d9a-8f14-75df8856d248', '2/3', '6х4', 1, 0.666666666666667, '0/1', '1/3', '1/1', '2/3', '2011-3-1 12:18:54', '2011-3-1 12:18:54');
INSERT INTO "ad_modules" ("id", "edition", "page", "title", "description", "amount", "area", "x", "y", "w", "h", "created", "updated") VALUES ('78690bbb-d79c-4edb-9d3a-850c44de70a3', '57ea720b-39fb-4e96-bcb6-ae3ebf6d474b', 'fc672ae4-e0fd-4d9a-8f14-75df8856d248', '1/6', '6x1', 1, 0.166666666666667, '0/1', '5/6', '1/1', '1/6', '2011-3-1 14:13:23', '2011-3-1 14:13:23');
INSERT INTO "ad_modules" ("id", "edition", "page", "title", "description", "amount", "area", "x", "y", "w", "h", "created", "updated") VALUES ('92ba7d31-a3da-4dbc-9eb5-92fa8ad6c181', '57ea720b-39fb-4e96-bcb6-ae3ebf6d474b', 'fc672ae4-e0fd-4d9a-8f14-75df8856d248', '1/12 гор', '3х1', 1, 0.0833333333333333, '1/2', '5/6', '1/2', '1/6', '2011-3-1 14:15:12', '2011-3-1 14:15:12');
INSERT INTO "ad_modules" ("id", "edition", "page", "title", "description", "amount", "area", "x", "y", "w", "h", "created", "updated") VALUES ('9376f6dc-0d18-49ed-af7a-a63a0ff6db26', '57ea720b-39fb-4e96-bcb6-ae3ebf6d474b', 'fc672ae4-e0fd-4d9a-8f14-75df8856d248', '1/3 гор', '6х2', 1, 0.333333333333333, '0/1', '2/3', '1/1', '1/3', '2011-3-1 12:21:12', '2011-3-1 12:21:12');
INSERT INTO "ad_modules" ("id", "edition", "page", "title", "description", "amount", "area", "x", "y", "w", "h", "created", "updated") VALUES ('996de04c-f145-44d6-82d3-780a9e2b9fba', '57ea720b-39fb-4e96-bcb6-ae3ebf6d474b', 'fc672ae4-e0fd-4d9a-8f14-75df8856d248', '1/4', '3x3', 1, 0.25, '1/2', '1/2', '1/2', '1/2', '2011-3-1 14:12:47', '2011-3-1 14:12:47');
INSERT INTO "ad_modules" ("id", "edition", "page", "title", "description", "amount", "area", "x", "y", "w", "h", "created", "updated") VALUES ('9c9ac11f-d1c0-4662-b578-8bb4daf90c5a', '57ea720b-39fb-4e96-bcb6-ae3ebf6d474b', 'fc672ae4-e0fd-4d9a-8f14-75df8856d248', '1/2 гор', '6x3', 1, 0.5, '0/1', '1/2', '1/1', '1/2', '2011-3-1 12:20:10', '2011-3-1 12:20:44');
INSERT INTO "ad_modules" ("id", "edition", "page", "title", "description", "amount", "area", "x", "y", "w", "h", "created", "updated") VALUES ('a4738d88-bbeb-44c6-accf-7a4eedc4c437', '57ea720b-39fb-4e96-bcb6-ae3ebf6d474b', 'fc672ae4-e0fd-4d9a-8f14-75df8856d248', '1/6', '2x3', 1, 0.166666666666667, '2/3', '1/2', '1/3', '1/2', '2011-3-1 14:14:00', '2011-3-1 14:14:00');
INSERT INTO "ad_modules" ("id", "edition", "page", "title", "description", "amount", "area", "x", "y", "w", "h", "created", "updated") VALUES ('a4e197a2-0ac7-4360-a10c-fc35f2c00ec2', '57ea720b-39fb-4e96-bcb6-ae3ebf6d474b', 'fc672ae4-e0fd-4d9a-8f14-75df8856d248', '1/18 гор', '2х1', 1, 0.0555555555555556, '2/3', '5/6', '1/3', '1/6', '2011-3-1 14:15:59', '2011-3-1 14:15:59');
INSERT INTO "ad_modules" ("id", "edition", "page", "title", "description", "amount", "area", "x", "y", "w", "h", "created", "updated") VALUES ('a9ffbbce-324c-4d0c-a1b7-e86abf3cc58c', '57ea720b-39fb-4e96-bcb6-ae3ebf6d474b', 'fc672ae4-e0fd-4d9a-8f14-75df8856d248', '1/2 верт', '3x6', 1, 0.5, '1/2', '0/1', '1/2', '1/1', '2011-3-1 12:20:36', '2011-3-1 12:20:36');
INSERT INTO "ad_modules" ("id", "edition", "page", "title", "description", "amount", "area", "x", "y", "w", "h", "created", "updated") VALUES ('ac651f6a-29df-4dfe-a9e5-761b8f83765f', '57ea720b-39fb-4e96-bcb6-ae3ebf6d474b', 'fc672ae4-e0fd-4d9a-8f14-75df8856d248', '1/3 верт', '2х6', 1, 0.333333333333333, '2/3', '0/1', '1/3', '1/1', '2011-3-1 12:21:27', '2011-3-1 12:21:27');
INSERT INTO "ad_modules" ("id", "edition", "page", "title", "description", "amount", "area", "x", "y", "w", "h", "created", "updated") VALUES ('adb6059d-aab8-41de-9214-bf73029ae4b3', '57ea720b-39fb-4e96-bcb6-ae3ebf6d474b', 'fc672ae4-e0fd-4d9a-8f14-75df8856d248', '1/9', '2x2', 1, 0.111111111111111, '2/3', '2/3', '1/3', '1/3', '2011-3-1 14:14:19', '2011-3-1 14:14:19');
INSERT INTO "ad_modules" ("id", "edition", "page", "title", "description", "amount", "area", "x", "y", "w", "h", "created", "updated") VALUES ('b063496c-14d4-444c-b6cd-25b3543b0e39', '57ea720b-39fb-4e96-bcb6-ae3ebf6d474b', 'fc672ae4-e0fd-4d9a-8f14-75df8856d248', '1/6', '3x2', 1, 0.166666666666667, '1/2', '2/3', '1/2', '1/3', '2011-3-1 14:13:44', '2011-3-1 14:13:44');
INSERT INTO "ad_modules" ("id", "edition", "page", "title", "description", "amount", "area", "x", "y", "w", "h", "created", "updated") VALUES ('e9ce3f62-bf8f-4460-8742-b3e29d27ce29', '57ea720b-39fb-4e96-bcb6-ae3ebf6d474b', 'fc672ae4-e0fd-4d9a-8f14-75df8856d248', 'Разворот', '12х6', 2, 2, '0/1', '0/1', '1/1', '1/1', '2011-3-1 14:16:50', '2011-3-1 14:16:50');
INSERT INTO "ad_modules" ("id", "edition", "page", "title", "description", "amount", "area", "x", "y", "w", "h", "created", "updated") VALUES ('eff42bcc-e85f-470b-b254-e20e5e1ecaf5', '57ea720b-39fb-4e96-bcb6-ae3ebf6d474b', 'fc672ae4-e0fd-4d9a-8f14-75df8856d248', '1/12 верт', '1х3', 1, 0.0833333333333333, '5/6', '1/2', '1/6', '1/2', '2011-3-1 14:14:47', '2011-3-1 14:14:47');
INSERT INTO "ad_modules" ("id", "edition", "page", "title", "description", "amount", "area", "x", "y", "w", "h", "created", "updated") VALUES ('f16d54d1-04e8-4374-93fe-4f5afeb9e5cf', '57ea720b-39fb-4e96-bcb6-ae3ebf6d474b', 'fc672ae4-e0fd-4d9a-8f14-75df8856d248', '1/6', '1x6', 1, 0.166666666666667, '5/6', '0/1', '1/6', '1/1', '2011-3-1 14:13:11', '2011-3-1 14:13:11');

-- ----------------------------
-- Records of ad_pages
-- ----------------------------
INSERT INTO "ad_pages" ("id", "edition", "title", "description", "bydefault", "w", "h", "created", "updated") VALUES ('fc672ae4-e0fd-4d9a-8f14-75df8856d248', '57ea720b-39fb-4e96-bcb6-ae3ebf6d474b', '6x6', '6x6', 't', '{1/6,2/6,3/6,4/6,5/6}', '{1/6,2/6,3/6,4/6,5/6}', '2011-3-1 12:14:46', '2011-3-1 12:14:46');

-- ----------------------------
-- Records of ad_places
-- ----------------------------
INSERT INTO "ad_places" ("id", "edition", "title", "description", "created", "updated") VALUES ('2481b4af-4c8a-4a57-bd06-6e7e57834add', '9fd8bed1-14f1-48d1-9f3e-2ab59e6cd047', '1 часть', 'Первая часть', '2011-3-1 15:14:07', '2011-3-1 15:14:36');
INSERT INTO "ad_places" ("id", "edition", "title", "description", "created", "updated") VALUES ('65b02a4f-9baa-4955-b7f3-5a5ca7884ca2', '9fd8bed1-14f1-48d1-9f3e-2ab59e6cd047', '2 часть', 'Вторая часть', '2011-3-1 15:14:29', '2011-3-1 15:14:29');


COMMIT;