/*
Inprint 5.0 DEMO database
Date: 2011-02-22 21:06:19
*/

BEGIN;

-- ----------------------------
-- Records of fascicles
-- ----------------------------

INSERT INTO fascicles( id, edition, parent, fastype, variation, shortcut, description, circulation, pnum, anum, manager, enabled, archived, flagdoc, flagadv, datedoc, dateadv, dateprint, dateout, created, updated)
    VALUES ('99999999-9999-9999-9999-999999999999', '00000000-0000-0000-0000-000000000000', '00000000-0000-0000-0000-000000000000', 'system', '00000000-0000-0000-0000-000000000000', 'Корзина', 'Корзина', 0, 0, 0, null, true, false, 'bydate', 'bydate', '2020-01-01 00:00:00+00', '2020-01-01 00:00:00+00', '2020-01-01 00:00:00+00', '2020-01-01 00:00:00+00', now(), now());

INSERT INTO fascicles( id, edition, parent, fastype, variation, shortcut, description, circulation, pnum, anum, manager, enabled, archived, flagdoc, flagadv, datedoc, dateadv, dateprint, dateout, created, updated)
    VALUES ('00000000-0000-0000-0000-000000000000', '00000000-0000-0000-0000-000000000000', '00000000-0000-0000-0000-000000000000', 'system', '00000000-0000-0000-0000-000000000000', 'Портфель', 'Портфель', 0, 0, 0, null, true, false, 'bydate', 'bydate', '2020-01-01 00:00:00+00', '2020-01-01 00:00:00+00', '2020-01-01 00:00:00+00', '2020-01-01 00:00:00+00', now(), now());

-- ----------------------------
-- Indexation
-- ----------------------------

INSERT INTO "fascicles_indx_headlines" ("id", "edition", "fascicle", "tag", "bydefault", "title", "description", "created", "updated") VALUES ('01f31d78-718d-4f68-ba20-e31dea93ecbb', '00000000-0000-0000-0000-000000000000', '00000000-0000-0000-0000-000000000000', '343846da-84e3-4585-b105-d99ea4ce90ae', 'f', 'Детали, компоненты', '', '2011-1-20 11:03:59.524331', '2011-1-20 11:03:59.524331');
INSERT INTO "fascicles_indx_headlines" ("id", "edition", "fascicle", "tag", "bydefault", "title", "description", "created", "updated") VALUES ('413f1d08-365b-4f27-ac14-e5f2fe70f6ce', '00000000-0000-0000-0000-000000000000', '00000000-0000-0000-0000-000000000000', '941e8c24-43ae-4179-8727-0f077e1f54f8', 'f', 'Тюнинг', '', '2011-1-20 11:03:59.372331', '2011-1-20 11:03:59.372331');
INSERT INTO "fascicles_indx_headlines" ("id", "edition", "fascicle", "tag", "bydefault", "title", "description", "created", "updated") VALUES ('849d052a-8728-4273-aefe-abf6598bf5ba', '00000000-0000-0000-0000-000000000000', '00000000-0000-0000-0000-000000000000', '00000000-0000-0000-0000-000000000000', 'f', '--', '', '2011-1-20 11:03:59.272331', '2011-1-20 11:03:59.272331');
INSERT INTO "fascicles_indx_headlines" ("id", "edition", "fascicle", "tag", "bydefault", "title", "description", "created", "updated") VALUES ('a70a09be-81a6-44e3-ae5a-6e1cce774517', '00000000-0000-0000-0000-000000000000', '00000000-0000-0000-0000-000000000000', 'c59b9522-a715-47d3-939f-0acf34cd3630', 'f', 'Спорт', '', '2011-1-21 04:54:22.822214', '2011-1-21 04:54:22.822214');
INSERT INTO "fascicles_indx_headlines" ("id", "edition", "fascicle", "tag", "bydefault", "title", "description", "created", "updated") VALUES ('a746a160-e294-4ad7-b989-58b17757e893', '00000000-0000-0000-0000-000000000000', '00000000-0000-0000-0000-000000000000', '12808fa7-8a00-4da6-b061-63fc5ce3824d', 'f', 'Ретро', '', '2011-1-21 04:54:14.662214', '2011-1-21 04:54:14.662214');
INSERT INTO "fascicles_indx_headlines" ("id", "edition", "fascicle", "tag", "bydefault", "title", "description", "created", "updated") VALUES ('b9b0bb2e-130e-4c38-ae4f-1957c3dd5324', '00000000-0000-0000-0000-000000000000', '00000000-0000-0000-0000-000000000000', '0435e346-1d68-4800-9e5e-c6429fea91fc', 'f', 'Авто с пробегом', '', '2011-1-20 11:04:00.260331', '2011-1-20 11:04:00.260331');
INSERT INTO "fascicles_indx_headlines" ("id", "edition", "fascicle", "tag", "bydefault", "title", "description", "created", "updated") VALUES ('be9610cb-3493-4eeb-999e-c66524c53b1b', '00000000-0000-0000-0000-000000000000', '00000000-0000-0000-0000-000000000000', '61c72cb9-5a3b-4d17-90fd-d72cb1317ed3', 'f', 'Автомобиль', '', '2011-1-20 11:03:59.644331', '2011-1-20 11:03:59.644331');
INSERT INTO "fascicles_indx_headlines" ("id", "edition", "fascicle", "tag", "bydefault", "title", "description", "created", "updated") VALUES ('fcb2d311-9cbb-4260-ba25-1ad4adbd6089', '00000000-0000-0000-0000-000000000000', '00000000-0000-0000-0000-000000000000', 'a956d336-002d-469d-b552-8151366cacbf', 'f', 'Город и автомобиль', '', '2011-1-20 11:03:59.336331', '2011-1-20 11:03:59.336331');

INSERT INTO "fascicles_indx_rubrics" ("id", "edition", "fascicle", "headline", "tag", "title", "description", "created", "updated", "bydefault") VALUES ('00a1947d-b0ad-4ef1-a022-59b0bd80b44b', '00000000-0000-0000-0000-000000000000', '00000000-0000-0000-0000-000000000000', '413f1d08-365b-4f27-ac14-e5f2fe70f6ce', '47ec857a-8f59-4901-b006-84219e1d0445', 'Вопрос-ответ', '', '2011-1-20 11:03:59.408331', '2011-1-20 11:03:59.408331', 'f');
INSERT INTO "fascicles_indx_rubrics" ("id", "edition", "fascicle", "headline", "tag", "title", "description", "created", "updated", "bydefault") VALUES ('1f77497a-7ef0-44e9-a089-2ef5409308a6', '00000000-0000-0000-0000-000000000000', '00000000-0000-0000-0000-000000000000', 'be9610cb-3493-4eeb-999e-c66524c53b1b', '238f669c-4a78-4ed6-a876-bf1c2124e57f', 'Новости', '', '2011-1-20 11:04:00.008331', '2011-1-20 11:04:00.008331', 'f');
INSERT INTO "fascicles_indx_rubrics" ("id", "edition", "fascicle", "headline", "tag", "title", "description", "created", "updated", "bydefault") VALUES ('2cab8701-a5e0-486f-ba30-7d610e457f83', '00000000-0000-0000-0000-000000000000', '00000000-0000-0000-0000-000000000000', 'b9b0bb2e-130e-4c38-ae4f-1957c3dd5324', '3e396c3f-04db-4e56-aae6-3397c11e6497', 'Трейд-ин', '', '2011-1-20 11:04:00.964331', '2011-1-20 11:04:00.964331', 'f');
INSERT INTO "fascicles_indx_rubrics" ("id", "edition", "fascicle", "headline", "tag", "title", "description", "created", "updated", "bydefault") VALUES ('2d53edd5-e244-44a3-940e-be99837949c1', '00000000-0000-0000-0000-000000000000', '00000000-0000-0000-0000-000000000000', 'be9610cb-3493-4eeb-999e-c66524c53b1b', 'fac1f83b-3153-46e2-b8d2-99e45be70f1a', 'Кредит', '', '2011-1-20 11:03:59.740331', '2011-1-20 11:03:59.740331', 'f');
INSERT INTO "fascicles_indx_rubrics" ("id", "edition", "fascicle", "headline", "tag", "title", "description", "created", "updated", "bydefault") VALUES ('395c362f-6438-4b2f-aa3a-76a4165cb98a', '00000000-0000-0000-0000-000000000000', '00000000-0000-0000-0000-000000000000', '849d052a-8728-4273-aefe-abf6598bf5ba', '00000000-0000-0000-0000-000000000000', '--', '', '2011-1-20 11:03:59.284331', '2011-1-20 11:03:59.284331', 'f');
INSERT INTO "fascicles_indx_rubrics" ("id", "edition", "fascicle", "headline", "tag", "title", "description", "created", "updated", "bydefault") VALUES ('3db155ca-4d20-4839-803b-6d13bb378a94', '00000000-0000-0000-0000-000000000000', '00000000-0000-0000-0000-000000000000', 'b9b0bb2e-130e-4c38-ae4f-1957c3dd5324', '5f95b23c-59db-4312-8fe6-57ed0d746781', 'Ресурс', '', '2011-1-20 11:04:00.564331', '2011-1-20 11:04:00.564331', 'f');
INSERT INTO "fascicles_indx_rubrics" ("id", "edition", "fascicle", "headline", "tag", "title", "description", "created", "updated", "bydefault") VALUES ('4b51d5b0-f538-435f-b332-07d66e4f5341', '00000000-0000-0000-0000-000000000000', '00000000-0000-0000-0000-000000000000', '413f1d08-365b-4f27-ac14-e5f2fe70f6ce', 'd96c2fce-0679-434d-b7f5-6e0ae5aff0bf', 'Тюнинг-тест', '', '2011-1-20 11:04:01.040331', '2011-1-20 11:04:01.040331', 'f');
INSERT INTO "fascicles_indx_rubrics" ("id", "edition", "fascicle", "headline", "tag", "title", "description", "created", "updated", "bydefault") VALUES ('4d6f07a0-0662-491c-bbc6-6084055b5cc1', '00000000-0000-0000-0000-000000000000', '00000000-0000-0000-0000-000000000000', '01f31d78-718d-4f68-ba20-e31dea93ecbb', '9e6fa296-4e19-4cd4-88e8-07965c7fa2c2', 'Противоугонные системы', '', '2011-1-20 11:04:00.492331', '2011-1-20 11:04:00.492331', 'f');
INSERT INTO "fascicles_indx_rubrics" ("id", "edition", "fascicle", "headline", "tag", "title", "description", "created", "updated", "bydefault") VALUES ('4d7933b3-7217-4d43-a841-e13e7d4f0ff8', '00000000-0000-0000-0000-000000000000', '00000000-0000-0000-0000-000000000000', '413f1d08-365b-4f27-ac14-e5f2fe70f6ce', 'ef29e068-3f35-49ea-9fac-148021d83f2d', 'Обзоры', '', '2011-1-20 11:04:00.344331', '2011-1-20 11:04:00.344331', 'f');
INSERT INTO "fascicles_indx_rubrics" ("id", "edition", "fascicle", "headline", "tag", "title", "description", "created", "updated", "bydefault") VALUES ('50124249-27c2-4635-b8c1-f3cff867d44c', '00000000-0000-0000-0000-000000000000', '00000000-0000-0000-0000-000000000000', 'fcb2d311-9cbb-4260-ba25-1ad4adbd6089', '459b94f6-510e-4a1d-a32f-660d6f243a0b', 'Проблемы трафика', '', '2011-1-20 11:04:00.436331', '2011-1-20 11:04:00.436331', 'f');
INSERT INTO "fascicles_indx_rubrics" ("id", "edition", "fascicle", "headline", "tag", "title", "description", "created", "updated", "bydefault") VALUES ('5371b307-8351-4bdd-ac41-920abf96307b', '00000000-0000-0000-0000-000000000000', '00000000-0000-0000-0000-000000000000', 'b9b0bb2e-130e-4c38-ae4f-1957c3dd5324', 'cb7f2059-31a3-4c7c-a883-689ebcead124', 'Покупаем вместе', '', '2011-1-20 11:04:00.376331', '2011-1-20 11:04:00.376331', 'f');
INSERT INTO "fascicles_indx_rubrics" ("id", "edition", "fascicle", "headline", "tag", "title", "description", "created", "updated", "bydefault") VALUES ('62813106-f037-4b3b-89b9-b96afca23fba', '00000000-0000-0000-0000-000000000000', '00000000-0000-0000-0000-000000000000', 'be9610cb-3493-4eeb-999e-c66524c53b1b', '97c62fad-2f24-4456-88b6-b33ace4a3d49', 'Лонг-тест', '', '2011-1-20 11:03:59.916331', '2011-1-20 11:03:59.916331', 'f');
INSERT INTO "fascicles_indx_rubrics" ("id", "edition", "fascicle", "headline", "tag", "title", "description", "created", "updated", "bydefault") VALUES ('66dc7b7f-8e75-44a1-b0be-3365c2812a86', '00000000-0000-0000-0000-000000000000', '00000000-0000-0000-0000-000000000000', 'b9b0bb2e-130e-4c38-ae4f-1957c3dd5324', '1d2080cc-da8d-4138-9733-a721134421cb', 'Слабое звено', '', '2011-1-20 11:04:00.664331', '2011-1-20 11:04:00.664331', 'f');
INSERT INTO "fascicles_indx_rubrics" ("id", "edition", "fascicle", "headline", "tag", "title", "description", "created", "updated", "bydefault") VALUES ('71c12d67-f09c-4f48-9fc4-834052d62a81', '00000000-0000-0000-0000-000000000000', '00000000-0000-0000-0000-000000000000', 'b9b0bb2e-130e-4c38-ae4f-1957c3dd5324', 'eacf75b8-df00-413b-974b-778f3df43674', 'СТО на сто', '', '2011-1-20 11:04:00.792331', '2011-1-20 11:04:00.792331', 'f');
INSERT INTO "fascicles_indx_rubrics" ("id", "edition", "fascicle", "headline", "tag", "title", "description", "created", "updated", "bydefault") VALUES ('7f122156-643a-4dc8-8cd2-8579ea6ef017', '00000000-0000-0000-0000-000000000000', '00000000-0000-0000-0000-000000000000', 'be9610cb-3493-4eeb-999e-c66524c53b1b', '9ad4a879-bae7-47c0-af5d-94955c8333ed', 'Модификация', '', '2011-1-20 11:03:59.944331', '2011-1-20 11:03:59.944331', 'f');
INSERT INTO "fascicles_indx_rubrics" ("id", "edition", "fascicle", "headline", "tag", "title", "description", "created", "updated", "bydefault") VALUES ('86e8ded2-122f-4eb3-911d-c299b12a41e6', '00000000-0000-0000-0000-000000000000', '00000000-0000-0000-0000-000000000000', 'be9610cb-3493-4eeb-999e-c66524c53b1b', '29808152-8d46-41a4-9856-11ec4d9af8ef', 'Титульная тема', '', '2011-1-20 11:04:00.904331', '2011-1-20 11:04:00.904331', 'f');
INSERT INTO "fascicles_indx_rubrics" ("id", "edition", "fascicle", "headline", "tag", "title", "description", "created", "updated", "bydefault") VALUES ('907ec26a-ea89-46b1-8a0b-43fc29895225', '00000000-0000-0000-0000-000000000000', '00000000-0000-0000-0000-000000000000', 'fcb2d311-9cbb-4260-ba25-1ad4adbd6089', '2d7d57b2-aff0-44fa-8431-68b8cb1fc738', 'Глас народа', '', '2011-1-20 11:03:59.480331', '2011-1-20 11:03:59.480331', 'f');
INSERT INTO "fascicles_indx_rubrics" ("id", "edition", "fascicle", "headline", "tag", "title", "description", "created", "updated", "bydefault") VALUES ('918893fb-bae0-4b85-8534-566f3b5a827c', '00000000-0000-0000-0000-000000000000', '00000000-0000-0000-0000-000000000000', 'be9610cb-3493-4eeb-999e-c66524c53b1b', '63e01bf4-32e5-4819-a6c4-48609d0141d6', 'Тест', '', '2011-1-20 11:04:00.860331', '2011-1-20 11:04:00.860331', 'f');
INSERT INTO "fascicles_indx_rubrics" ("id", "edition", "fascicle", "headline", "tag", "title", "description", "created", "updated", "bydefault") VALUES ('95223b42-5715-4a85-b0c7-c8e0d8256ffd', '00000000-0000-0000-0000-000000000000', '00000000-0000-0000-0000-000000000000', '01f31d78-718d-4f68-ba20-e31dea93ecbb', 'f31383ac-2fae-4c43-a80c-61cb19caf72d', 'Обзор', '', '2011-1-20 11:04:00.204331', '2011-1-20 11:04:00.204331', 'f');
INSERT INTO "fascicles_indx_rubrics" ("id", "edition", "fascicle", "headline", "tag", "title", "description", "created", "updated", "bydefault") VALUES ('9925af57-e66a-4586-8ee1-af47be1a02a3', '00000000-0000-0000-0000-000000000000', '00000000-0000-0000-0000-000000000000', 'be9610cb-3493-4eeb-999e-c66524c53b1b', '62bbe45c-4bbe-49f5-b2fd-561fcbb151ba', 'За эти деньги', '', '2011-1-20 11:03:59.656331', '2011-1-20 11:03:59.656331', 'f');
INSERT INTO "fascicles_indx_rubrics" ("id", "edition", "fascicle", "headline", "tag", "title", "description", "created", "updated", "bydefault") VALUES ('9ac85253-0362-4be7-be0d-f5ddaa20ceb0', '00000000-0000-0000-0000-000000000000', '00000000-0000-0000-0000-000000000000', 'b9b0bb2e-130e-4c38-ae4f-1957c3dd5324', '112cbd6e-42fa-4c66-a599-ef8190b59b6f', 'Обзор трех', '', '2011-1-20 11:04:00.276331', '2011-1-20 11:04:00.276331', 'f');
INSERT INTO "fascicles_indx_rubrics" ("id", "edition", "fascicle", "headline", "tag", "title", "description", "created", "updated", "bydefault") VALUES ('b97d5bd1-9767-4559-9b17-a8a7a90b0562', '00000000-0000-0000-0000-000000000000', '00000000-0000-0000-0000-000000000000', 'be9610cb-3493-4eeb-999e-c66524c53b1b', '817f2107-d322-4dce-bc0a-8ee7d534fd3c', 'Сравнительный тест', '', '2011-1-20 11:04:00.752331', '2011-1-20 11:04:00.752331', 'f');
INSERT INTO "fascicles_indx_rubrics" ("id", "edition", "fascicle", "headline", "tag", "title", "description", "created", "updated", "bydefault") VALUES ('c7faced2-d09e-4936-9039-98d71551343c', '00000000-0000-0000-0000-000000000000', '00000000-0000-0000-0000-000000000000', '01f31d78-718d-4f68-ba20-e31dea93ecbb', '45543b5f-871c-4335-8848-8e417bedbe46', 'Детали', '', '2011-1-20 11:03:59.600331', '2011-1-20 11:03:59.600331', 'f');
INSERT INTO "fascicles_indx_rubrics" ("id", "edition", "fascicle", "headline", "tag", "title", "description", "created", "updated", "bydefault") VALUES ('d0ec6bd1-2b5b-4a2e-b8f7-3fa65d654608', '00000000-0000-0000-0000-000000000000', '00000000-0000-0000-0000-000000000000', 'fcb2d311-9cbb-4260-ba25-1ad4adbd6089', 'aebbba32-b293-4746-9b7a-d2e44e491a04', 'Автомаршрут', '', '2011-1-20 11:03:59.352331', '2011-1-20 11:03:59.352331', 'f');
INSERT INTO "fascicles_indx_rubrics" ("id", "edition", "fascicle", "headline", "tag", "title", "description", "created", "updated", "bydefault") VALUES ('d2063c5f-97d7-4074-8f64-87ac159315f5', '00000000-0000-0000-0000-000000000000', '00000000-0000-0000-0000-000000000000', 'fcb2d311-9cbb-4260-ba25-1ad4adbd6089', 'b9205f87-11de-4ada-acfe-44c5789cf1d7', 'Страхование', '', '2011-1-20 11:04:00.828331', '2011-1-20 11:04:00.828331', 'f');
INSERT INTO "fascicles_indx_rubrics" ("id", "edition", "fascicle", "headline", "tag", "title", "description", "created", "updated", "bydefault") VALUES ('d89180db-5ecf-448d-895c-edf2dcfe5217', '00000000-0000-0000-0000-000000000000', '00000000-0000-0000-0000-000000000000', 'fcb2d311-9cbb-4260-ba25-1ad4adbd6089', '0248e53b-0519-4c88-af65-588bb82ec2e8', 'Новости автодилеров', '', '2011-1-20 11:04:00.092331', '2011-1-20 11:04:00.092331', 'f');
INSERT INTO "fascicles_indx_rubrics" ("id", "edition", "fascicle", "headline", "tag", "title", "description", "created", "updated", "bydefault") VALUES ('dd84d8e6-0116-4df2-9690-f1afd1a38b9e', '00000000-0000-0000-0000-000000000000', '00000000-0000-0000-0000-000000000000', '413f1d08-365b-4f27-ac14-e5f2fe70f6ce', '040641e1-d77d-4df6-9af6-7db15c52f99e', 'Новости тюнинга', '', '2011-1-20 11:04:00.164331', '2011-1-20 11:04:00.164331', 'f');
INSERT INTO "fascicles_indx_rubrics" ("id", "edition", "fascicle", "headline", "tag", "title", "description", "created", "updated", "bydefault") VALUES ('e3fdfbab-74cf-4349-bef1-ff7c5356a9c9', '00000000-0000-0000-0000-000000000000', '00000000-0000-0000-0000-000000000000', 'be9610cb-3493-4eeb-999e-c66524c53b1b', 'ef0f62d6-2266-4ec5-8c7c-a060fb1d2f79', 'Презентация', '', '2011-1-20 11:04:00.400331', '2011-1-20 11:04:00.400331', 'f');
INSERT INTO "fascicles_indx_rubrics" ("id", "edition", "fascicle", "headline", "tag", "title", "description", "created", "updated", "bydefault") VALUES ('e70f9606-9d27-45bb-9640-c6c5a3706ad2', '00000000-0000-0000-0000-000000000000', '00000000-0000-0000-0000-000000000000', '413f1d08-365b-4f27-ac14-e5f2fe70f6ce', 'c59b9522-a715-47d3-939f-0acf34cd3630', 'Спорт', '', '2011-1-20 11:04:00.704331', '2011-1-20 11:04:00.704331', 'f');
INSERT INTO "fascicles_indx_rubrics" ("id", "edition", "fascicle", "headline", "tag", "title", "description", "created", "updated", "bydefault") VALUES ('e7dac86f-f7a7-4b75-a615-ad289181f184', '00000000-0000-0000-0000-000000000000', '00000000-0000-0000-0000-000000000000', 'fcb2d311-9cbb-4260-ba25-1ad4adbd6089', 'fac1f83b-3153-46e2-b8d2-99e45be70f1a', 'Кредит', '', '2011-1-20 11:03:59.804331', '2011-1-20 11:03:59.804331', 'f');
INSERT INTO "fascicles_indx_rubrics" ("id", "edition", "fascicle", "headline", "tag", "title", "description", "created", "updated", "bydefault") VALUES ('e9f790c3-62d6-49a6-9929-8d773d2c337b', '00000000-0000-0000-0000-000000000000', '00000000-0000-0000-0000-000000000000', '413f1d08-365b-4f27-ac14-e5f2fe70f6ce', '12808fa7-8a00-4da6-b061-63fc5ce3824d', 'Ретро', '', '2011-1-20 11:04:00.604331', '2011-1-20 11:04:00.604331', 'f');


COMMIT;
