/*
Inprint 5.0 DEMO database
Date: 2011-02-22 21:06:19
*/

SET statement_timeout = 0;
SET client_encoding = 'UTF8';
SET standard_conforming_strings = off;
SET check_function_bodies = false;
SET client_min_messages = warning;
SET escape_string_warning = off;

SET search_path = public, pg_catalog;

BEGIN;

-- ----------------------------
-- Records of members
-- ----------------------------

INSERT INTO "members" ("id", "login", "password", "created", "updated") VALUES ('0d8584de-7eaf-42e4-87ca-e866f01ec256', 'ejov', '509643231a6da82abcda889facf8b8606d255138f09383e8cf5526dc4d0895af', '2010-12-06 15:44:32.506412+00', '2010-12-06 15:44:32.506412+00');
INSERT INTO "members" ("id", "login", "password", "created", "updated") VALUES ('24523130-e952-4fad-9068-476911650afc', 'korablina', '37bddfa40eb5117493acc9bd5e6c00a8df0fbeaa2d360e0cdeb3ac9650726c76', '2010-12-27 07:48:07.298986+00', '2010-12-27 07:48:07.298986+00');
INSERT INTO "members" ("id", "login", "password", "created", "updated") VALUES ('2e38a0dd-f056-4884-b599-43f169b8e899', 'shitikova', '5ff4b4135254ec019351132e25e3032493c0c1b387154bae06ff265ed373fdaf', '2010-12-06 12:56:09.210412+00', '2010-12-06 12:56:09.210412+00');
INSERT INTO "members" ("id", "login", "password", "created", "updated") VALUES ('39d40812-fc54-4342-9b98-e1c1f4222d22', 'root', '4813494d137e1631bba301d5acab6e7bb7aa74ce1185d456565ef51d737677b2', '2010-12-06 07:48:28.566412+00', '2010-12-06 07:48:28.566412+00');
INSERT INTO "members" ("id", "login", "password", "created", "updated") VALUES ('42fd22f1-c486-41e7-bc7c-a69ff5379902', 'vojlokova', '8de254b9dfb5f449f93cf9fe1faecdec93a5979657f1b9bae297a918380aef05', '2010-12-06 08:56:43.854412+00', '2010-12-06 08:56:43.854412+00');
INSERT INTO "members" ("id", "login", "password", "created", "updated") VALUES ('56173fe7-ced3-4a43-bcb2-12fc00e9c7f0', 'firsova', 'c50e68188a897f34c3b21631187eabfe501a5179c97f6c3c1ecd8127828fe439', '2010-12-06 11:57:26.178412+00', '2010-12-06 11:57:26.178412+00');
INSERT INTO "members" ("id", "login", "password", "created", "updated") VALUES ('562b2852-3de3-4f4c-b130-06a29e3ed8ee', 'getmanenko', 'a332ea82b4abeac50c105e4c604605e7f00742381b1af387aec5bcb5e9b62cdd', '2010-12-06 10:47:11.366412+00', '2010-12-06 10:47:11.366412+00');
INSERT INTO "members" ("id", "login", "password", "created", "updated") VALUES ('5b1d1ef0-0318-49b7-bed8-3934852ee897', 'balashovae', '93052917316092ac27e33195f900623265e99f87ef8a2f0f9f98b04780b1ec4c', '2010-12-06 10:45:09.166412+00', '2010-12-06 10:45:09.166412+00');
INSERT INTO "members" ("id", "login", "password", "created", "updated") VALUES ('642c19e2-820f-4567-87e4-c7f9ca7825f0', 'kopryanceva', '57d6234eded9c836bf30e241d47884ee7a592c8c8451f5e81fb353a369182dd1', '2010-12-06 13:22:37.366412+00', '2010-12-06 13:22:37.366412+00');
INSERT INTO "members" ("id", "login", "password", "created", "updated") VALUES ('6c5deedb-8ee2-4540-89dd-e97df1cdf4c3', 'nigmatulina', '7b9e9be086cd0e6209dc900fc5fcc0c61f4737b0892082cb33a8242344faf795', '2010-12-06 13:27:04.978412+00', '2010-12-06 13:27:04.978412+00');
INSERT INTO "members" ("id", "login", "password", "created", "updated") VALUES ('6f47f907-cc23-4078-812b-aa8422c5dc71', 'klishenko', '81f2073238dab4b4bf094152033b9c76620e94b60abd947e705666c27586f74c', '2010-12-06 08:59:20.074412+00', '2010-12-06 08:59:20.074412+00');
INSERT INTO "members" ("id", "login", "password", "created", "updated") VALUES ('70769a8d-5e64-4d8a-9c06-f18e66817d64', 'kotrovskiy', '4569bdd8a81d9a8ca7163438ccf5adb295107c5ed231b228a470586e938f356a', '2010-12-06 11:54:32.402412+00', '2010-12-06 11:54:32.402412+00');
INSERT INTO "members" ("id", "login", "password", "created", "updated") VALUES ('73918964-5364-45ba-aef0-a630fb1413c7', 'zinovieva', '386839a5013a0c26f3f2583105e76300bff67f6d32452af9d6a38392909163c7', '2010-12-06 08:58:35.934412+00', '2010-12-06 08:58:35.934412+00');
INSERT INTO "members" ("id", "login", "password", "created", "updated") VALUES ('74dd7b68-8075-4260-ad5e-18c2ff4a0acc', 'avdeeva1', '5f8c88d67f77907e6a610ba10e82c3614e5e43b6b7ccbc0aea75ba74952c68da', '2010-12-06 08:47:26.390412+00', '2010-12-06 08:47:26.390412+00');
INSERT INTO "members" ("id", "login", "password", "created", "updated") VALUES ('8a27227a-5286-4349-9f98-57ab98a6fdc7', 'pimenov', '5ac71cfd1f3b529c13f28d88bd3909561f24a4ca5f46e154ba626373e9e3d985', '2010-12-06 15:55:34.814412+00', '2010-12-06 15:55:34.814412+00');
INSERT INTO "members" ("id", "login", "password", "created", "updated") VALUES ('a030a3f5-fcf5-4259-9dd7-eb71d4a73c06', 'test', '9f86d081884c7d659a2feaa0c55ad015a3bf4f1b2b0b822cd15d6c15b0f00a08', '2010-12-06 07:51:44.438412+00', '2010-12-06 07:51:44.438412+00');
INSERT INTO "members" ("id", "login", "password", "created", "updated") VALUES ('b0e57330-1df3-4514-b983-e8aa1f8ece02', 'juravskaya', '223b5c709d79d2b2f82dc32494af2639419630d6f08379539b0b793777988dc1', '2010-12-06 13:17:34.042412+00', '2010-12-06 13:17:34.042412+00');
INSERT INTO "members" ("id", "login", "password", "created", "updated") VALUES ('c56112c4-4f42-46e5-8d48-34c7b84d7a33', 'elina', '92efdab55c2ec32f3224993e34f86bb5b607090c94e7738b9ee4206c5126e096', '2010-12-06 13:06:38.802412+00', '2010-12-06 13:06:38.802412+00');
INSERT INTO "members" ("id", "login", "password", "created", "updated") VALUES ('d2755f55-b047-42c2-9934-f557bcf2486d', 'balashovan', 'f0928162da58e174164d72888dd72dba762cbc765e34f17e40f29e0de37d1294', '2010-12-06 10:46:06.418412+00', '2010-12-06 10:46:06.418412+00');
INSERT INTO "members" ("id", "login", "password", "created", "updated") VALUES ('d6c310ee-a1ba-4705-8dbe-20bf41da77fd', 'sokolova', '11bfd476bc5def57d8e954ad66daece927df60fa66d1a3822da2167fac6d7054', '2010-12-06 15:48:35.702412+00', '2010-12-06 15:48:35.702412+00');
INSERT INTO "members" ("id", "login", "password", "created", "updated") VALUES ('dcf5fd23-6213-44e3-ac50-b754690265fb', 'jezlov', '0d4f60672389309c1408f0933190d28cea33a953343feb8675aa7930827e6e89', '2010-12-06 11:43:41.194412+00', '2010-12-06 11:43:41.194412+00');
INSERT INTO "members" ("id", "login", "password", "created", "updated") VALUES ('e14a7ed6-c7ce-4e67-9f53-0284c490c837', 'uharov', '9e6eeeee2caaf256efe901dc5e548fd225ac21cb2564d5de7efbe4b0fe319d2e', '2010-12-06 09:01:29.626412+00', '2010-12-06 09:01:29.626412+00');
INSERT INTO "members" ("id", "login", "password", "created", "updated") VALUES ('e4f9f237-9575-4eba-b3b2-bd4bd0b3c800', 'nsk', '15fc6c4156f8ab312d32bc2d07d87516e442a9c2c44a183aa272595c71b0946a', '2010-12-27 08:44:10.330986+00', '2010-12-27 08:44:10.330986+00');
INSERT INTO "members" ("id", "login", "password", "created", "updated") VALUES ('f02f00af-fe7f-4581-9b2f-d74d335a6766', 'polunina', '6f6b13350817772711d788a20eaa475f45a1cc28e4626a234527881076f4a607', '2010-12-06 09:00:26.294412+00', '2010-12-06 09:00:26.294412+00');
INSERT INTO "members" ("id", "login", "password", "created", "updated") VALUES ('f128cce0-ee81-45b1-9fbb-93cc0dc61beb', 'tipografia', 'da3f7fc3abcd5855780f9d0b45e65a86292e51c3fd23ec9f729b4812b46c4696', '2010-12-06 16:02:40.322412+00', '2010-12-06 16:02:40.322412+00');

-- ----------------------------
-- Records of profiles
-- ----------------------------

INSERT INTO "profiles" ("id", "title", "shortcut", "job_position", "email", "icq", "skype", "jabber", "phone_work", "phone_mobile", "mobile", "address", "about", "created", "updated") VALUES ('0d8584de-7eaf-42e4-87ca-e866f01ec256', 'Ежов А.', 'Ежов А.', 'Редактор', null, null, null, null, null, null, null, null, null, '2010-12-07 09:40:08.858412+00', '2010-12-07 09:40:08.858412+00');
INSERT INTO "profiles" ("id", "title", "shortcut", "job_position", "email", "icq", "skype", "jabber", "phone_work", "phone_mobile", "mobile", "address", "about", "created", "updated") VALUES ('24523130-e952-4fad-9068-476911650afc', 'Кораблина Ирина', 'Кораблина Ирина', 'Рекламный менеджер', null, null, null, null, null, null, null, null, null, '2010-12-27 08:01:02.478986+00', '2010-12-27 08:01:02.478986+00');
INSERT INTO "profiles" ("id", "title", "shortcut", "job_position", "email", "icq", "skype", "jabber", "phone_work", "phone_mobile", "mobile", "address", "about", "created", "updated") VALUES ('299585d5-2b04-4473-bba5-6976258ebae1', '55555', '55555', '55555', null, null, null, null, null, null, null, null, null, '2011-01-11 12:10:47.712331+00', '2011-01-11 12:10:47.712331+00');
INSERT INTO "profiles" ("id", "title", "shortcut", "job_position", "email", "icq", "skype", "jabber", "phone_work", "phone_mobile", "mobile", "address", "about", "created", "updated") VALUES ('2e38a0dd-f056-4884-b599-43f169b8e899', 'Шитикова Е.', 'Шитикова Е.', 'Зав. отделом', null, null, null, null, null, null, null, null, null, '2010-12-06 12:56:09.226412+00', '2010-12-06 12:56:09.226412+00');
INSERT INTO "profiles" ("id", "title", "shortcut", "job_position", "email", "icq", "skype", "jabber", "phone_work", "phone_mobile", "mobile", "address", "about", "created", "updated") VALUES ('39d40812-fc54-4342-9b98-e1c1f4222d22', 'Root', 'Root', 'Administrator', null, null, null, null, null, null, null, null, null, '2010-12-23 15:07:43.346986+00', '2011-01-20 10:00:33.708331+00');
INSERT INTO "profiles" ("id", "title", "shortcut", "job_position", "email", "icq", "skype", "jabber", "phone_work", "phone_mobile", "mobile", "address", "about", "created", "updated") VALUES ('42fd22f1-c486-41e7-bc7c-a69ff5379902', 'Войлокова Н.', 'Войлокова Н.', 'Цветоделитель', null, null, null, null, null, null, null, null, null, '2010-12-06 10:15:21.674412+00', '2010-12-06 10:15:21.674412+00');
INSERT INTO "profiles" ("id", "title", "shortcut", "job_position", "email", "icq", "skype", "jabber", "phone_work", "phone_mobile", "mobile", "address", "about", "created", "updated") VALUES ('56173fe7-ced3-4a43-bcb2-12fc00e9c7f0', 'Фирсова Т.', 'Фирсова Т.', 'Корректор', null, null, null, null, null, null, null, null, null, '2010-12-06 11:57:26.206412+00', '2010-12-06 11:57:26.206412+00');
INSERT INTO "profiles" ("id", "title", "shortcut", "job_position", "email", "icq", "skype", "jabber", "phone_work", "phone_mobile", "mobile", "address", "about", "created", "updated") VALUES ('562b2852-3de3-4f4c-b130-06a29e3ed8ee', 'Гетманенко О.', 'Гетманенко О.', 'Зав. отделом', null, null, null, null, null, null, null, null, null, '2010-12-06 10:47:11.458412+00', '2010-12-06 10:47:11.458412+00');
INSERT INTO "profiles" ("id", "title", "shortcut", "job_position", "email", "icq", "skype", "jabber", "phone_work", "phone_mobile", "mobile", "address", "about", "created", "updated") VALUES ('5b1d1ef0-0318-49b7-bed8-3934852ee897', 'Балашова Е.', 'Балашова Е.', 'Старший корректор', null, null, null, null, null, null, null, null, null, '2010-12-06 10:45:09.190412+00', '2010-12-06 10:45:09.190412+00');
INSERT INTO "profiles" ("id", "title", "shortcut", "job_position", "email", "icq", "skype", "jabber", "phone_work", "phone_mobile", "mobile", "address", "about", "created", "updated") VALUES ('642c19e2-820f-4567-87e4-c7f9ca7825f0', 'Копрянцева Ю.', 'Копрянцева Ю.', 'Зав. отделом', null, null, null, null, null, null, null, null, null, '2010-12-06 13:22:37.390412+00', '2010-12-06 13:22:37.390412+00');
INSERT INTO "profiles" ("id", "title", "shortcut", "job_position", "email", "icq", "skype", "jabber", "phone_work", "phone_mobile", "mobile", "address", "about", "created", "updated") VALUES ('6c5deedb-8ee2-4540-89dd-e97df1cdf4c3', 'Нигматулина И.', 'Нигматулина И.', 'Вып.редактор', null, null, null, null, null, null, null, null, null, '2010-12-06 13:27:04.998412+00', '2010-12-06 13:27:04.998412+00');
INSERT INTO "profiles" ("id", "title", "shortcut", "job_position", "email", "icq", "skype", "jabber", "phone_work", "phone_mobile", "mobile", "address", "about", "created", "updated") VALUES ('6f47f907-cc23-4078-812b-aa8422c5dc71', 'Клищенко А.', 'Клищенко А.', 'Гл. художник', null, null, null, null, null, null, null, null, null, '2010-12-06 08:59:20.090412+00', '2010-12-06 08:59:20.090412+00');
INSERT INTO "profiles" ("id", "title", "shortcut", "job_position", "email", "icq", "skype", "jabber", "phone_work", "phone_mobile", "mobile", "address", "about", "created", "updated") VALUES ('70769a8d-5e64-4d8a-9c06-f18e66817d64', 'Котровский Н.', 'Котровский Н.', 'Редактор', null, null, null, null, null, null, null, null, null, '2010-12-06 11:54:32.414412+00', '2010-12-06 11:54:32.414412+00');
INSERT INTO "profiles" ("id", "title", "shortcut", "job_position", "email", "icq", "skype", "jabber", "phone_work", "phone_mobile", "mobile", "address", "about", "created", "updated") VALUES ('73918964-5364-45ba-aef0-a630fb1413c7', 'Зиновьева Е.', 'Зиновьева Е.', 'Верстальщик', null, null, null, null, null, null, null, null, null, '2010-12-06 08:58:35.950412+00', '2010-12-06 08:58:35.950412+00');
INSERT INTO "profiles" ("id", "title", "shortcut", "job_position", "email", "icq", "skype", "jabber", "phone_work", "phone_mobile", "mobile", "address", "about", "created", "updated") VALUES ('74dd7b68-8075-4260-ad5e-18c2ff4a0acc', 'Авдеева М.', 'Авдеева М.', 'Верстальщик', null, null, null, null, null, null, null, null, null, '2010-12-06 09:51:41.998412+00', '2011-01-19 13:51:38.344331+00');
INSERT INTO "profiles" ("id", "title", "shortcut", "job_position", "email", "icq", "skype", "jabber", "phone_work", "phone_mobile", "mobile", "address", "about", "created", "updated") VALUES ('8a27227a-5286-4349-9f98-57ab98a6fdc7', 'Пименов И.', 'Пименов И.', 'Зав. отделом', null, null, null, null, null, null, null, null, null, '2010-12-06 15:55:34.830412+00', '2010-12-06 15:55:34.830412+00');
INSERT INTO "profiles" ("id", "title", "shortcut", "job_position", "email", "icq", "skype", "jabber", "phone_work", "phone_mobile", "mobile", "address", "about", "created", "updated") VALUES ('a030a3f5-fcf5-4259-9dd7-eb71d4a73c06', 'test', 'test', 'test1', null, null, null, null, null, null, null, null, null, '2010-12-06 14:03:59.374412+00', '2011-01-20 10:00:45.500331+00');
INSERT INTO "profiles" ("id", "title", "shortcut", "job_position", "email", "icq", "skype", "jabber", "phone_work", "phone_mobile", "mobile", "address", "about", "created", "updated") VALUES ('a515aa58-5a97-43ec-9eef-13ce49e5101b', '55555', '55555', '55555', null, null, null, null, null, null, null, null, null, '2011-01-11 12:10:21.420331+00', '2011-01-11 12:10:21.420331+00');
INSERT INTO "profiles" ("id", "title", "shortcut", "job_position", "email", "icq", "skype", "jabber", "phone_work", "phone_mobile", "mobile", "address", "about", "created", "updated") VALUES ('b0e57330-1df3-4514-b983-e8aa1f8ece02', 'Журавская И.', 'Журавская И.', 'Зам.гл. редактора', null, null, null, null, null, null, null, null, null, '2010-12-06 15:27:54.506412+00', '2010-12-11 12:17:00.814986+00');
INSERT INTO "profiles" ("id", "title", "shortcut", "job_position", "email", "icq", "skype", "jabber", "phone_work", "phone_mobile", "mobile", "address", "about", "created", "updated") VALUES ('c56112c4-4f42-46e5-8d48-34c7b84d7a33', 'Елина В.', 'Елина В.', 'Редактор', null, null, null, null, null, null, null, null, null, '2011-02-18 05:53:30.829298+00', '2011-02-18 05:53:30.829298+00');
INSERT INTO "profiles" ("id", "title", "shortcut", "job_position", "email", "icq", "skype", "jabber", "phone_work", "phone_mobile", "mobile", "address", "about", "created", "updated") VALUES ('d2755f55-b047-42c2-9934-f557bcf2486d', 'Балашова Н.', 'Балашова Н.', 'Корректор', null, null, null, null, null, null, null, null, null, '2010-12-06 10:46:06.442412+00', '2010-12-06 10:46:06.442412+00');
INSERT INTO "profiles" ("id", "title", "shortcut", "job_position", "email", "icq", "skype", "jabber", "phone_work", "phone_mobile", "mobile", "address", "about", "created", "updated") VALUES ('d6c310ee-a1ba-4705-8dbe-20bf41da77fd', 'Соколова Т.', 'Соколова Т.', 'Зав. отдела', null, null, null, null, null, null, null, null, null, '2010-12-06 15:48:35.726412+00', '2010-12-06 15:48:35.726412+00');
INSERT INTO "profiles" ("id", "title", "shortcut", "job_position", "email", "icq", "skype", "jabber", "phone_work", "phone_mobile", "mobile", "address", "about", "created", "updated") VALUES ('dcf5fd23-6213-44e3-ac50-b754690265fb', 'Жезлов А.', 'Жезлов А.', 'Редактор', null, null, null, null, null, null, null, null, null, '2010-12-06 11:43:41.226412+00', '2010-12-06 11:43:41.226412+00');
INSERT INTO "profiles" ("id", "title", "shortcut", "job_position", "email", "icq", "skype", "jabber", "phone_work", "phone_mobile", "mobile", "address", "about", "created", "updated") VALUES ('e14a7ed6-c7ce-4e67-9f53-0284c490c837', 'Ухаров П.Е.', 'Ухаров П.Е.', 'Бильд-редактор', null, null, null, null, null, null, null, null, null, '2010-12-06 09:01:29.646412+00', '2010-12-06 09:01:29.646412+00');
INSERT INTO "profiles" ("id", "title", "shortcut", "job_position", "email", "icq", "skype", "jabber", "phone_work", "phone_mobile", "mobile", "address", "about", "created", "updated") VALUES ('e4f9f237-9575-4eba-b3b2-bd4bd0b3c800', 'Владимир', 'Владимир', 'Администратор', null, null, null, null, null, null, null, null, null, '2010-12-27 09:02:43.750986+00', '2010-12-27 09:02:43.750986+00');
INSERT INTO "profiles" ("id", "title", "shortcut", "job_position", "email", "icq", "skype", "jabber", "phone_work", "phone_mobile", "mobile", "address", "about", "created", "updated") VALUES ('f02f00af-fe7f-4581-9b2f-d74d335a6766', 'Полунина Е.', 'Полунина Е.', 'Дизайнер', null, null, null, null, null, null, null, null, null, '2010-12-06 09:00:26.306412+00', '2010-12-06 09:00:26.306412+00');
INSERT INTO "profiles" ("id", "title", "shortcut", "job_position", "email", "icq", "skype", "jabber", "phone_work", "phone_mobile", "mobile", "address", "about", "created", "updated") VALUES ('f128cce0-ee81-45b1-9fbb-93cc0dc61beb', 'Типография', 'Типография', 'Типография', null, null, null, null, null, null, null, null, null, '2010-12-06 16:02:40.342412+00', '2010-12-06 16:02:40.342412+00');

-- ----------------------------
-- Records of options
-- ----------------------------

INSERT INTO "options" ("id", "member", "option_name", "option_value") VALUES ('0b91fabf-eb1c-4877-adfc-a9276306364c', 'b0e57330-1df3-4514-b983-e8aa1f8ece02', 'default.edition', '9fd8bed1-14f1-48d1-9f3e-2ab59e6cd047');
INSERT INTO "options" ("id", "member", "option_name", "option_value") VALUES ('127feb7f-702b-4a02-912e-43a05aeb44e3', '42fd22f1-c486-41e7-bc7c-a69ff5379902', 'default.workgroup', '58bd4a95-b548-4bfb-97b0-b5653e2d2f63');
INSERT INTO "options" ("id", "member", "option_name", "option_value") VALUES ('12ff040d-4631-4051-b831-553b57230dce', '39d40812-fc54-4342-9b98-e1c1f4222d22', 'default.workgroup.name', 'Рук-во');
INSERT INTO "options" ("id", "member", "option_name", "option_value") VALUES ('1daa6f2c-7187-482b-8ef2-ccd80136d41a', '0d8584de-7eaf-42e4-87ca-e866f01ec256', 'default.edition', '9fd8bed1-14f1-48d1-9f3e-2ab59e6cd047');
INSERT INTO "options" ("id", "member", "option_name", "option_value") VALUES ('1ead1042-6392-4c35-b06e-df39d26509df', '74dd7b68-8075-4260-ad5e-18c2ff4a0acc', 'default.edition', '9fd8bed1-14f1-48d1-9f3e-2ab59e6cd047');
INSERT INTO "options" ("id", "member", "option_name", "option_value") VALUES ('1ff86497-6869-42a5-a7ba-0c317449affd', 'b0e57330-1df3-4514-b983-e8aa1f8ece02', 'default.workgroup', 'c24d5e12-9b75-4dec-9ce8-1a9672458c32');
INSERT INTO "options" ("id", "member", "option_name", "option_value") VALUES ('23ec9d12-92d5-440b-bd4a-0e80c979c91d', 'c56112c4-4f42-46e5-8d48-34c7b84d7a33', 'default.workgroup', 'fddda112-d70e-48fa-be17-1733fb584416');
INSERT INTO "options" ("id", "member", "option_name", "option_value") VALUES ('27375379-45ba-4477-b19e-7c3f97380997', 'a030a3f5-fcf5-4259-9dd7-eb71d4a73c06', 'default.edition', '57ea720b-39fb-4e96-bcb6-ae3ebf6d474b');
INSERT INTO "options" ("id", "member", "option_name", "option_value") VALUES ('2c9e4de2-aa57-43bd-8a2d-51791edac7d7', '0d8584de-7eaf-42e4-87ca-e866f01ec256', 'default.workgroup', '96cdf2ed-0e11-4003-8754-2cd7d9c15c1b');
INSERT INTO "options" ("id", "member", "option_name", "option_value") VALUES ('3b07f2f7-696f-4537-be28-dd9301f9ca4f', 'a030a3f5-fcf5-4259-9dd7-eb71d4a73c06', 'default.edition.name', 'Все издания');
INSERT INTO "options" ("id", "member", "option_name", "option_value") VALUES ('42101ac5-e857-4074-a242-ad74951aa994', 'a030a3f5-fcf5-4259-9dd7-eb71d4a73c06', 'default.workgroup', '33772121-f187-49bc-884d-2083413f7644');
INSERT INTO "options" ("id", "member", "option_name", "option_value") VALUES ('46f3ccf7-8c2b-48fa-abda-48cadd89f3ab', '42fd22f1-c486-41e7-bc7c-a69ff5379902', 'default.edition', '9fd8bed1-14f1-48d1-9f3e-2ab59e6cd047');
INSERT INTO "options" ("id", "member", "option_name", "option_value") VALUES ('5053f44e-6ddf-4ccf-81bd-d6bf80f67296', '24523130-e952-4fad-9068-476911650afc', 'default.edition', '9fd8bed1-14f1-48d1-9f3e-2ab59e6cd047');
INSERT INTO "options" ("id", "member", "option_name", "option_value") VALUES ('5d9269d6-977a-4a29-b56e-5af839539bc1', '39d40812-fc54-4342-9b98-e1c1f4222d22', 'default.edition.name', 'ГЗР Москва');
INSERT INTO "options" ("id", "member", "option_name", "option_value") VALUES ('5e45ab33-8c5c-4e6d-9541-0252293d875a', 'e4f9f237-9575-4eba-b3b2-bd4bd0b3c800', 'default.edition', '2520b40f-8e03-45fd-aa06-74631e4b2715');
INSERT INTO "options" ("id", "member", "option_name", "option_value") VALUES ('61e91da9-92ef-4291-8686-5f0002510592', 'b0e57330-1df3-4514-b983-e8aa1f8ece02', 'default.workgroup.name', 'Издательский дом');
INSERT INTO "options" ("id", "member", "option_name", "option_value") VALUES ('6d6d16cb-1d33-43c0-a0ee-536740126ef3', '24523130-e952-4fad-9068-476911650afc', 'default.edition.name', 'Все издания');
INSERT INTO "options" ("id", "member", "option_name", "option_value") VALUES ('7f5e92ca-e340-4bbe-a09c-8eb35b130534', 'e4f9f237-9575-4eba-b3b2-bd4bd0b3c800', 'default.workgroup', 'b54c1d58-df3f-4f2c-b385-4422bf22f400');
INSERT INTO "options" ("id", "member", "option_name", "option_value") VALUES ('8adb87bf-5161-466f-940a-f52e18192339', '24523130-e952-4fad-9068-476911650afc', 'default.workgroup', '4a25ebe5-7fb8-425a-88e6-fe1e9cdcb62f');
INSERT INTO "options" ("id", "member", "option_name", "option_value") VALUES ('958042be-59fe-4be0-9d77-d1743adcb336', 'a030a3f5-fcf5-4259-9dd7-eb71d4a73c06', 'default.workgroup.name', 'Издательский дом');
INSERT INTO "options" ("id", "member", "option_name", "option_value") VALUES ('98d1314c-10f4-4509-abc3-5dc75b529d59', '74dd7b68-8075-4260-ad5e-18c2ff4a0acc', 'default.edition.name', 'Все издания');
INSERT INTO "options" ("id", "member", "option_name", "option_value") VALUES ('9d2e2694-7735-4c32-aa4a-255839aefd7a', '0d8584de-7eaf-42e4-87ca-e866f01ec256', 'default.edition.name', 'Все издания');
INSERT INTO "options" ("id", "member", "option_name", "option_value") VALUES ('aad0d03b-e627-4633-ba9d-0b72f80466a1', '24523130-e952-4fad-9068-476911650afc', 'default.workgroup.name', 'Издательский дом');
INSERT INTO "options" ("id", "member", "option_name", "option_value") VALUES ('ad8fdc53-a951-492c-9822-78c3416be113', '74dd7b68-8075-4260-ad5e-18c2ff4a0acc', 'default.workgroup', '58bd4a95-b548-4bfb-97b0-b5653e2d2f63');
INSERT INTO "options" ("id", "member", "option_name", "option_value") VALUES ('adf063df-c587-43b2-a26f-40097a648999', '0d8584de-7eaf-42e4-87ca-e866f01ec256', 'default.workgroup.name', 'Издательский дом');
INSERT INTO "options" ("id", "member", "option_name", "option_value") VALUES ('b08d4168-c140-47e3-8fca-1e517f6b4fda', 'c56112c4-4f42-46e5-8d48-34c7b84d7a33', 'default.workgroup.name', 'Городская жизнь');
INSERT INTO "options" ("id", "member", "option_name", "option_value") VALUES ('b5663848-69e4-4cff-b3ca-b4ba87d6b95e', 'b0e57330-1df3-4514-b983-e8aa1f8ece02', 'default.edition.name', 'Все издания');
INSERT INTO "options" ("id", "member", "option_name", "option_value") VALUES ('b6e6f47e-b4a4-4f1f-a0c8-3a06f605e1cf', '42fd22f1-c486-41e7-bc7c-a69ff5379902', 'default.edition.name', 'Все издания');
INSERT INTO "options" ("id", "member", "option_name", "option_value") VALUES ('c3a4672d-d404-45f5-8b8e-4c0bcdd5eed8', 'c56112c4-4f42-46e5-8d48-34c7b84d7a33', 'default.edition', '9fd8bed1-14f1-48d1-9f3e-2ab59e6cd047');
INSERT INTO "options" ("id", "member", "option_name", "option_value") VALUES ('c459cb70-3c7b-4a60-86b0-7de5f6e1b1a1', '42fd22f1-c486-41e7-bc7c-a69ff5379902', 'default.workgroup.name', 'Издательский дом');
INSERT INTO "options" ("id", "member", "option_name", "option_value") VALUES ('c494a52e-534f-4f3c-a7fa-6a47be100825', '39d40812-fc54-4342-9b98-e1c1f4222d22', 'default.edition', '9fd8bed1-14f1-48d1-9f3e-2ab59e6cd047');
INSERT INTO "options" ("id", "member", "option_name", "option_value") VALUES ('d4c7b7ef-bef6-4ade-a03e-9079f1a8863f', '39d40812-fc54-4342-9b98-e1c1f4222d22', 'default.workgroup', 'c24d5e12-9b75-4dec-9ce8-1a9672458c32');
INSERT INTO "options" ("id", "member", "option_name", "option_value") VALUES ('d9074c81-94f9-4a0b-a8c7-cefa5bcfd92a', 'e4f9f237-9575-4eba-b3b2-bd4bd0b3c800', 'default.workgroup.name', 'Издательский дом');
INSERT INTO "options" ("id", "member", "option_name", "option_value") VALUES ('e16534bb-245d-437f-90c9-102804c3ae9c', 'e4f9f237-9575-4eba-b3b2-bd4bd0b3c800', 'default.edition.name', 'Все издания');
INSERT INTO "options" ("id", "member", "option_name", "option_value") VALUES ('f3d2b5e9-c0d7-48e0-9151-776e1e7a4fe2', 'c56112c4-4f42-46e5-8d48-34c7b84d7a33', 'default.edition.name', 'ГЗР Москва');
INSERT INTO "options" ("id", "member", "option_name", "option_value") VALUES ('f92c5239-9536-4b0e-b203-b99294228aef', '74dd7b68-8075-4260-ad5e-18c2ff4a0acc', 'default.workgroup.name', 'Издательский дом');

-- ************************************************************************************************

-- ----------------------------
-- Records of editions
-- ----------------------------

INSERT INTO "editions" ("id", "path", "title", "shortcut", "description", "created", "updated") VALUES ('00000000-0000-0000-0000-000000000000', '00000000000000000000000000000000', 'Все издания', 'Все издания', 'Все издания', '2010-12-06 07:48:28.550412+00', '2010-12-06 07:48:28.550412+00');
INSERT INTO "editions" ("id", "path", "title", "shortcut", "description", "created", "updated") VALUES ('2520b40f-8e03-45fd-aa06-74631e4b2715', '00000000000000000000000000000000.2520b40f8e0345fdaa0674631e4b2715', 'Test', 'Test', 'Описание', '2010-12-27 08:49:57.950986+00', '2010-12-27 08:49:57.950986+00');
INSERT INTO "editions" ("id", "path", "title", "shortcut", "description", "created", "updated") VALUES ('57ea720b-39fb-4e96-bcb6-ae3ebf6d474b', '00000000000000000000000000000000.57ea720b39fb4e96bcb6ae3ebf6d474b', 'ГЗР', 'ГЗР', 'газета "За рулем"', '2010-12-06 08:06:04.194412+00', '2010-12-06 08:06:04.194412+00');
INSERT INTO "editions" ("id", "path", "title", "shortcut", "description", "created", "updated") VALUES ('6c48d112-d527-4b4b-9f06-ea92e45b408c', '6c48d112d5274b4b9f06ea92e45b408c', 'Купи Авто Питер', 'КА Питер', 'Описание', '2010-12-10 19:53:51.126412+00', '2010-12-10 19:53:51.126412+00');
INSERT INTO "editions" ("id", "path", "title", "shortcut", "description", "created", "updated") VALUES ('75e0fb5c-5052-431a-a905-af30d9d03d3f', '00000000000000000000000000000000.57ea720b39fb4e96bcb6ae3ebf6d474b.75e0fb5c5052431aa905af30d9d03d3f', 'ГЗР Екатеринбург', 'ГЗР Екатеринбург', 'Екатеринбургский выпуск газеты "За рулем"', '2010-12-06 08:10:34.122412+00', '2010-12-06 08:10:34.122412+00');
INSERT INTO "editions" ("id", "path", "title", "shortcut", "description", "created", "updated") VALUES ('9fd8bed1-14f1-48d1-9f3e-2ab59e6cd047', '00000000000000000000000000000000.57ea720b39fb4e96bcb6ae3ebf6d474b.9fd8bed114f148d19f3e2ab59e6cd047', 'ГЗР Москва', 'ГЗР Москва', 'Московский выпуск газеты "За рулем"', '2010-12-06 08:09:35.850412+00', '2010-12-06 08:09:35.850412+00');
INSERT INTO "editions" ("id", "path", "title", "shortcut", "description", "created", "updated") VALUES ('ced0c661-8522-4767-9df1-85dad99afd72', '00000000000000000000000000000000.57ea720b39fb4e96bcb6ae3ebf6d474b.ced0c661852247679df185dad99afd72', 'ГЗР Омск', 'ГЗР Омск', 'Описание', '2010-12-07 13:59:14.546412+00', '2010-12-07 13:59:14.546412+00');
INSERT INTO "editions" ("id", "path", "title", "shortcut", "description", "created", "updated") VALUES ('d18c1f79-b450-449c-8bf8-97cbe9ef41ba', 'd18c1f79b450449c8bf897cbe9ef41ba', 'Купи Авто Москва', 'КА Москва', 'Описание', '2010-12-10 19:53:34.358412+00', '2010-12-10 19:53:34.358412+00');
INSERT INTO "editions" ("id", "path", "title", "shortcut", "description", "created", "updated") VALUES ('d4a4d415-f44a-4198-9374-7ad740ac7061', '00000000000000000000000000000000.d4a4d415f44a419893747ad740ac7061', 'Купи Авто', 'КА', 'Описание', '2010-12-10 19:53:10.014412+00', '2010-12-10 19:53:10.014412+00');

-- ************************************************************************************************

-- ----------------------------
-- Records of indx_headlines
-- ----------------------------

INSERT INTO "indx_headlines" ("id", "edition", "tag", "title", "description", "bydefault", "created", "updated") VALUES ('00000000-0000-0000-0000-000000000000', '00000000-0000-0000-0000-000000000000', '00000000-0000-0000-0000-000000000000', '--', '', 't', '2011-01-11 09:04:04.576331+00', '2011-01-11 09:04:04.576331+00');
INSERT INTO "indx_headlines" ("id", "edition", "tag", "title", "description", "bydefault", "created", "updated") VALUES ('1baadab9-fa24-42d5-a735-814d289d05ed', '57ea720b-39fb-4e96-bcb6-ae3ebf6d474b', '61c72cb9-5a3b-4d17-90fd-d72cb1317ed3', 'Автомобиль', '', 'f', '2011-01-11 09:12:20.404331+00', '2011-01-11 09:12:20.404331+00');
INSERT INTO "indx_headlines" ("id", "edition", "tag", "title", "description", "bydefault", "created", "updated") VALUES ('2fd26735-b14d-4fde-97ea-6d57496d52d3', '57ea720b-39fb-4e96-bcb6-ae3ebf6d474b', '0435e346-1d68-4800-9e5e-c6429fea91fc', 'Авто с пробегом', '', 'f', '2011-01-11 09:12:37.944331+00', '2011-01-11 09:12:37.944331+00');
INSERT INTO "indx_headlines" ("id", "edition", "tag", "title", "description", "bydefault", "created", "updated") VALUES ('409ce373-8b99-4e8b-a541-4e4ff0b8fef1', '57ea720b-39fb-4e96-bcb6-ae3ebf6d474b', '343846da-84e3-4585-b105-d99ea4ce90ae', 'Детали, компоненты', '', 'f', '2011-01-11 09:12:54.176331+00', '2011-01-11 09:12:54.176331+00');
INSERT INTO "indx_headlines" ("id", "edition", "tag", "title", "description", "bydefault", "created", "updated") VALUES ('7cf86bdf-187d-4d48-b6fa-b03824c65e58', '57ea720b-39fb-4e96-bcb6-ae3ebf6d474b', '12808fa7-8a00-4da6-b061-63fc5ce3824d', 'Ретро', '', 'f', '2011-01-11 09:13:22.368331+00', '2011-01-11 09:13:22.368331+00');
INSERT INTO "indx_headlines" ("id", "edition", "tag", "title", "description", "bydefault", "created", "updated") VALUES ('a06df8c6-f787-4dbc-b065-6269bcc1d517', '57ea720b-39fb-4e96-bcb6-ae3ebf6d474b', 'a956d336-002d-469d-b552-8151366cacbf', 'Город и автомобиль', '', 'f', '2011-01-11 09:13:53.204331+00', '2011-01-11 09:13:53.204331+00');
INSERT INTO "indx_headlines" ("id", "edition", "tag", "title", "description", "bydefault", "created", "updated") VALUES ('c243e564-c9c9-492d-8f23-aea555c9cb16', '57ea720b-39fb-4e96-bcb6-ae3ebf6d474b', 'c59b9522-a715-47d3-939f-0acf34cd3630', 'Спорт', '', 'f', '2011-01-11 09:13:29.532331+00', '2011-01-11 09:13:29.532331+00');
INSERT INTO "indx_headlines" ("id", "edition", "tag", "title", "description", "bydefault", "created", "updated") VALUES ('ca27a3d1-3161-47d8-890a-7627595bb33b', '57ea720b-39fb-4e96-bcb6-ae3ebf6d474b', '941e8c24-43ae-4179-8727-0f077e1f54f8', 'Тюнинг', '', 'f', '2011-01-11 09:13:12.872331+00', '2011-01-11 09:13:12.872331+00');

-- ----------------------------
-- Records of indx_rubrics
-- ----------------------------

INSERT INTO "indx_rubrics" ("id", "edition", "headline", "tag", "title", "description", "bydefault", "created", "updated") VALUES ('00000000-0000-0000-0000-000000000000', '00000000-0000-0000-0000-000000000000', '00000000-0000-0000-0000-000000000000', '00000000-0000-0000-0000-000000000000', '--', '', 't', '2011-01-11 09:04:04.576331+00', '2011-01-11 09:04:04.576331+00');
INSERT INTO "indx_rubrics" ("id", "edition", "headline", "tag", "title", "description", "bydefault", "created", "updated") VALUES ('0123d498-fbe2-44a1-b1d8-d16e43483e76', '57ea720b-39fb-4e96-bcb6-ae3ebf6d474b', '1baadab9-fa24-42d5-a735-814d289d05ed', '238f669c-4a78-4ed6-a876-bf1c2124e57f', 'Новости', '', 'f', '2011-01-11 09:16:05.152331+00', '2011-01-11 09:16:05.152331+00');
INSERT INTO "indx_rubrics" ("id", "edition", "headline", "tag", "title", "description", "bydefault", "created", "updated") VALUES ('0c618a39-3ab0-46f6-95a3-5d2c2396e024', '57ea720b-39fb-4e96-bcb6-ae3ebf6d474b', '2fd26735-b14d-4fde-97ea-6d57496d52d3', '5f95b23c-59db-4312-8fe6-57ed0d746781', 'Ресурс', '', 'f', '2011-01-11 09:17:13.020331+00', '2011-01-11 09:17:13.020331+00');
INSERT INTO "indx_rubrics" ("id", "edition", "headline", "tag", "title", "description", "bydefault", "created", "updated") VALUES ('0ee95791-eea5-4b46-a24a-66ee5832ed52', '57ea720b-39fb-4e96-bcb6-ae3ebf6d474b', '1baadab9-fa24-42d5-a735-814d289d05ed', '29808152-8d46-41a4-9856-11ec4d9af8ef', 'Титульная тема', '', 'f', '2011-01-11 09:16:36.760331+00', '2011-01-11 09:16:36.760331+00');
INSERT INTO "indx_rubrics" ("id", "edition", "headline", "tag", "title", "description", "bydefault", "created", "updated") VALUES ('1b00f788-11e3-47ea-8ea1-367a671bb12f', '57ea720b-39fb-4e96-bcb6-ae3ebf6d474b', 'ca27a3d1-3161-47d8-890a-7627595bb33b', '47ec857a-8f59-4901-b006-84219e1d0445', 'Вопрос-ответ', '', 'f', '2011-01-11 09:23:46.268331+00', '2011-01-11 09:23:46.268331+00');
INSERT INTO "indx_rubrics" ("id", "edition", "headline", "tag", "title", "description", "bydefault", "created", "updated") VALUES ('24865187-0d7e-497e-aefa-0bd3221692c5', '57ea720b-39fb-4e96-bcb6-ae3ebf6d474b', '1baadab9-fa24-42d5-a735-814d289d05ed', '817f2107-d322-4dce-bc0a-8ee7d534fd3c', 'Сравнительный тест', '', 'f', '2011-01-11 09:16:22.264331+00', '2011-01-11 09:16:22.264331+00');
INSERT INTO "indx_rubrics" ("id", "edition", "headline", "tag", "title", "description", "bydefault", "created", "updated") VALUES ('2e82c805-80f4-43c5-ba98-7483c78bd686', '57ea720b-39fb-4e96-bcb6-ae3ebf6d474b', '1baadab9-fa24-42d5-a735-814d289d05ed', '9ad4a879-bae7-47c0-af5d-94955c8333ed', 'Модификация', '', 'f', '2011-01-11 09:15:51.340331+00', '2011-01-11 09:15:51.340331+00');
INSERT INTO "indx_rubrics" ("id", "edition", "headline", "tag", "title", "description", "bydefault", "created", "updated") VALUES ('3e502b32-34a0-4652-9fbf-0a3944bc9b42', '57ea720b-39fb-4e96-bcb6-ae3ebf6d474b', '409ce373-8b99-4e8b-a541-4e4ff0b8fef1', 'f31383ac-2fae-4c43-a80c-61cb19caf72d', 'Обзор', '', 'f', '2011-01-11 09:23:21.752331+00', '2011-01-11 09:23:21.752331+00');
INSERT INTO "indx_rubrics" ("id", "edition", "headline", "tag", "title", "description", "bydefault", "created", "updated") VALUES ('453e452c-d295-4561-9b91-98836364edf3', '57ea720b-39fb-4e96-bcb6-ae3ebf6d474b', 'a06df8c6-f787-4dbc-b065-6269bcc1d517', '0248e53b-0519-4c88-af65-588bb82ec2e8', 'Новости автодилеров', '', 'f', '2011-01-11 09:20:53.816331+00', '2011-01-11 09:20:53.816331+00');
INSERT INTO "indx_rubrics" ("id", "edition", "headline", "tag", "title", "description", "bydefault", "created", "updated") VALUES ('49dcc566-8064-46b3-9142-388fdd68d8a8', '57ea720b-39fb-4e96-bcb6-ae3ebf6d474b', '2fd26735-b14d-4fde-97ea-6d57496d52d3', '3e396c3f-04db-4e56-aae6-3397c11e6497', 'Трейд-ин', '', 'f', '2011-01-11 09:17:50.444331+00', '2011-01-11 09:17:50.444331+00');
INSERT INTO "indx_rubrics" ("id", "edition", "headline", "tag", "title", "description", "bydefault", "created", "updated") VALUES ('52166e0a-ca92-4daa-b4fb-3bbbf556c8ba', '57ea720b-39fb-4e96-bcb6-ae3ebf6d474b', 'ca27a3d1-3161-47d8-890a-7627595bb33b', '040641e1-d77d-4df6-9af6-7db15c52f99e', 'Новости тюнинга', '', 'f', '2011-01-11 09:23:56.696331+00', '2011-01-11 09:23:56.696331+00');
INSERT INTO "indx_rubrics" ("id", "edition", "headline", "tag", "title", "description", "bydefault", "created", "updated") VALUES ('57dc7239-60b3-4335-8204-e1b5487696f0', '57ea720b-39fb-4e96-bcb6-ae3ebf6d474b', '2fd26735-b14d-4fde-97ea-6d57496d52d3', '0eb53f74-b3c3-4e6d-b55c-c8b8befdb009', 'СТО на сто', '', 'f', '2011-01-11 09:17:25.456331+00', '2011-01-11 09:17:25.456331+00');
INSERT INTO "indx_rubrics" ("id", "edition", "headline", "tag", "title", "description", "bydefault", "created", "updated") VALUES ('6de4ab7b-cc4e-4ac1-af10-29ca44871b68', '57ea720b-39fb-4e96-bcb6-ae3ebf6d474b', 'ca27a3d1-3161-47d8-890a-7627595bb33b', 'c59b9522-a715-47d3-939f-0acf34cd3630', 'Спорт', '', 'f', '2011-01-11 09:24:16.920331+00', '2011-01-11 09:24:16.920331+00');
INSERT INTO "indx_rubrics" ("id", "edition", "headline", "tag", "title", "description", "bydefault", "created", "updated") VALUES ('6e980910-7d85-4eec-aac8-deb318d000a3', '57ea720b-39fb-4e96-bcb6-ae3ebf6d474b', '2fd26735-b14d-4fde-97ea-6d57496d52d3', '112cbd6e-42fa-4c66-a599-ef8190b59b6f', 'Обзор трех', '', 'f', '2011-01-11 09:16:55.700331+00', '2011-01-11 09:16:55.700331+00');
INSERT INTO "indx_rubrics" ("id", "edition", "headline", "tag", "title", "description", "bydefault", "created", "updated") VALUES ('78d5bffc-9bc8-40a8-b464-c5e92dbc50fa', '57ea720b-39fb-4e96-bcb6-ae3ebf6d474b', '2fd26735-b14d-4fde-97ea-6d57496d52d3', '1d2080cc-da8d-4138-9733-a721134421cb', 'Слабое звено', '', 'f', '2011-01-11 09:17:19.360331+00', '2011-01-11 09:17:19.360331+00');
INSERT INTO "indx_rubrics" ("id", "edition", "headline", "tag", "title", "description", "bydefault", "created", "updated") VALUES ('7cfbf51e-eb80-4bef-b1e7-7ff07df9bbff', '57ea720b-39fb-4e96-bcb6-ae3ebf6d474b', 'ca27a3d1-3161-47d8-890a-7627595bb33b', '12808fa7-8a00-4da6-b061-63fc5ce3824d', 'Ретро', '', 'f', '2011-01-11 09:24:12.236331+00', '2011-01-11 09:24:12.236331+00');
INSERT INTO "indx_rubrics" ("id", "edition", "headline", "tag", "title", "description", "bydefault", "created", "updated") VALUES ('82b76586-8ebd-426e-80a7-06d9f5626c41', '57ea720b-39fb-4e96-bcb6-ae3ebf6d474b', 'a06df8c6-f787-4dbc-b065-6269bcc1d517', 'aebbba32-b293-4746-9b7a-d2e44e491a04', 'Автомаршрут', '', 'f', '2011-01-11 09:18:11.228331+00', '2011-01-11 09:18:11.228331+00');
INSERT INTO "indx_rubrics" ("id", "edition", "headline", "tag", "title", "description", "bydefault", "created", "updated") VALUES ('84472b77-5701-4b60-9e4b-f5cae86819ed', '57ea720b-39fb-4e96-bcb6-ae3ebf6d474b', '409ce373-8b99-4e8b-a541-4e4ff0b8fef1', '9e6fa296-4e19-4cd4-88e8-07965c7fa2c2', 'Противоугонные системы', '', 'f', '2011-01-11 09:23:32.964331+00', '2011-01-11 09:23:32.964331+00');
INSERT INTO "indx_rubrics" ("id", "edition", "headline", "tag", "title", "description", "bydefault", "created", "updated") VALUES ('9130fd4d-7ecc-42b0-a6b8-d216c50fe24c', '57ea720b-39fb-4e96-bcb6-ae3ebf6d474b', '1baadab9-fa24-42d5-a735-814d289d05ed', '97c62fad-2f24-4456-88b6-b33ace4a3d49', 'Лонг-тест', '', 'f', '2011-01-11 09:14:44.196331+00', '2011-01-11 09:14:44.196331+00');
INSERT INTO "indx_rubrics" ("id", "edition", "headline", "tag", "title", "description", "bydefault", "created", "updated") VALUES ('9b60e3c2-30bf-422e-a662-c948004d0a7c', '57ea720b-39fb-4e96-bcb6-ae3ebf6d474b', 'a06df8c6-f787-4dbc-b065-6269bcc1d517', '2d7d57b2-aff0-44fa-8431-68b8cb1fc738', 'Глас народа', '', 'f', '2011-01-11 09:20:37.404331+00', '2011-01-11 09:20:37.404331+00');
INSERT INTO "indx_rubrics" ("id", "edition", "headline", "tag", "title", "description", "bydefault", "created", "updated") VALUES ('9e7f0678-d8aa-4fe4-8946-8d6e35234188', '57ea720b-39fb-4e96-bcb6-ae3ebf6d474b', 'a06df8c6-f787-4dbc-b065-6269bcc1d517', 'b9205f87-11de-4ada-acfe-44c5789cf1d7', 'Страхование', '', 'f', '2011-01-11 09:21:16.608331+00', '2011-01-11 09:21:16.608331+00');
INSERT INTO "indx_rubrics" ("id", "edition", "headline", "tag", "title", "description", "bydefault", "created", "updated") VALUES ('a7fb4eb9-bde7-4e8f-b426-b1c40507d808', '57ea720b-39fb-4e96-bcb6-ae3ebf6d474b', 'a06df8c6-f787-4dbc-b065-6269bcc1d517', '459b94f6-510e-4a1d-a32f-660d6f243a0b', 'Проблемы трафика', '', 'f', '2011-01-11 09:21:08.028331+00', '2011-01-11 09:21:08.028331+00');
INSERT INTO "indx_rubrics" ("id", "edition", "headline", "tag", "title", "description", "bydefault", "created", "updated") VALUES ('b2430fa3-cf47-4a08-8750-9feba3258c0d', '57ea720b-39fb-4e96-bcb6-ae3ebf6d474b', 'ca27a3d1-3161-47d8-890a-7627595bb33b', 'ef29e068-3f35-49ea-9fac-148021d83f2d', 'Обзоры', '', 'f', '2011-01-11 09:24:02.544331+00', '2011-01-11 09:24:02.544331+00');
INSERT INTO "indx_rubrics" ("id", "edition", "headline", "tag", "title", "description", "bydefault", "created", "updated") VALUES ('b8ccab1e-0aed-4377-b6b1-52d1548a6e09', '57ea720b-39fb-4e96-bcb6-ae3ebf6d474b', 'ca27a3d1-3161-47d8-890a-7627595bb33b', 'd96c2fce-0679-434d-b7f5-6e0ae5aff0bf', 'Тюнинг-тест', '', 'f', '2011-01-11 09:24:26.584331+00', '2011-01-11 09:24:26.584331+00');
INSERT INTO "indx_rubrics" ("id", "edition", "headline", "tag", "title", "description", "bydefault", "created", "updated") VALUES ('b9ad8632-835b-4acd-9180-0190cbe6359c', '57ea720b-39fb-4e96-bcb6-ae3ebf6d474b', '1baadab9-fa24-42d5-a735-814d289d05ed', 'ef0f62d6-2266-4ec5-8c7c-a060fb1d2f79', 'Презентация', '', 'f', '2011-01-11 09:16:13.108331+00', '2011-01-11 09:16:13.108331+00');
INSERT INTO "indx_rubrics" ("id", "edition", "headline", "tag", "title", "description", "bydefault", "created", "updated") VALUES ('d73e9ea7-7120-4b8b-bcb4-9ad9ff2b4543', '57ea720b-39fb-4e96-bcb6-ae3ebf6d474b', '1baadab9-fa24-42d5-a735-814d289d05ed', 'fac1f83b-3153-46e2-b8d2-99e45be70f1a', 'Кредит', '', 'f', '2011-01-11 09:14:35.444331+00', '2011-01-11 09:14:35.444331+00');
INSERT INTO "indx_rubrics" ("id", "edition", "headline", "tag", "title", "description", "bydefault", "created", "updated") VALUES ('da0b187e-b8ec-41b2-942d-f2329d814b4c', '57ea720b-39fb-4e96-bcb6-ae3ebf6d474b', '1baadab9-fa24-42d5-a735-814d289d05ed', '62bbe45c-4bbe-49f5-b2fd-561fcbb151ba', 'За эти деньги', '', 'f', '2011-01-11 09:14:21.880331+00', '2011-01-11 09:14:21.880331+00');
INSERT INTO "indx_rubrics" ("id", "edition", "headline", "tag", "title", "description", "bydefault", "created", "updated") VALUES ('dd70794d-1dcf-4a2a-ac33-37eea40d33f6', '57ea720b-39fb-4e96-bcb6-ae3ebf6d474b', '1baadab9-fa24-42d5-a735-814d289d05ed', '63e01bf4-32e5-4819-a6c4-48609d0141d6', 'Тест', '', 'f', '2011-01-11 09:16:29.748331+00', '2011-01-11 09:16:29.748331+00');
INSERT INTO "indx_rubrics" ("id", "edition", "headline", "tag", "title", "description", "bydefault", "created", "updated") VALUES ('efbdb907-a57d-4350-a46b-91ab6b2c2d9c', '57ea720b-39fb-4e96-bcb6-ae3ebf6d474b', '2fd26735-b14d-4fde-97ea-6d57496d52d3', 'cb7f2059-31a3-4c7c-a883-689ebcead124', 'Покупаем вместе', '', 'f', '2011-01-11 09:17:04.712331+00', '2011-01-11 09:17:04.712331+00');
INSERT INTO "indx_rubrics" ("id", "edition", "headline", "tag", "title", "description", "bydefault", "created", "updated") VALUES ('fc325713-46a3-4baf-be8c-a96a03af4a81', '57ea720b-39fb-4e96-bcb6-ae3ebf6d474b', '409ce373-8b99-4e8b-a541-4e4ff0b8fef1', '45543b5f-871c-4335-8848-8e417bedbe46', 'Детали', '', 'f', '2011-01-11 09:23:15.316331+00', '2011-01-11 09:23:15.316331+00');
INSERT INTO "indx_rubrics" ("id", "edition", "headline", "tag", "title", "description", "bydefault", "created", "updated") VALUES ('fd4f641f-0a7f-4f9e-8ae7-e738ee377f24', '57ea720b-39fb-4e96-bcb6-ae3ebf6d474b', 'a06df8c6-f787-4dbc-b065-6269bcc1d517', 'fac1f83b-3153-46e2-b8d2-99e45be70f1a', 'Кредит', '', 'f', '2011-01-11 09:20:42.764331+00', '2011-01-11 09:20:42.764331+00');

-- ----------------------------
-- Records of indx_tags
-- ----------------------------

INSERT INTO "indx_tags" ("id", "title", "description", "created", "updated") VALUES ('00000000-0000-0000-0000-000000000000', '--', '--', '2011-01-11 09:04:04.576331+00', '2011-01-11 09:04:04.576331+00');
INSERT INTO "indx_tags" ("id", "title", "description", "created", "updated") VALUES ('0248e53b-0519-4c88-af65-588bb82ec2e8', 'Новости автодилеров', 'Описание', '2011-01-11 09:20:53.800331+00', '2011-01-11 09:20:53.800331+00');
INSERT INTO "indx_tags" ("id", "title", "description", "created", "updated") VALUES ('040641e1-d77d-4df6-9af6-7db15c52f99e', 'Новости тюнинга', 'Описание', '2011-01-11 09:23:56.676331+00', '2011-01-11 09:23:56.676331+00');
INSERT INTO "indx_tags" ("id", "title", "description", "created", "updated") VALUES ('0435e346-1d68-4800-9e5e-c6429fea91fc', 'Авто с пробегом', 'Описание', '2011-01-11 09:12:37.932331+00', '2011-01-11 09:12:37.932331+00');
INSERT INTO "indx_tags" ("id", "title", "description", "created", "updated") VALUES ('0eb53f74-b3c3-4e6d-b55c-c8b8befdb009', 'сто на СТО', 'Описание', '2011-01-11 09:17:25.440331+00', '2011-01-11 09:17:25.440331+00');
INSERT INTO "indx_tags" ("id", "title", "description", "created", "updated") VALUES ('112cbd6e-42fa-4c66-a599-ef8190b59b6f', 'Обзор трех', 'Описание', '2011-01-11 09:16:55.684331+00', '2011-01-11 09:16:55.684331+00');
INSERT INTO "indx_tags" ("id", "title", "description", "created", "updated") VALUES ('12808fa7-8a00-4da6-b061-63fc5ce3824d', 'Ретро', 'Описание', '2011-01-11 09:13:22.340331+00', '2011-01-11 09:13:22.340331+00');
INSERT INTO "indx_tags" ("id", "title", "description", "created", "updated") VALUES ('1d2080cc-da8d-4138-9733-a721134421cb', 'Слабое звено', 'Описание', '2011-01-11 09:17:19.344331+00', '2011-01-11 09:17:19.344331+00');
INSERT INTO "indx_tags" ("id", "title", "description", "created", "updated") VALUES ('238f669c-4a78-4ed6-a876-bf1c2124e57f', 'Новости', 'Описание', '2011-01-11 09:16:05.136331+00', '2011-01-11 09:16:05.136331+00');
INSERT INTO "indx_tags" ("id", "title", "description", "created", "updated") VALUES ('29808152-8d46-41a4-9856-11ec4d9af8ef', 'Титульная тема', 'Описание', '2011-01-11 09:16:36.740331+00', '2011-01-11 09:16:36.740331+00');
INSERT INTO "indx_tags" ("id", "title", "description", "created", "updated") VALUES ('2d7d57b2-aff0-44fa-8431-68b8cb1fc738', 'Глас народа', 'Описание', '2011-01-11 09:20:37.392331+00', '2011-01-11 09:20:37.392331+00');
INSERT INTO "indx_tags" ("id", "title", "description", "created", "updated") VALUES ('343846da-84e3-4585-b105-d99ea4ce90ae', 'Детали, компоненты', 'Описание', '2011-01-11 09:12:54.156331+00', '2011-01-11 09:12:54.156331+00');
INSERT INTO "indx_tags" ("id", "title", "description", "created", "updated") VALUES ('3e396c3f-04db-4e56-aae6-3397c11e6497', 'Трейд-ин', 'Описание', '2011-01-11 09:17:50.424331+00', '2011-01-11 09:17:50.424331+00');
INSERT INTO "indx_tags" ("id", "title", "description", "created", "updated") VALUES ('45543b5f-871c-4335-8848-8e417bedbe46', 'Детали', 'Описание', '2011-01-11 09:23:15.300331+00', '2011-01-11 09:23:15.300331+00');
INSERT INTO "indx_tags" ("id", "title", "description", "created", "updated") VALUES ('459b94f6-510e-4a1d-a32f-660d6f243a0b', 'Проблемы трафика', 'Описание', '2011-01-11 09:21:08.008331+00', '2011-01-11 09:21:08.008331+00');
INSERT INTO "indx_tags" ("id", "title", "description", "created", "updated") VALUES ('47ec857a-8f59-4901-b006-84219e1d0445', 'Вопрос-ответ', 'Описание', '2011-01-11 09:23:46.228331+00', '2011-01-11 09:23:46.228331+00');
INSERT INTO "indx_tags" ("id", "title", "description", "created", "updated") VALUES ('5f95b23c-59db-4312-8fe6-57ed0d746781', 'Ресурс', 'Описание', '2011-01-11 09:17:13.004331+00', '2011-01-11 09:17:13.004331+00');
INSERT INTO "indx_tags" ("id", "title", "description", "created", "updated") VALUES ('61c72cb9-5a3b-4d17-90fd-d72cb1317ed3', 'Автомобиль', 'Описание', '2011-01-11 09:12:20.392331+00', '2011-01-11 09:12:20.392331+00');
INSERT INTO "indx_tags" ("id", "title", "description", "created", "updated") VALUES ('62bbe45c-4bbe-49f5-b2fd-561fcbb151ba', 'За эти деньги', 'Описание', '2011-01-11 09:14:21.872331+00', '2011-01-11 09:14:21.872331+00');
INSERT INTO "indx_tags" ("id", "title", "description", "created", "updated") VALUES ('63e01bf4-32e5-4819-a6c4-48609d0141d6', 'Тест', 'Описание', '2011-01-11 09:16:29.720331+00', '2011-01-11 09:16:29.720331+00');
INSERT INTO "indx_tags" ("id", "title", "description", "created", "updated") VALUES ('6802e38e-4349-4596-bdbb-bdb41c239c78', '111', 'Описание', '2011-01-11 07:28:17.812331+00', '2011-01-11 07:28:17.812331+00');
INSERT INTO "indx_tags" ("id", "title", "description", "created", "updated") VALUES ('7dcb5c3c-252d-49b5-97e9-8f9d1a91180b', '321', 'Описание', '2011-01-11 07:31:01.860331+00', '2011-01-11 07:31:01.860331+00');
INSERT INTO "indx_tags" ("id", "title", "description", "created", "updated") VALUES ('7e31416b-fa5c-4d3b-a353-a5a71a8f11fb', '11', '1', '2011-01-20 12:26:24.913708+00', '2011-01-20 12:26:24.913708+00');
INSERT INTO "indx_tags" ("id", "title", "description", "created", "updated") VALUES ('817f2107-d322-4dce-bc0a-8ee7d534fd3c', 'Сравнительный тест', 'Описание', '2011-01-11 09:16:22.232331+00', '2011-01-11 09:16:22.232331+00');
INSERT INTO "indx_tags" ("id", "title", "description", "created", "updated") VALUES ('941e8c24-43ae-4179-8727-0f077e1f54f8', 'Тюнинг', 'Описание', '2011-01-11 09:13:12.856331+00', '2011-01-11 09:13:12.856331+00');
INSERT INTO "indx_tags" ("id", "title", "description", "created", "updated") VALUES ('97c62fad-2f24-4456-88b6-b33ace4a3d49', 'Лонг-тест', 'Описание', '2011-01-11 09:14:44.168331+00', '2011-01-11 09:14:44.168331+00');
INSERT INTO "indx_tags" ("id", "title", "description", "created", "updated") VALUES ('9ad4a879-bae7-47c0-af5d-94955c8333ed', 'Модификация', 'Модификация', '2011-01-11 09:15:51.316331+00', '2011-01-11 09:15:51.316331+00');
INSERT INTO "indx_tags" ("id", "title", "description", "created", "updated") VALUES ('9e6fa296-4e19-4cd4-88e8-07965c7fa2c2', 'Противоугонные системы', 'Описание', '2011-01-11 09:23:32.956331+00', '2011-01-11 09:23:32.956331+00');
INSERT INTO "indx_tags" ("id", "title", "description", "created", "updated") VALUES ('a956d336-002d-469d-b552-8151366cacbf', 'Город и автомобиль', 'Описание', '2011-01-11 09:13:53.184331+00', '2011-01-11 09:13:53.184331+00');
INSERT INTO "indx_tags" ("id", "title", "description", "created", "updated") VALUES ('aebbba32-b293-4746-9b7a-d2e44e491a04', 'Автомаршрут', 'Описание', '2011-01-11 09:18:11.208331+00', '2011-01-11 09:18:11.208331+00');
INSERT INTO "indx_tags" ("id", "title", "description", "created", "updated") VALUES ('b9205f87-11de-4ada-acfe-44c5789cf1d7', 'Страхование', 'Описание', '2011-01-11 09:21:16.584331+00', '2011-01-11 09:21:16.584331+00');
INSERT INTO "indx_tags" ("id", "title", "description", "created", "updated") VALUES ('bde10218-3e97-44fb-a5fa-a5ed98cbb38c', '1', '1', '2011-01-20 12:09:30.885708+00', '2011-01-20 12:09:30.885708+00');
INSERT INTO "indx_tags" ("id", "title", "description", "created", "updated") VALUES ('c59b9522-a715-47d3-939f-0acf34cd3630', 'Спорт', 'Описание', '2011-01-11 09:13:29.520331+00', '2011-01-11 09:13:29.520331+00');
INSERT INTO "indx_tags" ("id", "title", "description", "created", "updated") VALUES ('cb7f2059-31a3-4c7c-a883-689ebcead124', 'Покупаем вместе', 'Описание', '2011-01-11 09:17:04.680331+00', '2011-01-11 09:17:04.680331+00');
INSERT INTO "indx_tags" ("id", "title", "description", "created", "updated") VALUES ('d58dda1d-9515-41a1-a17d-b5f19628532e', '222', 'Описание', '2011-01-11 07:28:23.572331+00', '2011-01-11 07:28:23.572331+00');
INSERT INTO "indx_tags" ("id", "title", "description", "created", "updated") VALUES ('d96c2fce-0679-434d-b7f5-6e0ae5aff0bf', 'Тюнинг-тест', 'Описание', '2011-01-11 09:24:26.556331+00', '2011-01-11 09:24:26.556331+00');
INSERT INTO "indx_tags" ("id", "title", "description", "created", "updated") VALUES ('e1d77d8d-4797-446e-8fa7-d14cd39e7968', '123', 'Описание', '2011-01-11 07:30:55.424331+00', '2011-01-11 07:30:55.424331+00');
INSERT INTO "indx_tags" ("id", "title", "description", "created", "updated") VALUES ('eacf75b8-df00-413b-974b-778f3df43674', 'СТО на сто', 'Описание', '2011-01-11 09:17:40.564331+00', '2011-01-11 09:17:40.564331+00');
INSERT INTO "indx_tags" ("id", "title", "description", "created", "updated") VALUES ('ef0f62d6-2266-4ec5-8c7c-a060fb1d2f79', 'Презентация', 'Описание', '2011-01-11 09:16:13.080331+00', '2011-01-11 09:16:13.080331+00');
INSERT INTO "indx_tags" ("id", "title", "description", "created", "updated") VALUES ('ef29e068-3f35-49ea-9fac-148021d83f2d', 'Обзоры', 'Описание', '2011-01-11 09:24:02.528331+00', '2011-01-11 09:24:02.528331+00');
INSERT INTO "indx_tags" ("id", "title", "description", "created", "updated") VALUES ('f1fe5ca1-20ce-4f78-bb0a-18f31e0022c1', '11111', 'Описание', '2011-01-11 07:26:53.180331+00', '2011-01-11 07:26:53.180331+00');
INSERT INTO "indx_tags" ("id", "title", "description", "created", "updated") VALUES ('f31383ac-2fae-4c43-a80c-61cb19caf72d', 'Обзор', 'Описание', '2011-01-11 09:23:21.732331+00', '2011-01-11 09:23:21.732331+00');
INSERT INTO "indx_tags" ("id", "title", "description", "created", "updated") VALUES ('fac1f83b-3153-46e2-b8d2-99e45be70f1a', 'Кредит', 'Описание', '2011-01-11 09:14:35.420331+00', '2011-01-11 09:14:35.420331+00');

-- ************************************************************************************************

-- ----------------------------
-- Records of catalog
-- ----------------------------

INSERT INTO "catalog" ("id", "path", "title", "shortcut", "description", "type", "capables", "created", "updated") VALUES ('00000000-0000-0000-0000-000000000000', '00000000000000000000000000000000', 'Издательский дом', 'Издательский дом', 'Издательский дом', 'ou', '{default}', '2010-12-06 07:48:28.538412+00', '2010-12-06 07:48:28.538412+00');
INSERT INTO "catalog" ("id", "path", "title", "shortcut", "description", "type", "capables", "created", "updated") VALUES ('27b2d5bb-af21-4246-9db3-3aca363e3eb3', '00000000000000000000000000000000.c98d63b5d73446fca19c087678325acf.33772121f18749bc884d2083413f7644.27b2d5bbaf2142469db33aca363e3eb3', 'Рынок, компоненты', 'Рынок, компоненты', 'Описание', 'default', '{}', '2010-12-06 08:27:39.462412+00', '2010-12-06 08:27:39.462412+00');
INSERT INTO "catalog" ("id", "path", "title", "shortcut", "description", "type", "capables", "created", "updated") VALUES ('281190ad-5b20-465d-95d5-ec48c267b8ea', '00000000000000000000000000000000.281190ad5b20465d95d5ec48c267b8ea', 'Купи Авто', 'КА', 'Описание', 'default', '{}', '2010-12-10 19:55:48.654412+00', '2010-12-10 19:55:48.654412+00');
INSERT INTO "catalog" ("id", "path", "title", "shortcut", "description", "type", "capables", "created", "updated") VALUES ('2cf691ff-afb3-47d9-8ff3-7527f24b9e3a', '00000000000000000000000000000000.571e983fcc614d48a7610c27fa9a9dbc.2cf691ffafb347d98ff37527f24b9e3a', 'Редакторы', 'Редакторы', 'Описание', 'default', '{}', '2010-12-27 08:53:21.390986+00', '2010-12-27 08:53:21.390986+00');
INSERT INTO "catalog" ("id", "path", "title", "shortcut", "description", "type", "capables", "created", "updated") VALUES ('33772121-f187-49bc-884d-2083413f7644', '00000000000000000000000000000000.c98d63b5d73446fca19c087678325acf.33772121f18749bc884d2083413f7644', 'ГЗР Москва', 'ГЗР Москва', 'ГЗР Москва', 'default', '{}', '2010-12-06 08:17:52.810412+00', '2010-12-06 08:17:52.810412+00');
INSERT INTO "catalog" ("id", "path", "title", "shortcut", "description", "type", "capables", "created", "updated") VALUES ('37250c10-a052-4806-b065-5708702e842d', '00000000000000000000000000000000.c98d63b5d73446fca19c087678325acf.33772121f18749bc884d2083413f7644.37250c10a0524806b0655708702e842d', 'Тюнинг', 'Тюнинг', 'Тюнинг', 'default', '{}', '2010-12-06 08:31:51.698412+00', '2010-12-06 08:31:51.698412+00');
INSERT INTO "catalog" ("id", "path", "title", "shortcut", "description", "type", "capables", "created", "updated") VALUES ('3ad3a74d-6e53-4542-98a7-82a781a922f4', '00000000000000000000000000000000.c98d63b5d73446fca19c087678325acf.33772121f18749bc884d2083413f7644.3ad3a74d6e53454298a782a781a922f4', 'Новости', 'Новости', 'Описание', 'default', '{}', '2010-12-06 08:25:46.618412+00', '2010-12-06 08:25:46.618412+00');
INSERT INTO "catalog" ("id", "path", "title", "shortcut", "description", "type", "capables", "created", "updated") VALUES ('4723e427-4c5a-4111-b240-08fda5075098', '00000000000000000000000000000000.281190ad5b20465d95d5ec48c267b8ea.4723e4274c5a4111b24008fda5075098', 'Купи Авто Питер', 'КА Питер', 'Описание', 'default', '{}', '2010-12-10 19:56:20.918412+00', '2010-12-10 19:56:20.918412+00');
INSERT INTO "catalog" ("id", "path", "title", "shortcut", "description", "type", "capables", "created", "updated") VALUES ('4a25ebe5-7fb8-425a-88e6-fe1e9cdcb62f', '00000000000000000000000000000000.c98d63b5d73446fca19c087678325acf.33772121f18749bc884d2083413f7644.4a25ebe57fb8425a88e6fe1e9cdcb62f', 'Реклама', 'Реклама', 'Описание', 'default', '{}', '2010-12-27 07:53:31.266986+00', '2010-12-27 07:53:31.266986+00');
INSERT INTO "catalog" ("id", "path", "title", "shortcut", "description", "type", "capables", "created", "updated") VALUES ('4a7c2e30-57b3-4583-8284-a0cb8dd0d478', '00000000000000000000000000000000.c98d63b5d73446fca19c087678325acf.33772121f18749bc884d2083413f7644.4a7c2e3057b345838284a0cb8dd0d478', 'Регионы', 'Регионы', 'Регионы', 'default', '{}', '2010-12-06 08:34:00.614412+00', '2010-12-06 08:34:00.614412+00');
INSERT INTO "catalog" ("id", "path", "title", "shortcut", "description", "type", "capables", "created", "updated") VALUES ('53fbcb79-f34a-4c18-845d-0b9986c7493b', '00000000000000000000000000000000.281190ad5b20465d95d5ec48c267b8ea.704bb23396094227aee1d773411e7b22.53fbcb79f34a4c18845d0b9986c7493b', '1', '1', 'Описание', 'default', '{}', '2011-01-19 17:14:20.856331+00', '2011-01-19 17:14:20.856331+00');
INSERT INTO "catalog" ("id", "path", "title", "shortcut", "description", "type", "capables", "created", "updated") VALUES ('571e983f-cc61-4d48-a761-0c27fa9a9dbc', '00000000000000000000000000000000.571e983fcc614d48a7610c27fa9a9dbc', 'Test', 'Test', 'Описание', 'default', '{}', '2010-12-27 08:43:46.046986+00', '2010-12-27 08:43:46.046986+00');
INSERT INTO "catalog" ("id", "path", "title", "shortcut", "description", "type", "capables", "created", "updated") VALUES ('58bd4a95-b548-4bfb-97b0-b5653e2d2f63', '00000000000000000000000000000000.c98d63b5d73446fca19c087678325acf.33772121f18749bc884d2083413f7644.58bd4a95b5484bfb97b0b5653e2d2f63', 'Оформление', 'Оформление', 'Описание', 'default', '{}', '2010-12-06 08:26:05.834412+00', '2010-12-06 08:26:05.834412+00');
INSERT INTO "catalog" ("id", "path", "title", "shortcut", "description", "type", "capables", "created", "updated") VALUES ('612752a3-6857-41f9-a879-2a3bb747bebf', '00000000000000000000000000000000.c98d63b5d73446fca19c087678325acf.612752a3685741f9a8792a3bb747bebf', 'ГЗР Екатеринбург', 'ГЗР Екатеринбург', 'ГЗР Екатеринбург', 'default', '{}', '2010-12-06 08:20:26.850412+00', '2010-12-06 08:20:26.850412+00');
INSERT INTO "catalog" ("id", "path", "title", "shortcut", "description", "type", "capables", "created", "updated") VALUES ('704bb233-9609-4227-aee1-d773411e7b22', '00000000000000000000000000000000.281190ad5b20465d95d5ec48c267b8ea.704bb23396094227aee1d773411e7b22', 'Купи Авто Москва', 'КА Москва', 'Описание', 'default', '{}', '2010-12-10 19:57:26.090412+00', '2010-12-10 19:57:26.090412+00');
INSERT INTO "catalog" ("id", "path", "title", "shortcut", "description", "type", "capables", "created", "updated") VALUES ('96cdf2ed-0e11-4003-8754-2cd7d9c15c1b', '00000000000000000000000000000000.c98d63b5d73446fca19c087678325acf.33772121f18749bc884d2083413f7644.96cdf2ed0e11400387542cd7d9c15c1b', 'Автомобили', 'Автомобили', 'Автомобили', 'default', '{}', '2010-12-06 08:24:34.838412+00', '2010-12-06 08:24:34.838412+00');
INSERT INTO "catalog" ("id", "path", "title", "shortcut", "description", "type", "capables", "created", "updated") VALUES ('a1f6bb3a-f0c8-4943-8ea7-d2b08bbc0200', '00000000000000000000000000000000.c98d63b5d73446fca19c087678325acf.33772121f18749bc884d2083413f7644.a1f6bb3af0c849438ea7d2b08bbc0200', 'Сопровождение', 'Сопровождение', 'Сопровождение', 'default', '{}', '2010-12-06 08:32:02.598412+00', '2010-12-06 08:32:02.598412+00');
INSERT INTO "catalog" ("id", "path", "title", "shortcut", "description", "type", "capables", "created", "updated") VALUES ('b0f7c6ae-e39a-4d9c-bc88-3d193917512f', '00000000000000000000000000000000.571e983fcc614d48a7610c27fa9a9dbc.b0f7c6aee39a4d9cbc883d193917512f', 'Корректура', 'Корректура', 'Описание', 'default', '{}', '2010-12-27 08:53:56.286986+00', '2010-12-27 08:53:56.286986+00');
INSERT INTO "catalog" ("id", "path", "title", "shortcut", "description", "type", "capables", "created", "updated") VALUES ('b54c1d58-df3f-4f2c-b385-4422bf22f400', '00000000000000000000000000000000.571e983fcc614d48a7610c27fa9a9dbc.b54c1d58df3f4f2cb3854422bf22f400', 'Управление', 'Управление', 'Описание', 'default', '{}', '2010-12-27 08:53:42.094986+00', '2010-12-27 08:53:42.094986+00');
INSERT INTO "catalog" ("id", "path", "title", "shortcut", "description", "type", "capables", "created", "updated") VALUES ('c24d5e12-9b75-4dec-9ce8-1a9672458c32', '00000000000000000000000000000000.c98d63b5d73446fca19c087678325acf.33772121f18749bc884d2083413f7644.c24d5e129b754dec9ce81a9672458c32', 'Рук-во', 'Рук-во', 'Описание', 'default', '{}', '2010-12-06 08:26:30.482412+00', '2010-12-06 08:26:30.482412+00');
INSERT INTO "catalog" ("id", "path", "title", "shortcut", "description", "type", "capables", "created", "updated") VALUES ('c98d63b5-d734-46fc-a19c-087678325acf', '00000000000000000000000000000000.c98d63b5d73446fca19c087678325acf', 'ГЗР', 'ГЗР', 'ГЗР', 'default', '{}', '2010-12-06 07:52:11.586412+00', '2010-12-06 07:52:11.586412+00');
INSERT INTO "catalog" ("id", "path", "title", "shortcut", "description", "type", "capables", "created", "updated") VALUES ('cf8883b6-8951-4fb4-ad5f-ec375ac8d9b3', '00000000000000000000000000000000.571e983fcc614d48a7610c27fa9a9dbc.cf8883b689514fb4ad5fec375ac8d9b3', 'Верстка', 'Верстка', 'Описание', 'default', '{}', '2010-12-27 08:54:07.970986+00', '2010-12-27 08:54:07.970986+00');
INSERT INTO "catalog" ("id", "path", "title", "shortcut", "description", "type", "capables", "created", "updated") VALUES ('f20f2d8c-d7e3-4e1f-91d6-0122418c16a5', '00000000000000000000000000000000.c98d63b5d73446fca19c087678325acf.33772121f18749bc884d2083413f7644.f20f2d8cd7e34e1f91d60122418c16a5', 'Корректоры', 'Корректоры', 'Описание', 'default', '{}', '2010-12-06 08:25:24.994412+00', '2010-12-06 08:25:24.994412+00');
INSERT INTO "catalog" ("id", "path", "title", "shortcut", "description", "type", "capables", "created", "updated") VALUES ('fddda112-d70e-48fa-be17-1733fb584416', '00000000000000000000000000000000.c98d63b5d73446fca19c087678325acf.33772121f18749bc884d2083413f7644.fddda112d70e48fabe171733fb584416', 'Городская жизнь', 'Городская жизнь', 'Городская жизнь', 'default', '{}', '2010-12-06 08:25:05.438412+00', '2010-12-06 08:25:05.438412+00');

-- ----------------------------
-- Records of map_member_to_catalog
-- ----------------------------

INSERT INTO "map_member_to_catalog" ("id", "member", "catalog") VALUES ('2a8aa5cf-de67-4b5d-8ec8-a8c4040f5af4', '0d8584de-7eaf-42e4-87ca-e866f01ec256', '00000000-0000-0000-0000-000000000000');
INSERT INTO "map_member_to_catalog" ("id", "member", "catalog") VALUES ('74f681cc-e685-4b70-9056-4427091ec5dd', '0d8584de-7eaf-42e4-87ca-e866f01ec256', '2cf691ff-afb3-47d9-8ff3-7527f24b9e3a');
INSERT INTO "map_member_to_catalog" ("id", "member", "catalog") VALUES ('173d443d-3b69-4d6a-8732-ba8eb456259b', '0d8584de-7eaf-42e4-87ca-e866f01ec256', '96cdf2ed-0e11-4003-8754-2cd7d9c15c1b');
INSERT INTO "map_member_to_catalog" ("id", "member", "catalog") VALUES ('1cfe8709-f32a-449b-93d6-190a7295472c', '24523130-e952-4fad-9068-476911650afc', '00000000-0000-0000-0000-000000000000');
INSERT INTO "map_member_to_catalog" ("id", "member", "catalog") VALUES ('d87361c6-0a63-4b8a-b562-992cb75eed00', '24523130-e952-4fad-9068-476911650afc', '4a25ebe5-7fb8-425a-88e6-fe1e9cdcb62f');
INSERT INTO "map_member_to_catalog" ("id", "member", "catalog") VALUES ('19fbd07f-a3fa-486b-8fef-3543797fdae6', '2e38a0dd-f056-4884-b599-43f169b8e899', '00000000-0000-0000-0000-000000000000');
INSERT INTO "map_member_to_catalog" ("id", "member", "catalog") VALUES ('1299ac13-aba8-4be6-8775-66b4561a1942', '2e38a0dd-f056-4884-b599-43f169b8e899', '2cf691ff-afb3-47d9-8ff3-7527f24b9e3a');
INSERT INTO "map_member_to_catalog" ("id", "member", "catalog") VALUES ('4158b4db-5482-4ed0-899d-c3d108b0147a', '2e38a0dd-f056-4884-b599-43f169b8e899', 'fddda112-d70e-48fa-be17-1733fb584416');
INSERT INTO "map_member_to_catalog" ("id", "member", "catalog") VALUES ('c293a89e-e044-41e6-a267-dbefba39a450', '39d40812-fc54-4342-9b98-e1c1f4222d22', '00000000-0000-0000-0000-000000000000');
INSERT INTO "map_member_to_catalog" ("id", "member", "catalog") VALUES ('87919cec-1775-44d6-ad9f-a0a475066616', '39d40812-fc54-4342-9b98-e1c1f4222d22', '281190ad-5b20-465d-95d5-ec48c267b8ea');
INSERT INTO "map_member_to_catalog" ("id", "member", "catalog") VALUES ('ca2cfaa7-3946-4ca4-b152-ba0535221cc2', '39d40812-fc54-4342-9b98-e1c1f4222d22', '571e983f-cc61-4d48-a761-0c27fa9a9dbc');
INSERT INTO "map_member_to_catalog" ("id", "member", "catalog") VALUES ('62557754-8216-467b-90ad-992ca3571783', '39d40812-fc54-4342-9b98-e1c1f4222d22', 'c24d5e12-9b75-4dec-9ce8-1a9672458c32');
INSERT INTO "map_member_to_catalog" ("id", "member", "catalog") VALUES ('e2384055-d62b-4507-b252-e529b5201aa3', '42fd22f1-c486-41e7-bc7c-a69ff5379902', '00000000-0000-0000-0000-000000000000');
INSERT INTO "map_member_to_catalog" ("id", "member", "catalog") VALUES ('63bbde4a-b619-46ee-9818-d0b84f91ae4d', '42fd22f1-c486-41e7-bc7c-a69ff5379902', '58bd4a95-b548-4bfb-97b0-b5653e2d2f63');
INSERT INTO "map_member_to_catalog" ("id", "member", "catalog") VALUES ('b3543e61-ea7b-4b4f-b97f-5ad1b83a2d99', '42fd22f1-c486-41e7-bc7c-a69ff5379902', 'cf8883b6-8951-4fb4-ad5f-ec375ac8d9b3');
INSERT INTO "map_member_to_catalog" ("id", "member", "catalog") VALUES ('8fcf7215-d73e-4eb7-ad02-a11903695362', '56173fe7-ced3-4a43-bcb2-12fc00e9c7f0', '00000000-0000-0000-0000-000000000000');
INSERT INTO "map_member_to_catalog" ("id", "member", "catalog") VALUES ('f747bb16-a904-4e28-9536-214b9db4c60a', '56173fe7-ced3-4a43-bcb2-12fc00e9c7f0', 'b0f7c6ae-e39a-4d9c-bc88-3d193917512f');
INSERT INTO "map_member_to_catalog" ("id", "member", "catalog") VALUES ('2a50de9f-6d31-4260-9de7-bababb0ab374', '56173fe7-ced3-4a43-bcb2-12fc00e9c7f0', 'f20f2d8c-d7e3-4e1f-91d6-0122418c16a5');
INSERT INTO "map_member_to_catalog" ("id", "member", "catalog") VALUES ('fc3b53e8-b4e2-41bc-87a9-f63537e80770', '562b2852-3de3-4f4c-b130-06a29e3ed8ee', '00000000-0000-0000-0000-000000000000');
INSERT INTO "map_member_to_catalog" ("id", "member", "catalog") VALUES ('864e634c-dc93-4667-b801-82fbab043d7f', '562b2852-3de3-4f4c-b130-06a29e3ed8ee', '27b2d5bb-af21-4246-9db3-3aca363e3eb3');
INSERT INTO "map_member_to_catalog" ("id", "member", "catalog") VALUES ('55e5cfbf-4104-4e7b-90f9-0bfc9c01b07e', '562b2852-3de3-4f4c-b130-06a29e3ed8ee', '2cf691ff-afb3-47d9-8ff3-7527f24b9e3a');
INSERT INTO "map_member_to_catalog" ("id", "member", "catalog") VALUES ('019f5c9f-1105-4b36-901f-12ba2b8f5e59', '5b1d1ef0-0318-49b7-bed8-3934852ee897', '00000000-0000-0000-0000-000000000000');
INSERT INTO "map_member_to_catalog" ("id", "member", "catalog") VALUES ('5c2a4264-cee7-4462-ab27-03aff7b6eacf', '5b1d1ef0-0318-49b7-bed8-3934852ee897', 'b0f7c6ae-e39a-4d9c-bc88-3d193917512f');
INSERT INTO "map_member_to_catalog" ("id", "member", "catalog") VALUES ('234360f9-f798-4a2e-9100-569d1adb89cb', '5b1d1ef0-0318-49b7-bed8-3934852ee897', 'f20f2d8c-d7e3-4e1f-91d6-0122418c16a5');
INSERT INTO "map_member_to_catalog" ("id", "member", "catalog") VALUES ('5a2709de-73c0-40aa-8b6d-46ab0e9194da', '642c19e2-820f-4567-87e4-c7f9ca7825f0', '00000000-0000-0000-0000-000000000000');
INSERT INTO "map_member_to_catalog" ("id", "member", "catalog") VALUES ('d6c591b5-3497-4323-a46b-7bd6f540c612', '642c19e2-820f-4567-87e4-c7f9ca7825f0', '2cf691ff-afb3-47d9-8ff3-7527f24b9e3a');
INSERT INTO "map_member_to_catalog" ("id", "member", "catalog") VALUES ('614f0713-a0e8-4703-9794-b855f38bf5ce', '642c19e2-820f-4567-87e4-c7f9ca7825f0', '4a7c2e30-57b3-4583-8284-a0cb8dd0d478');
INSERT INTO "map_member_to_catalog" ("id", "member", "catalog") VALUES ('fb370a19-4bbc-4cb2-8e9e-e6036c107666', '6c5deedb-8ee2-4540-89dd-e97df1cdf4c3', '00000000-0000-0000-0000-000000000000');
INSERT INTO "map_member_to_catalog" ("id", "member", "catalog") VALUES ('bc781b25-9f8e-4eae-9273-6533ef51941d', '6c5deedb-8ee2-4540-89dd-e97df1cdf4c3', 'b54c1d58-df3f-4f2c-b385-4422bf22f400');
INSERT INTO "map_member_to_catalog" ("id", "member", "catalog") VALUES ('5728c1dc-1b80-4cad-b92a-26fe3274115b', '6c5deedb-8ee2-4540-89dd-e97df1cdf4c3', 'c24d5e12-9b75-4dec-9ce8-1a9672458c32');
INSERT INTO "map_member_to_catalog" ("id", "member", "catalog") VALUES ('566cd835-da51-45d7-b87f-ca870e4ce514', '6f47f907-cc23-4078-812b-aa8422c5dc71', '00000000-0000-0000-0000-000000000000');
INSERT INTO "map_member_to_catalog" ("id", "member", "catalog") VALUES ('4ee23b7d-d6b1-4594-bb23-85d2d16bb3cf', '6f47f907-cc23-4078-812b-aa8422c5dc71', '58bd4a95-b548-4bfb-97b0-b5653e2d2f63');
INSERT INTO "map_member_to_catalog" ("id", "member", "catalog") VALUES ('ed6cae94-e625-46ad-9c7b-922ea685bfdc', '6f47f907-cc23-4078-812b-aa8422c5dc71', 'cf8883b6-8951-4fb4-ad5f-ec375ac8d9b3');
INSERT INTO "map_member_to_catalog" ("id", "member", "catalog") VALUES ('5858af88-31ca-4c31-b360-a315706cae3c', '70769a8d-5e64-4d8a-9c06-f18e66817d64', '00000000-0000-0000-0000-000000000000');
INSERT INTO "map_member_to_catalog" ("id", "member", "catalog") VALUES ('7bb92d3f-45e9-4408-9fce-8aaeb98b9bcb', '70769a8d-5e64-4d8a-9c06-f18e66817d64', '27b2d5bb-af21-4246-9db3-3aca363e3eb3');
INSERT INTO "map_member_to_catalog" ("id", "member", "catalog") VALUES ('7781cc4d-a4f5-4c3f-aaf4-9bf6a37a3a20', '70769a8d-5e64-4d8a-9c06-f18e66817d64', '2cf691ff-afb3-47d9-8ff3-7527f24b9e3a');
INSERT INTO "map_member_to_catalog" ("id", "member", "catalog") VALUES ('eaafc873-b9da-46f7-bb3e-ecb3e6f0b7e7', '73918964-5364-45ba-aef0-a630fb1413c7', '00000000-0000-0000-0000-000000000000');
INSERT INTO "map_member_to_catalog" ("id", "member", "catalog") VALUES ('73143f73-fcf0-4b92-a240-0428bb766225', '73918964-5364-45ba-aef0-a630fb1413c7', '58bd4a95-b548-4bfb-97b0-b5653e2d2f63');
INSERT INTO "map_member_to_catalog" ("id", "member", "catalog") VALUES ('e26e5c74-f74b-4753-ba20-d4f2c1c9c45e', '73918964-5364-45ba-aef0-a630fb1413c7', 'cf8883b6-8951-4fb4-ad5f-ec375ac8d9b3');
INSERT INTO "map_member_to_catalog" ("id", "member", "catalog") VALUES ('52450777-2f12-4343-ac58-97fcb77928af', '74dd7b68-8075-4260-ad5e-18c2ff4a0acc', '00000000-0000-0000-0000-000000000000');
INSERT INTO "map_member_to_catalog" ("id", "member", "catalog") VALUES ('b00e82b9-2ce4-4751-9312-92baaee1cadc', '74dd7b68-8075-4260-ad5e-18c2ff4a0acc', '58bd4a95-b548-4bfb-97b0-b5653e2d2f63');
INSERT INTO "map_member_to_catalog" ("id", "member", "catalog") VALUES ('799c33d8-0219-44fe-96a3-ea905b6ea5c2', '74dd7b68-8075-4260-ad5e-18c2ff4a0acc', 'cf8883b6-8951-4fb4-ad5f-ec375ac8d9b3');
INSERT INTO "map_member_to_catalog" ("id", "member", "catalog") VALUES ('450e7998-6419-410b-8125-06058d756ec7', '8a27227a-5286-4349-9f98-57ab98a6fdc7', '00000000-0000-0000-0000-000000000000');
INSERT INTO "map_member_to_catalog" ("id", "member", "catalog") VALUES ('16885804-e340-415b-9d09-bdd519c701c9', '8a27227a-5286-4349-9f98-57ab98a6fdc7', '2cf691ff-afb3-47d9-8ff3-7527f24b9e3a');
INSERT INTO "map_member_to_catalog" ("id", "member", "catalog") VALUES ('c905be5c-4116-41b9-a65f-62d6b9433093', '8a27227a-5286-4349-9f98-57ab98a6fdc7', '37250c10-a052-4806-b065-5708702e842d');
INSERT INTO "map_member_to_catalog" ("id", "member", "catalog") VALUES ('f25a700a-9ea9-4478-8f97-0d765f5705e3', 'a030a3f5-fcf5-4259-9dd7-eb71d4a73c06', '00000000-0000-0000-0000-000000000000');
INSERT INTO "map_member_to_catalog" ("id", "member", "catalog") VALUES ('b5831414-5438-420e-b1bc-763fc79277c6', 'a030a3f5-fcf5-4259-9dd7-eb71d4a73c06', 'c98d63b5-d734-46fc-a19c-087678325acf');
INSERT INTO "map_member_to_catalog" ("id", "member", "catalog") VALUES ('0b906307-35c9-4097-b201-ad07620a937c', 'b0e57330-1df3-4514-b983-e8aa1f8ece02', '00000000-0000-0000-0000-000000000000');
INSERT INTO "map_member_to_catalog" ("id", "member", "catalog") VALUES ('8f0d2079-2e7a-43c7-9855-a650c2c8535c', 'b0e57330-1df3-4514-b983-e8aa1f8ece02', 'b54c1d58-df3f-4f2c-b385-4422bf22f400');
INSERT INTO "map_member_to_catalog" ("id", "member", "catalog") VALUES ('aef3a3e3-d3dc-4f20-aa03-c7839a998c31', 'b0e57330-1df3-4514-b983-e8aa1f8ece02', 'c24d5e12-9b75-4dec-9ce8-1a9672458c32');
INSERT INTO "map_member_to_catalog" ("id", "member", "catalog") VALUES ('7bfb1857-3dfb-42ad-befb-d2c719bdc996', 'b0e57330-1df3-4514-b983-e8aa1f8ece02', 'c98d63b5-d734-46fc-a19c-087678325acf');
INSERT INTO "map_member_to_catalog" ("id", "member", "catalog") VALUES ('d2d4efc6-4fe4-4c4a-a179-8ff0642c59fd', 'c56112c4-4f42-46e5-8d48-34c7b84d7a33', '00000000-0000-0000-0000-000000000000');
INSERT INTO "map_member_to_catalog" ("id", "member", "catalog") VALUES ('123d6e1c-406e-434e-a628-bdcfb2348d88', 'c56112c4-4f42-46e5-8d48-34c7b84d7a33', '2cf691ff-afb3-47d9-8ff3-7527f24b9e3a');
INSERT INTO "map_member_to_catalog" ("id", "member", "catalog") VALUES ('7553f341-c0aa-406e-acde-ad91d2e2c905', 'c56112c4-4f42-46e5-8d48-34c7b84d7a33', 'fddda112-d70e-48fa-be17-1733fb584416');
INSERT INTO "map_member_to_catalog" ("id", "member", "catalog") VALUES ('aa877ce0-0b89-4103-9d13-f9405f419fe9', 'd2755f55-b047-42c2-9934-f557bcf2486d', '00000000-0000-0000-0000-000000000000');
INSERT INTO "map_member_to_catalog" ("id", "member", "catalog") VALUES ('f7b938ea-3365-41d3-8411-1429dd043331', 'd2755f55-b047-42c2-9934-f557bcf2486d', 'b0f7c6ae-e39a-4d9c-bc88-3d193917512f');
INSERT INTO "map_member_to_catalog" ("id", "member", "catalog") VALUES ('2d256695-f963-4a03-92f0-94c2e03b0808', 'd2755f55-b047-42c2-9934-f557bcf2486d', 'f20f2d8c-d7e3-4e1f-91d6-0122418c16a5');
INSERT INTO "map_member_to_catalog" ("id", "member", "catalog") VALUES ('6f7d4e01-afdc-43e2-9a06-f60644aac4d1', 'd6c310ee-a1ba-4705-8dbe-20bf41da77fd', '00000000-0000-0000-0000-000000000000');
INSERT INTO "map_member_to_catalog" ("id", "member", "catalog") VALUES ('04e36937-e956-4299-a070-f359200d75f8', 'd6c310ee-a1ba-4705-8dbe-20bf41da77fd', '2cf691ff-afb3-47d9-8ff3-7527f24b9e3a');
INSERT INTO "map_member_to_catalog" ("id", "member", "catalog") VALUES ('c80e932d-7244-4d7a-8e17-08c791c093b8', 'd6c310ee-a1ba-4705-8dbe-20bf41da77fd', '3ad3a74d-6e53-4542-98a7-82a781a922f4');
INSERT INTO "map_member_to_catalog" ("id", "member", "catalog") VALUES ('2c6183b1-bcbb-4ce9-97d2-33b7ab31a628', 'dcf5fd23-6213-44e3-ac50-b754690265fb', '00000000-0000-0000-0000-000000000000');
INSERT INTO "map_member_to_catalog" ("id", "member", "catalog") VALUES ('91319d60-6591-427e-8769-20dcd58b09b3', 'dcf5fd23-6213-44e3-ac50-b754690265fb', '27b2d5bb-af21-4246-9db3-3aca363e3eb3');
INSERT INTO "map_member_to_catalog" ("id", "member", "catalog") VALUES ('b1d23846-e2f2-4308-9e5e-ce7d4ee33cc7', 'dcf5fd23-6213-44e3-ac50-b754690265fb', '2cf691ff-afb3-47d9-8ff3-7527f24b9e3a');
INSERT INTO "map_member_to_catalog" ("id", "member", "catalog") VALUES ('c763440d-1316-4fd9-b131-c1ad93ef9a16', 'e14a7ed6-c7ce-4e67-9f53-0284c490c837', '00000000-0000-0000-0000-000000000000');
INSERT INTO "map_member_to_catalog" ("id", "member", "catalog") VALUES ('be82e835-6948-4094-9773-2ca47d6c09fd', 'e14a7ed6-c7ce-4e67-9f53-0284c490c837', '58bd4a95-b548-4bfb-97b0-b5653e2d2f63');
INSERT INTO "map_member_to_catalog" ("id", "member", "catalog") VALUES ('93a6d3b2-192d-4a01-a998-9edd891383ad', 'e14a7ed6-c7ce-4e67-9f53-0284c490c837', 'cf8883b6-8951-4fb4-ad5f-ec375ac8d9b3');
INSERT INTO "map_member_to_catalog" ("id", "member", "catalog") VALUES ('a4f9b4b5-88c4-4838-bf42-b6cfafe18cae', 'e4f9f237-9575-4eba-b3b2-bd4bd0b3c800', '00000000-0000-0000-0000-000000000000');
INSERT INTO "map_member_to_catalog" ("id", "member", "catalog") VALUES ('524c078e-1027-4406-a10e-98c6c05097ee', 'e4f9f237-9575-4eba-b3b2-bd4bd0b3c800', 'b54c1d58-df3f-4f2c-b385-4422bf22f400');
INSERT INTO "map_member_to_catalog" ("id", "member", "catalog") VALUES ('084bac27-742f-4e90-b58c-a73d1a264afd', 'f02f00af-fe7f-4581-9b2f-d74d335a6766', '00000000-0000-0000-0000-000000000000');
INSERT INTO "map_member_to_catalog" ("id", "member", "catalog") VALUES ('2bfc6bb7-c288-4545-aa28-c0a2fb61b770', 'f02f00af-fe7f-4581-9b2f-d74d335a6766', '58bd4a95-b548-4bfb-97b0-b5653e2d2f63');
INSERT INTO "map_member_to_catalog" ("id", "member", "catalog") VALUES ('b04f3cc3-c30f-49a4-a153-2bea21c24558', 'f128cce0-ee81-45b1-9fbb-93cc0dc61beb', '00000000-0000-0000-0000-000000000000');
INSERT INTO "map_member_to_catalog" ("id", "member", "catalog") VALUES ('d91c6dc0-08ed-4ab2-b19e-5566921643b8', 'f128cce0-ee81-45b1-9fbb-93cc0dc61beb', 'c98d63b5-d734-46fc-a19c-087678325acf');

-- ************************************************************************************************

-- ----------------------------
-- Records of rules
-- ----------------------------

INSERT INTO "rules" ("id", "term", "section", "subsection", "icon", "title", "description", "sortorder") VALUES ('086993e0-56aa-441f-8eaf-437c1c5c9691', 'manage', 'domain', 'exchange', 'key', 'Может управлять движением', '', '60');
INSERT INTO "rules" ("id", "term", "section", "subsection", "icon", "title", "description", "sortorder") VALUES ('0eecba74-ca40-4b8d-a710-03382483b0f4', 'manage', 'editions', 'calendar', 'key', 'Может управлять календарем', '', '20');
INSERT INTO "rules" ("id", "term", "section", "subsection", "icon", "title", "description", "sortorder") VALUES ('133743df-52ab-4277-b320-3ede5222cb12', 'work', 'editions', 'documents', 'key', 'Может просматривать материалы', '', '50');
INSERT INTO "rules" ("id", "term", "section", "subsection", "icon", "title", "description", "sortorder") VALUES ('2a3cae11-23ea-41c3-bdb8-d3dfdc0d486a', 'manage', 'domain', 'editions', 'key', 'Может управлять изданиями', '', '50');
INSERT INTO "rules" ("id", "term", "section", "subsection", "icon", "title", "description", "sortorder") VALUES ('2d34dbb9-db14-4fe8-a2c8-9a57e328b0b5', 'view', 'editions', 'layouts', 'key', 'Может просматривать полосы', '', '30');
INSERT INTO "rules" ("id", "term", "section", "subsection", "icon", "title", "description", "sortorder") VALUES ('2fde426b-ed30-4376-9a7b-25278e8f104a', 'allowed', 'domain', 'login', 'key', 'Может входит в программу', '', '10');
INSERT INTO "rules" ("id", "term", "section", "subsection", "icon", "title", "description", "sortorder") VALUES ('3040f8e1-051c-4876-8e8e-0ca4910e7e45', 'delete', 'catalog', 'documents', 'key', 'Может удалять материалы', '', '40');
INSERT INTO "rules" ("id", "term", "section", "subsection", "icon", "title", "description", "sortorder") VALUES ('32e0bb97-2bae-4ce8-865e-cdf0edb3fd93', 'manage', 'domain', 'employees', 'key', 'Может управлять сотрудниками', '', '40');
INSERT INTO "rules" ("id", "term", "section", "subsection", "icon", "title", "description", "sortorder") VALUES ('331895b6-5bbf-4222-a3a4-570b02c2aebe', 'manage', 'editions', 'index', 'key', 'Может управлять рубрикатором', '', '70');
INSERT INTO "rules" ("id", "term", "section", "subsection", "icon", "title", "description", "sortorder") VALUES ('52dc7f72-2057-43c0-831d-55e458d84f39', 'assign', 'editions', 'documents', 'key', 'Может назначать выпуск', '', '60');
INSERT INTO "rules" ("id", "term", "section", "subsection", "icon", "title", "description", "sortorder") VALUES ('5b27108a-2108-4846-a0a8-3c369f873590', 'update', 'catalog', 'documents', 'key', 'Может редактировать профиль материала', '', '60');
INSERT INTO "rules" ("id", "term", "section", "subsection", "icon", "title", "description", "sortorder") VALUES ('6033984a-a762-4392-b086-a8d2cdac4221', 'assign', 'catalog', 'documents', 'key', 'Может назначать в отдел', '', '30');
INSERT INTO "rules" ("id", "term", "section", "subsection", "icon", "title", "description", "sortorder") VALUES ('6406ad57-c889-47c5-acc6-0cd552e9cf5e', 'view', 'domain', 'configuration', 'key', 'Может просматривать конфигурацию', '', '20');
INSERT INTO "rules" ("id", "term", "section", "subsection", "icon", "title", "description", "sortorder") VALUES ('6d590a90-58a1-447f-b5ad-b0582b64571a', 'discuss', 'catalog', 'documents', 'key', 'Может учавствовать в обсуждении материалов', '', '140');
INSERT INTO "rules" ("id", "term", "section", "subsection", "icon", "title", "description", "sortorder") VALUES ('6d590a90-58a1-447f-b5ad-e3c62f80a2ef', 'briefcase', 'catalog', 'documents', 'key', 'Может перемещать материалы в портфель', '', '130');
INSERT INTO "rules" ("id", "term", "section", "subsection", "icon", "title", "description", "sortorder") VALUES ('76323a53-1c22-4ff4-8f19-5e43d5aa0bd4', 'view', 'editions', 'calendar', 'key', 'Может просматривать календарь', '', '10');
INSERT INTO "rules" ("id", "term", "section", "subsection", "icon", "title", "description", "sortorder") VALUES ('9a756e9c-243a-4f5e-b814-fe3d1162a5e9', 'manage', 'domain', 'index', 'key', 'Может управлять рубрикатором', '', '10');
INSERT INTO "rules" ("id", "term", "section", "subsection", "icon", "title", "description", "sortorder") VALUES ('9d057494-c2c6-41f5-9276-74b33b55c6e3', 'manage', 'domain', 'roles', 'key', 'Может управлять ролями', '', '70');
INSERT INTO "rules" ("id", "term", "section", "subsection", "icon", "title", "description", "sortorder") VALUES ('aa4e74ad-116e-4bb2-a910-899c4f288f40', 'manage', 'domain', 'readiness', 'key', 'Может управлять готовностью', '', '80');
INSERT INTO "rules" ("id", "term", "section", "subsection", "icon", "title", "description", "sortorder") VALUES ('ac0a0d95-c4d3-4bd7-93c3-cc0fc230936f', 'view', 'catalog', 'documents', 'key', 'Может просматривать материалы', '', '10');
INSERT INTO "rules" ("id", "term", "section", "subsection", "icon", "title", "description", "sortorder") VALUES ('b7adafe9-2d5b-44f3-aa87-681fd48466fa', 'move', 'catalog', 'documents', 'key', 'Может перемещать материалы между выпусками', '', '120');
INSERT INTO "rules" ("id", "term", "section", "subsection", "icon", "title", "description", "sortorder") VALUES ('b946bd84-93fc-4a70-b325-d23c2804b2e9', 'transfer', 'catalog', 'documents', 'key', 'Может передавать материалы другим сотрудникам', '', '110');
INSERT INTO "rules" ("id", "term", "section", "subsection", "icon", "title", "description", "sortorder") VALUES ('b98fb3fd-2593-44c8-bcd8-12da48693ef7', 'rss', 'catalog', 'documents', 'key', 'Может редактировать RSS', '', '150');
INSERT INTO "rules" ("id", "term", "section", "subsection", "icon", "title", "description", "sortorder") VALUES ('beba3e8d-86e5-4e98-b3eb-368da28dba5f', 'recover', 'catalog', 'documents', 'key', 'Может восстанавливать материалы', '', '50');
INSERT INTO "rules" ("id", "term", "section", "subsection", "icon", "title", "description", "sortorder") VALUES ('bff78ebf-2cba-466e-9e3c-89f13a0882fc', 'work', 'catalog', 'files', 'key', 'Может работать с файлами материала', '', '70');
INSERT INTO "rules" ("id", "term", "section", "subsection", "icon", "title", "description", "sortorder") VALUES ('d782679e-3f0a-4499-bda6-8c2600a3e761', 'capture', 'catalog', 'documents', 'key', 'Может захватывать материалы', '', '100');
INSERT INTO "rules" ("id", "term", "section", "subsection", "icon", "title", "description", "sortorder") VALUES ('e55d9548-36fe-4e51-bec2-663235b5383e', 'manage', 'domain', 'departments', 'key', 'Может управлять отделами', '', '30');
INSERT INTO "rules" ("id", "term", "section", "subsection", "icon", "title", "description", "sortorder") VALUES ('ed9580be-1f36-45d1-9b60-36a2a85e5589', 'manage', 'editions', 'layouts', 'key', 'Может управлять полосами', '', '40');
INSERT INTO "rules" ("id", "term", "section", "subsection", "icon", "title", "description", "sortorder") VALUES ('ee992171-d275-4d24-8def-7ff02adec408', 'create', 'catalog', 'documents', 'key', 'Может создавать материалы', '', '20');
INSERT INTO "rules" ("id", "term", "section", "subsection", "icon", "title", "description", "sortorder") VALUES ('f4ad42ed-b46b-4b4e-859f-1b69b918a64a', 'add', 'catalog', 'files', 'key', 'Мжет добавлять файлы в материал', '', '80');
INSERT INTO "rules" ("id", "term", "section", "subsection", "icon", "title", "description", "sortorder") VALUES ('fe9cd446-2f4b-4844-9b91-5092c0cabece', 'delete', 'catalog', 'files', 'key', 'Может удалять материалы', '', '90');

-- ----------------------------
-- Records of map_member_to_rule
-- ----------------------------

INSERT INTO "map_member_to_rule" ("id", "member", "section", "area", "binding", "term") VALUES ('000b5bb5-6f33-426d-a737-ca01b1cde69f', '0d8584de-7eaf-42e4-87ca-e866f01ec256', 'catalog', 'group', '96cdf2ed-0e11-4003-8754-2cd7d9c15c1b', 'b946bd84-93fc-4a70-b325-d23c2804b2e9');
INSERT INTO "map_member_to_rule" ("id", "member", "section", "area", "binding", "term") VALUES ('00315d1b-6b97-4612-b525-5f18fc1f8fd2', '42fd22f1-c486-41e7-bc7c-a69ff5379902', 'catalog', 'group', '58bd4a95-b548-4bfb-97b0-b5653e2d2f63', 'ac0a0d95-c4d3-4bd7-93c3-cc0fc230936f');
INSERT INTO "map_member_to_rule" ("id", "member", "section", "area", "binding", "term") VALUES ('0058e7f4-4166-4bd4-a014-c0db92cc63c5', '2e38a0dd-f056-4884-b599-43f169b8e899', 'catalog', 'group', 'fddda112-d70e-48fa-be17-1733fb584416', '6033984a-a762-4392-b086-a8d2cdac4221');
INSERT INTO "map_member_to_rule" ("id", "member", "section", "area", "binding", "term") VALUES ('007660a8-7115-4346-b0b4-2d3ab729f8e3', 'a030a3f5-fcf5-4259-9dd7-eb71d4a73c06', 'catalog', 'member', '704bb233-9609-4227-aee1-d773411e7b22', 'ee992171-d275-4d24-8def-7ff02adec408');
INSERT INTO "map_member_to_rule" ("id", "member", "section", "area", "binding", "term") VALUES ('0108d45a-bab2-479e-962e-ccdac4030ac8', 'b0e57330-1df3-4514-b983-e8aa1f8ece02', 'editions', 'edition', '6c48d112-d527-4b4b-9f06-ea92e45b408c', '2d34dbb9-db14-4fe8-a2c8-9a57e328b0b5');
INSERT INTO "map_member_to_rule" ("id", "member", "section", "area", "binding", "term") VALUES ('010c4a16-ed29-4b76-9d19-2ac99f07335d', 'b0e57330-1df3-4514-b983-e8aa1f8ece02', 'editions', 'edition', '57ea720b-39fb-4e96-bcb6-ae3ebf6d474b', '133743df-52ab-4277-b320-3ede5222cb12');
INSERT INTO "map_member_to_rule" ("id", "member", "section", "area", "binding", "term") VALUES ('01ea99c7-d993-45f5-a525-f2c54306f17d', '5b1d1ef0-0318-49b7-bed8-3934852ee897', 'catalog', 'member', 'f20f2d8c-d7e3-4e1f-91d6-0122418c16a5', '3040f8e1-051c-4876-8e8e-0ca4910e7e45');
INSERT INTO "map_member_to_rule" ("id", "member", "section", "area", "binding", "term") VALUES ('024866fa-a954-4d11-952c-bae2fa49fb7c', '6f47f907-cc23-4078-812b-aa8422c5dc71', 'catalog', 'member', '58bd4a95-b548-4bfb-97b0-b5653e2d2f63', 'ac0a0d95-c4d3-4bd7-93c3-cc0fc230936f');
INSERT INTO "map_member_to_rule" ("id", "member", "section", "area", "binding", "term") VALUES ('0292c3e3-e22e-4395-8c12-f359c4c81fc3', 'a030a3f5-fcf5-4259-9dd7-eb71d4a73c06', 'domain', 'domain', '00000000-0000-0000-0000-000000000000', '32e0bb97-2bae-4ce8-865e-cdf0edb3fd93');
INSERT INTO "map_member_to_rule" ("id", "member", "section", "area", "binding", "term") VALUES ('0301440e-5940-454d-b38f-ad40fc577813', '70769a8d-5e64-4d8a-9c06-f18e66817d64', 'editions', 'edition', '9fd8bed1-14f1-48d1-9f3e-2ab59e6cd047', '133743df-52ab-4277-b320-3ede5222cb12');
INSERT INTO "map_member_to_rule" ("id", "member", "section", "area", "binding", "term") VALUES ('049399ab-972e-4b42-9bf5-be17d787fc61', 'a030a3f5-fcf5-4259-9dd7-eb71d4a73c06', 'catalog', 'member', '704bb233-9609-4227-aee1-d773411e7b22', '6d590a90-58a1-447f-b5ad-b0582b64571a');
INSERT INTO "map_member_to_rule" ("id", "member", "section", "area", "binding", "term") VALUES ('04cb20d7-b783-410e-a5c0-9b92f3ea4e3c', '39d40812-fc54-4342-9b98-e1c1f4222d22', 'catalog', 'member', 'c24d5e12-9b75-4dec-9ce8-1a9672458c32', 'f4ad42ed-b46b-4b4e-859f-1b69b918a64a');
INSERT INTO "map_member_to_rule" ("id", "member", "section", "area", "binding", "term") VALUES ('05145cf3-c7c9-415c-b486-553974bc10b7', 'a030a3f5-fcf5-4259-9dd7-eb71d4a73c06', 'catalog', 'group', 'c98d63b5-d734-46fc-a19c-087678325acf', 'bff78ebf-2cba-466e-9e3c-89f13a0882fc');
INSERT INTO "map_member_to_rule" ("id", "member", "section", "area", "binding", "term") VALUES ('07a39073-8df7-462f-af27-eb272c708d50', 'a030a3f5-fcf5-4259-9dd7-eb71d4a73c06', 'editions', 'edition', '00000000-0000-0000-0000-000000000000', '331895b6-5bbf-4222-a3a4-570b02c2aebe');
INSERT INTO "map_member_to_rule" ("id", "member", "section", "area", "binding", "term") VALUES ('07a76ffe-1121-482d-95ca-dfdc59c670b2', '73918964-5364-45ba-aef0-a630fb1413c7', 'catalog', 'member', '58bd4a95-b548-4bfb-97b0-b5653e2d2f63', 'b946bd84-93fc-4a70-b325-d23c2804b2e9');
INSERT INTO "map_member_to_rule" ("id", "member", "section", "area", "binding", "term") VALUES ('07a8045e-004f-40b4-9d1e-02de69cac714', 'b0e57330-1df3-4514-b983-e8aa1f8ece02', 'catalog', 'group', 'c98d63b5-d734-46fc-a19c-087678325acf', 'ac0a0d95-c4d3-4bd7-93c3-cc0fc230936f');
INSERT INTO "map_member_to_rule" ("id", "member", "section", "area", "binding", "term") VALUES ('0959600e-bda7-4b01-9d6b-1411b73968d4', '56173fe7-ced3-4a43-bcb2-12fc00e9c7f0', 'catalog', 'member', 'f20f2d8c-d7e3-4e1f-91d6-0122418c16a5', 'beba3e8d-86e5-4e98-b3eb-368da28dba5f');
INSERT INTO "map_member_to_rule" ("id", "member", "section", "area", "binding", "term") VALUES ('0979807f-0ef3-4663-9087-8fd2b0138b9e', 'b0e57330-1df3-4514-b983-e8aa1f8ece02', 'domain', 'domain', '00000000-0000-0000-0000-000000000000', '2fde426b-ed30-4376-9a7b-25278e8f104a');
INSERT INTO "map_member_to_rule" ("id", "member", "section", "area", "binding", "term") VALUES ('098c6721-1f8a-4c86-9b31-cc30e75670a7', 'a030a3f5-fcf5-4259-9dd7-eb71d4a73c06', 'domain', 'domain', '00000000-0000-0000-0000-000000000000', '2fde426b-ed30-4376-9a7b-25278e8f104a');
INSERT INTO "map_member_to_rule" ("id", "member", "section", "area", "binding", "term") VALUES ('099836ef-f917-4d2f-8f7f-c8e5a4926ff4', 'a030a3f5-fcf5-4259-9dd7-eb71d4a73c06', 'catalog', 'member', '4723e427-4c5a-4111-b240-08fda5075098', '6033984a-a762-4392-b086-a8d2cdac4221');
INSERT INTO "map_member_to_rule" ("id", "member", "section", "area", "binding", "term") VALUES ('0bee6b2d-3f63-4552-8aff-99fba6c8aacb', 'b0e57330-1df3-4514-b983-e8aa1f8ece02', 'catalog', 'group', '33772121-f187-49bc-884d-2083413f7644', 'b7adafe9-2d5b-44f3-aa87-681fd48466fa');
INSERT INTO "map_member_to_rule" ("id", "member", "section", "area", "binding", "term") VALUES ('0c773630-a33f-4ebb-93ff-599e937411cb', '562b2852-3de3-4f4c-b130-06a29e3ed8ee', 'editions', 'edition', '9fd8bed1-14f1-48d1-9f3e-2ab59e6cd047', '133743df-52ab-4277-b320-3ede5222cb12');
INSERT INTO "map_member_to_rule" ("id", "member", "section", "area", "binding", "term") VALUES ('0d0e85f4-21b9-46d5-b477-c02509725da0', '70769a8d-5e64-4d8a-9c06-f18e66817d64', 'catalog', 'member', '27b2d5bb-af21-4246-9db3-3aca363e3eb3', 'ee992171-d275-4d24-8def-7ff02adec408');
INSERT INTO "map_member_to_rule" ("id", "member", "section", "area", "binding", "term") VALUES ('0d3ebe35-3275-4864-8a8c-ab0d1fe60978', '74dd7b68-8075-4260-ad5e-18c2ff4a0acc', 'catalog', 'member', '58bd4a95-b548-4bfb-97b0-b5653e2d2f63', 'b946bd84-93fc-4a70-b325-d23c2804b2e9');
INSERT INTO "map_member_to_rule" ("id", "member", "section", "area", "binding", "term") VALUES ('0da185ec-eb6f-4ed5-8aa0-a2caee73b6be', 'b0e57330-1df3-4514-b983-e8aa1f8ece02', 'catalog', 'group', '33772121-f187-49bc-884d-2083413f7644', '6d590a90-58a1-447f-b5ad-e3c62f80a2ef');
INSERT INTO "map_member_to_rule" ("id", "member", "section", "area", "binding", "term") VALUES ('0e20a26f-04da-4670-8528-17b8e339edfc', 'e4f9f237-9575-4eba-b3b2-bd4bd0b3c800', 'editions', 'edition', '2520b40f-8e03-45fd-aa06-74631e4b2715', '0eecba74-ca40-4b8d-a710-03382483b0f4');
INSERT INTO "map_member_to_rule" ("id", "member", "section", "area", "binding", "term") VALUES ('0e214b8d-9682-4f52-b9a8-a061af8622b5', 'a030a3f5-fcf5-4259-9dd7-eb71d4a73c06', 'catalog', 'member', '704bb233-9609-4227-aee1-d773411e7b22', 'fe9cd446-2f4b-4844-9b91-5092c0cabece');
INSERT INTO "map_member_to_rule" ("id", "member", "section", "area", "binding", "term") VALUES ('0e2bbc05-2f2e-4910-a80c-4b153f404f95', '6f47f907-cc23-4078-812b-aa8422c5dc71', 'catalog', 'group', '58bd4a95-b548-4bfb-97b0-b5653e2d2f63', '6d590a90-58a1-447f-b5ad-b0582b64571a');
INSERT INTO "map_member_to_rule" ("id", "member", "section", "area", "binding", "term") VALUES ('0e67422c-d187-4f66-965b-b3d9a9617238', 'c56112c4-4f42-46e5-8d48-34c7b84d7a33', 'catalog', 'group', 'fddda112-d70e-48fa-be17-1733fb584416', 'f4ad42ed-b46b-4b4e-859f-1b69b918a64a');
INSERT INTO "map_member_to_rule" ("id", "member", "section", "area", "binding", "term") VALUES ('0ed7986e-ca21-4279-a959-47d1875c52c4', '74dd7b68-8075-4260-ad5e-18c2ff4a0acc', 'catalog', 'member', '58bd4a95-b548-4bfb-97b0-b5653e2d2f63', 'ee992171-d275-4d24-8def-7ff02adec408');
INSERT INTO "map_member_to_rule" ("id", "member", "section", "area", "binding", "term") VALUES ('0f2a0d3f-ef4e-417f-ba6e-a6071a281c9a', '42fd22f1-c486-41e7-bc7c-a69ff5379902', 'catalog', 'member', '58bd4a95-b548-4bfb-97b0-b5653e2d2f63', 'bff78ebf-2cba-466e-9e3c-89f13a0882fc');
INSERT INTO "map_member_to_rule" ("id", "member", "section", "area", "binding", "term") VALUES ('10f41d8a-46a5-4f2d-824d-321243b92bc0', '39d40812-fc54-4342-9b98-e1c1f4222d22', 'domain', 'domain', '00000000-0000-0000-0000-000000000000', '086993e0-56aa-441f-8eaf-437c1c5c9691');
INSERT INTO "map_member_to_rule" ("id", "member", "section", "area", "binding", "term") VALUES ('117fe8f7-9684-49fd-a243-ffb58b87804f', '0d8584de-7eaf-42e4-87ca-e866f01ec256', 'catalog', 'member', '96cdf2ed-0e11-4003-8754-2cd7d9c15c1b', '6033984a-a762-4392-b086-a8d2cdac4221');
INSERT INTO "map_member_to_rule" ("id", "member", "section", "area", "binding", "term") VALUES ('119f6327-c6c5-4a63-878b-e23187ddd0c7', 'a030a3f5-fcf5-4259-9dd7-eb71d4a73c06', 'catalog', 'group', 'c98d63b5-d734-46fc-a19c-087678325acf', '6d590a90-58a1-447f-b5ad-b0582b64571a');
INSERT INTO "map_member_to_rule" ("id", "member", "section", "area", "binding", "term") VALUES ('12d54890-e4c7-43db-9c97-15feb0ba1c2b', '74dd7b68-8075-4260-ad5e-18c2ff4a0acc', 'catalog', 'member', '58bd4a95-b548-4bfb-97b0-b5653e2d2f63', '3040f8e1-051c-4876-8e8e-0ca4910e7e45');
INSERT INTO "map_member_to_rule" ("id", "member", "section", "area", "binding", "term") VALUES ('1325eb6f-31a2-412c-bdf2-07cee341b433', '74dd7b68-8075-4260-ad5e-18c2ff4a0acc', 'editions', 'edition', '9fd8bed1-14f1-48d1-9f3e-2ab59e6cd047', '133743df-52ab-4277-b320-3ede5222cb12');
INSERT INTO "map_member_to_rule" ("id", "member", "section", "area", "binding", "term") VALUES ('13326623-6a90-4ca6-a49d-ba09f667dc9e', '2e38a0dd-f056-4884-b599-43f169b8e899', 'catalog', 'group', 'fddda112-d70e-48fa-be17-1733fb584416', 'ee992171-d275-4d24-8def-7ff02adec408');
INSERT INTO "map_member_to_rule" ("id", "member", "section", "area", "binding", "term") VALUES ('1433cf43-3084-4c20-93fb-5a5beae44796', 'e4f9f237-9575-4eba-b3b2-bd4bd0b3c800', 'catalog', 'group', '571e983f-cc61-4d48-a761-0c27fa9a9dbc', 'f4ad42ed-b46b-4b4e-859f-1b69b918a64a');
INSERT INTO "map_member_to_rule" ("id", "member", "section", "area", "binding", "term") VALUES ('16343503-27c6-4d5f-9e60-35b7c21d6ab4', '42fd22f1-c486-41e7-bc7c-a69ff5379902', 'catalog', 'member', '58bd4a95-b548-4bfb-97b0-b5653e2d2f63', 'fe9cd446-2f4b-4844-9b91-5092c0cabece');
INSERT INTO "map_member_to_rule" ("id", "member", "section", "area", "binding", "term") VALUES ('16747569-83b2-4d0e-9fc9-3c3c27c968f2', '6f47f907-cc23-4078-812b-aa8422c5dc71', 'domain', 'domain', '00000000-0000-0000-0000-000000000000', '2fde426b-ed30-4376-9a7b-25278e8f104a');
INSERT INTO "map_member_to_rule" ("id", "member", "section", "area", "binding", "term") VALUES ('168fb403-8ccd-4ae9-a33c-d50e7703ec58', 'a030a3f5-fcf5-4259-9dd7-eb71d4a73c06', 'editions', 'edition', 'd18c1f79-b450-449c-8bf8-97cbe9ef41ba', '133743df-52ab-4277-b320-3ede5222cb12');
INSERT INTO "map_member_to_rule" ("id", "member", "section", "area", "binding", "term") VALUES ('1697b7ce-aa5b-4719-9acf-687f4d6ebb1e', '39d40812-fc54-4342-9b98-e1c1f4222d22', 'domain', 'domain', '00000000-0000-0000-0000-000000000000', '2fde426b-ed30-4376-9a7b-25278e8f104a');
INSERT INTO "map_member_to_rule" ("id", "member", "section", "area", "binding", "term") VALUES ('16c848e4-bff8-43c5-84b7-eeecd98f256d', '39d40812-fc54-4342-9b98-e1c1f4222d22', 'editions', 'edition', '57ea720b-39fb-4e96-bcb6-ae3ebf6d474b', '0eecba74-ca40-4b8d-a710-03382483b0f4');
INSERT INTO "map_member_to_rule" ("id", "member", "section", "area", "binding", "term") VALUES ('1816ba36-c375-456b-a229-6d8ca76f6bc1', '562b2852-3de3-4f4c-b130-06a29e3ed8ee', 'catalog', 'group', '27b2d5bb-af21-4246-9db3-3aca363e3eb3', 'ee992171-d275-4d24-8def-7ff02adec408');
INSERT INTO "map_member_to_rule" ("id", "member", "section", "area", "binding", "term") VALUES ('183198e5-21b9-465d-80eb-819c57dd9f2b', '562b2852-3de3-4f4c-b130-06a29e3ed8ee', 'domain', 'domain', '00000000-0000-0000-0000-000000000000', '2fde426b-ed30-4376-9a7b-25278e8f104a');
INSERT INTO "map_member_to_rule" ("id", "member", "section", "area", "binding", "term") VALUES ('1877bf12-b1d1-4187-8fda-dbbf7a113404', '56173fe7-ced3-4a43-bcb2-12fc00e9c7f0', 'domain', 'domain', '00000000-0000-0000-0000-000000000000', '2fde426b-ed30-4376-9a7b-25278e8f104a');
INSERT INTO "map_member_to_rule" ("id", "member", "section", "area", "binding", "term") VALUES ('18830061-4090-4fc4-b0aa-d3c3b18e4a2e', '562b2852-3de3-4f4c-b130-06a29e3ed8ee', 'catalog', 'group', '27b2d5bb-af21-4246-9db3-3aca363e3eb3', 'fe9cd446-2f4b-4844-9b91-5092c0cabece');
INSERT INTO "map_member_to_rule" ("id", "member", "section", "area", "binding", "term") VALUES ('1c6d1f3d-c4ad-4a2a-95d8-f0bb4637cc31', '39d40812-fc54-4342-9b98-e1c1f4222d22', 'domain', 'domain', '00000000-0000-0000-0000-000000000000', 'e55d9548-36fe-4e51-bec2-663235b5383e');
INSERT INTO "map_member_to_rule" ("id", "member", "section", "area", "binding", "term") VALUES ('1c989412-1163-4499-a532-c20b035d50e8', 'e4f9f237-9575-4eba-b3b2-bd4bd0b3c800', 'catalog', 'group', '571e983f-cc61-4d48-a761-0c27fa9a9dbc', 'b946bd84-93fc-4a70-b325-d23c2804b2e9');
INSERT INTO "map_member_to_rule" ("id", "member", "section", "area", "binding", "term") VALUES ('1d4d63ee-fad8-4f5c-bc8d-592d7529accd', '56173fe7-ced3-4a43-bcb2-12fc00e9c7f0', 'catalog', 'group', 'f20f2d8c-d7e3-4e1f-91d6-0122418c16a5', '6d590a90-58a1-447f-b5ad-b0582b64571a');
INSERT INTO "map_member_to_rule" ("id", "member", "section", "area", "binding", "term") VALUES ('1d5aced8-cb7d-42ce-8ea2-e3a4ad01f7f9', '8a27227a-5286-4349-9f98-57ab98a6fdc7', 'catalog', 'group', '37250c10-a052-4806-b065-5708702e842d', '6033984a-a762-4392-b086-a8d2cdac4221');
INSERT INTO "map_member_to_rule" ("id", "member", "section", "area", "binding", "term") VALUES ('1d821a14-5451-4cc5-a488-01fed048f687', 'a030a3f5-fcf5-4259-9dd7-eb71d4a73c06', 'editions', 'edition', 'd18c1f79-b450-449c-8bf8-97cbe9ef41ba', 'ed9580be-1f36-45d1-9b60-36a2a85e5589');
INSERT INTO "map_member_to_rule" ("id", "member", "section", "area", "binding", "term") VALUES ('1d89311f-e458-4d11-90a4-5d01ca5f5467', 'a030a3f5-fcf5-4259-9dd7-eb71d4a73c06', 'editions', 'edition', '57ea720b-39fb-4e96-bcb6-ae3ebf6d474b', '76323a53-1c22-4ff4-8f19-5e43d5aa0bd4');
INSERT INTO "map_member_to_rule" ("id", "member", "section", "area", "binding", "term") VALUES ('1e5d0090-5f4b-45e7-9ae8-ae112213f3b3', 'b0e57330-1df3-4514-b983-e8aa1f8ece02', 'catalog', 'member', 'c98d63b5-d734-46fc-a19c-087678325acf', '3040f8e1-051c-4876-8e8e-0ca4910e7e45');
INSERT INTO "map_member_to_rule" ("id", "member", "section", "area", "binding", "term") VALUES ('1eaac3b8-cdb0-455b-b05b-8e19bdc77c13', '6c5deedb-8ee2-4540-89dd-e97df1cdf4c3', 'catalog', 'group', '33772121-f187-49bc-884d-2083413f7644', 'fe9cd446-2f4b-4844-9b91-5092c0cabece');
INSERT INTO "map_member_to_rule" ("id", "member", "section", "area", "binding", "term") VALUES ('1ec7ca3f-423c-4d8d-83b8-55c83a95cbbe', 'a030a3f5-fcf5-4259-9dd7-eb71d4a73c06', 'editions', 'edition', '00000000-0000-0000-0000-000000000000', '133743df-52ab-4277-b320-3ede5222cb12');
INSERT INTO "map_member_to_rule" ("id", "member", "section", "area", "binding", "term") VALUES ('21a2befa-a41c-480e-bd5a-441011962a7e', 'dcf5fd23-6213-44e3-ac50-b754690265fb', 'catalog', 'group', '27b2d5bb-af21-4246-9db3-3aca363e3eb3', '6d590a90-58a1-447f-b5ad-b0582b64571a');
INSERT INTO "map_member_to_rule" ("id", "member", "section", "area", "binding", "term") VALUES ('21c59504-8fa1-449c-8ce0-74adf49036fd', '562b2852-3de3-4f4c-b130-06a29e3ed8ee', 'catalog', 'group', '27b2d5bb-af21-4246-9db3-3aca363e3eb3', 'd782679e-3f0a-4499-bda6-8c2600a3e761');
INSERT INTO "map_member_to_rule" ("id", "member", "section", "area", "binding", "term") VALUES ('21c9992b-9c53-4abf-bc00-3e6263648683', '74dd7b68-8075-4260-ad5e-18c2ff4a0acc', 'catalog', 'member', '58bd4a95-b548-4bfb-97b0-b5653e2d2f63', 'beba3e8d-86e5-4e98-b3eb-368da28dba5f');
INSERT INTO "map_member_to_rule" ("id", "member", "section", "area", "binding", "term") VALUES ('2217ea09-9e24-40b7-83b2-52f771ec6fac', 'e14a7ed6-c7ce-4e67-9f53-0284c490c837', 'catalog', 'member', '58bd4a95-b548-4bfb-97b0-b5653e2d2f63', 'beba3e8d-86e5-4e98-b3eb-368da28dba5f');
INSERT INTO "map_member_to_rule" ("id", "member", "section", "area", "binding", "term") VALUES ('22e1127d-d55d-45ec-a314-353cb9c49f8a', 'b0e57330-1df3-4514-b983-e8aa1f8ece02', 'editions', 'edition', '57ea720b-39fb-4e96-bcb6-ae3ebf6d474b', '52dc7f72-2057-43c0-831d-55e458d84f39');
INSERT INTO "map_member_to_rule" ("id", "member", "section", "area", "binding", "term") VALUES ('241ca46d-1758-403f-ae14-9323cd3e0d5e', 'a030a3f5-fcf5-4259-9dd7-eb71d4a73c06', 'catalog', 'member', '704bb233-9609-4227-aee1-d773411e7b22', '3040f8e1-051c-4876-8e8e-0ca4910e7e45');
INSERT INTO "map_member_to_rule" ("id", "member", "section", "area", "binding", "term") VALUES ('251b778e-1295-40e7-9ed1-300d0238d585', 'd6c310ee-a1ba-4705-8dbe-20bf41da77fd', 'catalog', 'member', '3ad3a74d-6e53-4542-98a7-82a781a922f4', 'b946bd84-93fc-4a70-b325-d23c2804b2e9');
INSERT INTO "map_member_to_rule" ("id", "member", "section", "area", "binding", "term") VALUES ('252b1483-0379-43cc-aef5-0361a26a20f2', '39d40812-fc54-4342-9b98-e1c1f4222d22', 'editions', 'edition', '2520b40f-8e03-45fd-aa06-74631e4b2715', '52dc7f72-2057-43c0-831d-55e458d84f39');
INSERT INTO "map_member_to_rule" ("id", "member", "section", "area", "binding", "term") VALUES ('2576aefd-f47f-40f4-ad89-69e5d4443fc3', '6c5deedb-8ee2-4540-89dd-e97df1cdf4c3', 'editions', 'edition', '9fd8bed1-14f1-48d1-9f3e-2ab59e6cd047', '133743df-52ab-4277-b320-3ede5222cb12');
INSERT INTO "map_member_to_rule" ("id", "member", "section", "area", "binding", "term") VALUES ('263fff65-ebdb-47f9-8fdb-069b02dac9de', 'a030a3f5-fcf5-4259-9dd7-eb71d4a73c06', 'editions', 'edition', '57ea720b-39fb-4e96-bcb6-ae3ebf6d474b', '133743df-52ab-4277-b320-3ede5222cb12');
INSERT INTO "map_member_to_rule" ("id", "member", "section", "area", "binding", "term") VALUES ('264076e1-a7b3-473b-929d-f6e2a9349068', 'b0e57330-1df3-4514-b983-e8aa1f8ece02', 'catalog', 'member', 'c98d63b5-d734-46fc-a19c-087678325acf', 'bff78ebf-2cba-466e-9e3c-89f13a0882fc');
INSERT INTO "map_member_to_rule" ("id", "member", "section", "area", "binding", "term") VALUES ('264f65b8-ed30-47ee-b916-655557b0a7ec', '74dd7b68-8075-4260-ad5e-18c2ff4a0acc', 'domain', 'domain', '00000000-0000-0000-0000-000000000000', '2fde426b-ed30-4376-9a7b-25278e8f104a');
INSERT INTO "map_member_to_rule" ("id", "member", "section", "area", "binding", "term") VALUES ('26594ebb-e138-4eee-8e23-428936569ed4', '42fd22f1-c486-41e7-bc7c-a69ff5379902', 'catalog', 'member', '58bd4a95-b548-4bfb-97b0-b5653e2d2f63', 'ee992171-d275-4d24-8def-7ff02adec408');
INSERT INTO "map_member_to_rule" ("id", "member", "section", "area", "binding", "term") VALUES ('26e81655-0b3b-4d54-8c64-93c7c971df2b', 'e4f9f237-9575-4eba-b3b2-bd4bd0b3c800', 'domain', 'domain', '00000000-0000-0000-0000-000000000000', 'aa4e74ad-116e-4bb2-a910-899c4f288f40');
INSERT INTO "map_member_to_rule" ("id", "member", "section", "area", "binding", "term") VALUES ('27db47ee-ec1f-4fef-9045-b3071c78ec8a', 'b0e57330-1df3-4514-b983-e8aa1f8ece02', 'editions', 'edition', '6c48d112-d527-4b4b-9f06-ea92e45b408c', 'ed9580be-1f36-45d1-9b60-36a2a85e5589');
INSERT INTO "map_member_to_rule" ("id", "member", "section", "area", "binding", "term") VALUES ('281da550-fa15-4919-a514-f10f44c9159b', 'b0e57330-1df3-4514-b983-e8aa1f8ece02', 'editions', 'edition', '57ea720b-39fb-4e96-bcb6-ae3ebf6d474b', '0eecba74-ca40-4b8d-a710-03382483b0f4');
INSERT INTO "map_member_to_rule" ("id", "member", "section", "area", "binding", "term") VALUES ('284854d0-3150-4648-8d58-6f1a774780ce', '6c5deedb-8ee2-4540-89dd-e97df1cdf4c3', 'editions', 'edition', '9fd8bed1-14f1-48d1-9f3e-2ab59e6cd047', '0eecba74-ca40-4b8d-a710-03382483b0f4');
INSERT INTO "map_member_to_rule" ("id", "member", "section", "area", "binding", "term") VALUES ('296c26db-da21-412f-ae8c-5caf3639d0a8', 'c56112c4-4f42-46e5-8d48-34c7b84d7a33', 'domain', 'domain', '00000000-0000-0000-0000-000000000000', '2fde426b-ed30-4376-9a7b-25278e8f104a');
INSERT INTO "map_member_to_rule" ("id", "member", "section", "area", "binding", "term") VALUES ('2a40363a-49ca-45ac-90a3-158245bf5353', 'a030a3f5-fcf5-4259-9dd7-eb71d4a73c06', 'catalog', 'member', 'c98d63b5-d734-46fc-a19c-087678325acf', '6033984a-a762-4392-b086-a8d2cdac4221');
INSERT INTO "map_member_to_rule" ("id", "member", "section", "area", "binding", "term") VALUES ('2b0c9d6e-408d-4a97-aa7c-f5bc6715ac55', 'c56112c4-4f42-46e5-8d48-34c7b84d7a33', 'catalog', 'member', 'fddda112-d70e-48fa-be17-1733fb584416', 'b946bd84-93fc-4a70-b325-d23c2804b2e9');
INSERT INTO "map_member_to_rule" ("id", "member", "section", "area", "binding", "term") VALUES ('2b50ec94-3936-4e2b-801a-129724c2bbe4', '39d40812-fc54-4342-9b98-e1c1f4222d22', 'domain', 'domain', '00000000-0000-0000-0000-000000000000', 'aa4e74ad-116e-4bb2-a910-899c4f288f40');
INSERT INTO "map_member_to_rule" ("id", "member", "section", "area", "binding", "term") VALUES ('2c6aeeff-479e-4018-88d0-fff35eefc048', 'b0e57330-1df3-4514-b983-e8aa1f8ece02', 'catalog', 'member', 'c98d63b5-d734-46fc-a19c-087678325acf', '6033984a-a762-4392-b086-a8d2cdac4221');
INSERT INTO "map_member_to_rule" ("id", "member", "section", "area", "binding", "term") VALUES ('2c8ba45d-2bb4-4feb-8a80-827f7427d5f5', '74dd7b68-8075-4260-ad5e-18c2ff4a0acc', 'catalog', 'group', '58bd4a95-b548-4bfb-97b0-b5653e2d2f63', '6d590a90-58a1-447f-b5ad-b0582b64571a');
INSERT INTO "map_member_to_rule" ("id", "member", "section", "area", "binding", "term") VALUES ('2ca6d813-cd2a-47ea-a869-9e834fa69751', 'e14a7ed6-c7ce-4e67-9f53-0284c490c837', 'catalog', 'member', '58bd4a95-b548-4bfb-97b0-b5653e2d2f63', 'ee992171-d275-4d24-8def-7ff02adec408');
INSERT INTO "map_member_to_rule" ("id", "member", "section", "area", "binding", "term") VALUES ('2ca9ee49-a5de-4997-b254-85791de7adff', '6f47f907-cc23-4078-812b-aa8422c5dc71', 'catalog', 'group', '58bd4a95-b548-4bfb-97b0-b5653e2d2f63', 'f4ad42ed-b46b-4b4e-859f-1b69b918a64a');
INSERT INTO "map_member_to_rule" ("id", "member", "section", "area", "binding", "term") VALUES ('2ce5d87a-61c9-4dea-b05e-328c7719caed', '70769a8d-5e64-4d8a-9c06-f18e66817d64', 'catalog', 'member', '27b2d5bb-af21-4246-9db3-3aca363e3eb3', 'fe9cd446-2f4b-4844-9b91-5092c0cabece');
INSERT INTO "map_member_to_rule" ("id", "member", "section", "area", "binding", "term") VALUES ('2d678cad-8b5d-4d79-a638-cf603ac44c2a', 'd6c310ee-a1ba-4705-8dbe-20bf41da77fd', 'catalog', 'member', '3ad3a74d-6e53-4542-98a7-82a781a922f4', 'fe9cd446-2f4b-4844-9b91-5092c0cabece');
INSERT INTO "map_member_to_rule" ("id", "member", "section", "area", "binding", "term") VALUES ('2d710aa5-3d66-4a91-afa0-aa6945cd75c1', 'a030a3f5-fcf5-4259-9dd7-eb71d4a73c06', 'editions', 'edition', 'd18c1f79-b450-449c-8bf8-97cbe9ef41ba', '0eecba74-ca40-4b8d-a710-03382483b0f4');
INSERT INTO "map_member_to_rule" ("id", "member", "section", "area", "binding", "term") VALUES ('2d7d367d-79db-4bdf-a373-e13b89a3ec47', '39d40812-fc54-4342-9b98-e1c1f4222d22', 'editions', 'edition', '57ea720b-39fb-4e96-bcb6-ae3ebf6d474b', 'ed9580be-1f36-45d1-9b60-36a2a85e5589');
INSERT INTO "map_member_to_rule" ("id", "member", "section", "area", "binding", "term") VALUES ('2dc9d8fc-f285-4b9a-846c-84ec34653fe6', '5b1d1ef0-0318-49b7-bed8-3934852ee897', 'catalog', 'member', 'f20f2d8c-d7e3-4e1f-91d6-0122418c16a5', 'bff78ebf-2cba-466e-9e3c-89f13a0882fc');
INSERT INTO "map_member_to_rule" ("id", "member", "section", "area", "binding", "term") VALUES ('2e06338b-25e2-4df4-a72c-fd61643d16ef', 'e14a7ed6-c7ce-4e67-9f53-0284c490c837', 'catalog', 'member', '58bd4a95-b548-4bfb-97b0-b5653e2d2f63', '3040f8e1-051c-4876-8e8e-0ca4910e7e45');
INSERT INTO "map_member_to_rule" ("id", "member", "section", "area", "binding", "term") VALUES ('2e0ae67a-e56d-41cc-be0e-e540bc68b452', 'a030a3f5-fcf5-4259-9dd7-eb71d4a73c06', 'editions', 'edition', '6c48d112-d527-4b4b-9f06-ea92e45b408c', 'ed9580be-1f36-45d1-9b60-36a2a85e5589');
INSERT INTO "map_member_to_rule" ("id", "member", "section", "area", "binding", "term") VALUES ('2e738002-b52c-4da2-935f-caf3879e0cb6', 'b0e57330-1df3-4514-b983-e8aa1f8ece02', 'catalog', 'group', '33772121-f187-49bc-884d-2083413f7644', 'd782679e-3f0a-4499-bda6-8c2600a3e761');
INSERT INTO "map_member_to_rule" ("id", "member", "section", "area", "binding", "term") VALUES ('2f362036-1c4e-4670-9009-853c7c0de82c', 'b0e57330-1df3-4514-b983-e8aa1f8ece02', 'catalog', 'member', 'c98d63b5-d734-46fc-a19c-087678325acf', '5b27108a-2108-4846-a0a8-3c369f873590');
INSERT INTO "map_member_to_rule" ("id", "member", "section", "area", "binding", "term") VALUES ('2f96242b-5c76-4418-afcb-4b2e75f95b48', '39d40812-fc54-4342-9b98-e1c1f4222d22', 'domain', 'domain', '00000000-0000-0000-0000-000000000000', '6406ad57-c889-47c5-acc6-0cd552e9cf5e');
INSERT INTO "map_member_to_rule" ("id", "member", "section", "area", "binding", "term") VALUES ('3112cc55-dec3-43b6-992d-c1abd3cf7091', '0d8584de-7eaf-42e4-87ca-e866f01ec256', 'catalog', 'member', '96cdf2ed-0e11-4003-8754-2cd7d9c15c1b', '3040f8e1-051c-4876-8e8e-0ca4910e7e45');
INSERT INTO "map_member_to_rule" ("id", "member", "section", "area", "binding", "term") VALUES ('3351abba-86aa-4212-9575-72e9e7a98e08', 'e14a7ed6-c7ce-4e67-9f53-0284c490c837', 'catalog', 'member', '58bd4a95-b548-4bfb-97b0-b5653e2d2f63', 'b946bd84-93fc-4a70-b325-d23c2804b2e9');
INSERT INTO "map_member_to_rule" ("id", "member", "section", "area", "binding", "term") VALUES ('335cbd06-3c57-4565-b247-c8228fa7a3cb', '6f47f907-cc23-4078-812b-aa8422c5dc71', 'catalog', 'member', '58bd4a95-b548-4bfb-97b0-b5653e2d2f63', '5b27108a-2108-4846-a0a8-3c369f873590');
INSERT INTO "map_member_to_rule" ("id", "member", "section", "area", "binding", "term") VALUES ('3426ce30-2180-44c8-9ad6-05bd5dd85e41', '39d40812-fc54-4342-9b98-e1c1f4222d22', 'catalog', 'group', 'c24d5e12-9b75-4dec-9ce8-1a9672458c32', 'd782679e-3f0a-4499-bda6-8c2600a3e761');
INSERT INTO "map_member_to_rule" ("id", "member", "section", "area", "binding", "term") VALUES ('34291811-c684-4c5b-ad31-519004925c13', 'd6c310ee-a1ba-4705-8dbe-20bf41da77fd', 'catalog', 'group', '3ad3a74d-6e53-4542-98a7-82a781a922f4', 'd782679e-3f0a-4499-bda6-8c2600a3e761');
INSERT INTO "map_member_to_rule" ("id", "member", "section", "area", "binding", "term") VALUES ('3453d5d3-3054-4645-849b-d7b2b68a2a4a', '39d40812-fc54-4342-9b98-e1c1f4222d22', 'editions', 'edition', '57ea720b-39fb-4e96-bcb6-ae3ebf6d474b', '331895b6-5bbf-4222-a3a4-570b02c2aebe');
INSERT INTO "map_member_to_rule" ("id", "member", "section", "area", "binding", "term") VALUES ('349fb009-e99a-4108-b8fd-3355f3b46c61', 'e14a7ed6-c7ce-4e67-9f53-0284c490c837', 'catalog', 'group', '58bd4a95-b548-4bfb-97b0-b5653e2d2f63', '6d590a90-58a1-447f-b5ad-b0582b64571a');
INSERT INTO "map_member_to_rule" ("id", "member", "section", "area", "binding", "term") VALUES ('355ecaa0-5f81-4cad-92ca-bde03d4aa0eb', 'd6c310ee-a1ba-4705-8dbe-20bf41da77fd', 'catalog', 'group', '3ad3a74d-6e53-4542-98a7-82a781a922f4', '6d590a90-58a1-447f-b5ad-b0582b64571a');
INSERT INTO "map_member_to_rule" ("id", "member", "section", "area", "binding", "term") VALUES ('36459f33-efa0-42a8-9378-83afae9dae5d', '39d40812-fc54-4342-9b98-e1c1f4222d22', 'editions', 'edition', '2520b40f-8e03-45fd-aa06-74631e4b2715', '133743df-52ab-4277-b320-3ede5222cb12');
INSERT INTO "map_member_to_rule" ("id", "member", "section", "area", "binding", "term") VALUES ('36776c3a-ee92-46b5-9164-c50442443b29', '56173fe7-ced3-4a43-bcb2-12fc00e9c7f0', 'catalog', 'member', 'f20f2d8c-d7e3-4e1f-91d6-0122418c16a5', 'f4ad42ed-b46b-4b4e-859f-1b69b918a64a');
INSERT INTO "map_member_to_rule" ("id", "member", "section", "area", "binding", "term") VALUES ('37644698-da64-4c23-ade7-1755af2d734e', '24523130-e952-4fad-9068-476911650afc', 'editions', 'edition', '9fd8bed1-14f1-48d1-9f3e-2ab59e6cd047', '2d34dbb9-db14-4fe8-a2c8-9a57e328b0b5');
INSERT INTO "map_member_to_rule" ("id", "member", "section", "area", "binding", "term") VALUES ('3781afdc-3d84-4dec-aa98-6aa02fcfe96e', 'f02f00af-fe7f-4581-9b2f-d74d335a6766', 'catalog', 'member', '58bd4a95-b548-4bfb-97b0-b5653e2d2f63', 'b946bd84-93fc-4a70-b325-d23c2804b2e9');
INSERT INTO "map_member_to_rule" ("id", "member", "section", "area", "binding", "term") VALUES ('3857c8a5-4255-40f3-aba1-10c13fd6b737', '0d8584de-7eaf-42e4-87ca-e866f01ec256', 'catalog', 'member', '33772121-f187-49bc-884d-2083413f7644', 'ac0a0d95-c4d3-4bd7-93c3-cc0fc230936f');
INSERT INTO "map_member_to_rule" ("id", "member", "section", "area", "binding", "term") VALUES ('38966d47-2c10-44a6-9341-7d8b1dbcf178', 'a030a3f5-fcf5-4259-9dd7-eb71d4a73c06', 'catalog', 'member', '4723e427-4c5a-4111-b240-08fda5075098', 'd782679e-3f0a-4499-bda6-8c2600a3e761');
INSERT INTO "map_member_to_rule" ("id", "member", "section", "area", "binding", "term") VALUES ('390ee7f9-e324-429a-8570-cabc976b4790', '5b1d1ef0-0318-49b7-bed8-3934852ee897', 'catalog', 'group', 'f20f2d8c-d7e3-4e1f-91d6-0122418c16a5', '6d590a90-58a1-447f-b5ad-b0582b64571a');
INSERT INTO "map_member_to_rule" ("id", "member", "section", "area", "binding", "term") VALUES ('396436d7-dbee-4546-aa2e-b10cf1064e1f', 'a030a3f5-fcf5-4259-9dd7-eb71d4a73c06', 'editions', 'edition', '00000000-0000-0000-0000-000000000000', '52dc7f72-2057-43c0-831d-55e458d84f39');
INSERT INTO "map_member_to_rule" ("id", "member", "section", "area", "binding", "term") VALUES ('39d4bc70-d226-4a72-97e4-a4c102e0994b', 'a030a3f5-fcf5-4259-9dd7-eb71d4a73c06', 'catalog', 'member', '704bb233-9609-4227-aee1-d773411e7b22', 'b946bd84-93fc-4a70-b325-d23c2804b2e9');
INSERT INTO "map_member_to_rule" ("id", "member", "section", "area", "binding", "term") VALUES ('3a2ebca0-c82a-419c-bdc6-e7992aac5f03', 'a030a3f5-fcf5-4259-9dd7-eb71d4a73c06', 'catalog', 'member', '704bb233-9609-4227-aee1-d773411e7b22', 'f4ad42ed-b46b-4b4e-859f-1b69b918a64a');
INSERT INTO "map_member_to_rule" ("id", "member", "section", "area", "binding", "term") VALUES ('3bb0c569-5148-4f52-bdba-d41ef17898b0', '562b2852-3de3-4f4c-b130-06a29e3ed8ee', 'catalog', 'group', '27b2d5bb-af21-4246-9db3-3aca363e3eb3', 'f4ad42ed-b46b-4b4e-859f-1b69b918a64a');
INSERT INTO "map_member_to_rule" ("id", "member", "section", "area", "binding", "term") VALUES ('3c04ca7a-e780-4a09-9e94-157fe3216488', 'e14a7ed6-c7ce-4e67-9f53-0284c490c837', 'catalog', 'group', '58bd4a95-b548-4bfb-97b0-b5653e2d2f63', 'f4ad42ed-b46b-4b4e-859f-1b69b918a64a');
INSERT INTO "map_member_to_rule" ("id", "member", "section", "area", "binding", "term") VALUES ('3c138f8b-11c2-4baf-9a68-3d67f48157e4', 'a030a3f5-fcf5-4259-9dd7-eb71d4a73c06', 'editions', 'edition', '6c48d112-d527-4b4b-9f06-ea92e45b408c', '2d34dbb9-db14-4fe8-a2c8-9a57e328b0b5');
INSERT INTO "map_member_to_rule" ("id", "member", "section", "area", "binding", "term") VALUES ('3c6fc037-3530-48f8-951e-f412a4a6808d', '2e38a0dd-f056-4884-b599-43f169b8e899', 'catalog', 'group', 'fddda112-d70e-48fa-be17-1733fb584416', '5b27108a-2108-4846-a0a8-3c369f873590');
INSERT INTO "map_member_to_rule" ("id", "member", "section", "area", "binding", "term") VALUES ('3cb49a12-f235-45e6-ba6d-7d1b6e8b31f3', 'a030a3f5-fcf5-4259-9dd7-eb71d4a73c06', 'catalog', 'member', '4723e427-4c5a-4111-b240-08fda5075098', 'b946bd84-93fc-4a70-b325-d23c2804b2e9');
INSERT INTO "map_member_to_rule" ("id", "member", "section", "area", "binding", "term") VALUES ('3d8b01a2-138d-4570-9332-e48742f81a0a', '2e38a0dd-f056-4884-b599-43f169b8e899', 'catalog', 'member', 'fddda112-d70e-48fa-be17-1733fb584416', 'bff78ebf-2cba-466e-9e3c-89f13a0882fc');
INSERT INTO "map_member_to_rule" ("id", "member", "section", "area", "binding", "term") VALUES ('3e2ee5d4-1d3e-4227-bf87-ef83f4439a75', '70769a8d-5e64-4d8a-9c06-f18e66817d64', 'catalog', 'group', '27b2d5bb-af21-4246-9db3-3aca363e3eb3', '6d590a90-58a1-447f-b5ad-b0582b64571a');
INSERT INTO "map_member_to_rule" ("id", "member", "section", "area", "binding", "term") VALUES ('3e605828-2cc2-4f4d-af8c-76ff55aa5511', '56173fe7-ced3-4a43-bcb2-12fc00e9c7f0', 'catalog', 'member', 'f20f2d8c-d7e3-4e1f-91d6-0122418c16a5', 'bff78ebf-2cba-466e-9e3c-89f13a0882fc');
INSERT INTO "map_member_to_rule" ("id", "member", "section", "area", "binding", "term") VALUES ('3e7bbd25-6725-4e34-bcd0-4266401cd08b', '5b1d1ef0-0318-49b7-bed8-3934852ee897', 'catalog', 'group', 'f20f2d8c-d7e3-4e1f-91d6-0122418c16a5', 'f4ad42ed-b46b-4b4e-859f-1b69b918a64a');
INSERT INTO "map_member_to_rule" ("id", "member", "section", "area", "binding", "term") VALUES ('3f30893a-40fb-41f4-881b-278ee2641bef', 'a030a3f5-fcf5-4259-9dd7-eb71d4a73c06', 'catalog', 'member', '704bb233-9609-4227-aee1-d773411e7b22', 'ac0a0d95-c4d3-4bd7-93c3-cc0fc230936f');
INSERT INTO "map_member_to_rule" ("id", "member", "section", "area", "binding", "term") VALUES ('3fad3082-4e16-4b15-882a-bb298f4d0cbd', 'dcf5fd23-6213-44e3-ac50-b754690265fb', 'catalog', 'member', '27b2d5bb-af21-4246-9db3-3aca363e3eb3', '6033984a-a762-4392-b086-a8d2cdac4221');
INSERT INTO "map_member_to_rule" ("id", "member", "section", "area", "binding", "term") VALUES ('3fefcc76-5796-4304-a002-4e51819323ed', 'a030a3f5-fcf5-4259-9dd7-eb71d4a73c06', 'editions', 'edition', '00000000-0000-0000-0000-000000000000', 'ed9580be-1f36-45d1-9b60-36a2a85e5589');
INSERT INTO "map_member_to_rule" ("id", "member", "section", "area", "binding", "term") VALUES ('4066950f-6cc1-4c85-8c31-3ff1b49178c4', 'a030a3f5-fcf5-4259-9dd7-eb71d4a73c06', 'catalog', 'group', 'c98d63b5-d734-46fc-a19c-087678325acf', 'beba3e8d-86e5-4e98-b3eb-368da28dba5f');
INSERT INTO "map_member_to_rule" ("id", "member", "section", "area", "binding", "term") VALUES ('40b05ba0-ff35-4bdf-abc2-0c865ad89d60', '39d40812-fc54-4342-9b98-e1c1f4222d22', 'editions', 'edition', '57ea720b-39fb-4e96-bcb6-ae3ebf6d474b', '2d34dbb9-db14-4fe8-a2c8-9a57e328b0b5');
INSERT INTO "map_member_to_rule" ("id", "member", "section", "area", "binding", "term") VALUES ('40b5b9b0-895f-4b6a-a3c5-27f2620c26f3', '73918964-5364-45ba-aef0-a630fb1413c7', 'domain', 'domain', '00000000-0000-0000-0000-000000000000', '2fde426b-ed30-4376-9a7b-25278e8f104a');
INSERT INTO "map_member_to_rule" ("id", "member", "section", "area", "binding", "term") VALUES ('40e275ba-6f55-4b5d-9dab-d91d913e13e9', 'e4f9f237-9575-4eba-b3b2-bd4bd0b3c800', 'catalog', 'group', '571e983f-cc61-4d48-a761-0c27fa9a9dbc', 'beba3e8d-86e5-4e98-b3eb-368da28dba5f');
INSERT INTO "map_member_to_rule" ("id", "member", "section", "area", "binding", "term") VALUES ('412aa88f-17ad-427f-8abe-0fd6f9d19195', '39d40812-fc54-4342-9b98-e1c1f4222d22', 'editions', 'edition', '2520b40f-8e03-45fd-aa06-74631e4b2715', 'ed9580be-1f36-45d1-9b60-36a2a85e5589');
INSERT INTO "map_member_to_rule" ("id", "member", "section", "area", "binding", "term") VALUES ('41e4dff4-e7b8-49af-b43d-e1785871d597', '70769a8d-5e64-4d8a-9c06-f18e66817d64', 'catalog', 'member', '27b2d5bb-af21-4246-9db3-3aca363e3eb3', 'bff78ebf-2cba-466e-9e3c-89f13a0882fc');
INSERT INTO "map_member_to_rule" ("id", "member", "section", "area", "binding", "term") VALUES ('41ee76de-2ba6-4756-b941-fde114fc4557', 'e4f9f237-9575-4eba-b3b2-bd4bd0b3c800', 'domain', 'domain', '00000000-0000-0000-0000-000000000000', '086993e0-56aa-441f-8eaf-437c1c5c9691');
INSERT INTO "map_member_to_rule" ("id", "member", "section", "area", "binding", "term") VALUES ('4209de7e-9805-4a92-ad56-1cdd0dc0d4ec', 'a030a3f5-fcf5-4259-9dd7-eb71d4a73c06', 'editions', 'edition', '57ea720b-39fb-4e96-bcb6-ae3ebf6d474b', '52dc7f72-2057-43c0-831d-55e458d84f39');
INSERT INTO "map_member_to_rule" ("id", "member", "section", "area", "binding", "term") VALUES ('431e8f5a-27ec-4ce0-be64-9978fea0ff36', 'b0e57330-1df3-4514-b983-e8aa1f8ece02', 'catalog', 'group', '33772121-f187-49bc-884d-2083413f7644', '6033984a-a762-4392-b086-a8d2cdac4221');
INSERT INTO "map_member_to_rule" ("id", "member", "section", "area", "binding", "term") VALUES ('432263b1-1584-4e14-957d-7edfb4ea36c1', '8a27227a-5286-4349-9f98-57ab98a6fdc7', 'catalog', 'group', '37250c10-a052-4806-b065-5708702e842d', '6d590a90-58a1-447f-b5ad-e3c62f80a2ef');
INSERT INTO "map_member_to_rule" ("id", "member", "section", "area", "binding", "term") VALUES ('4379fbd3-698a-4bc9-89de-66f5fef359e5', 'e4f9f237-9575-4eba-b3b2-bd4bd0b3c800', 'catalog', 'group', '571e983f-cc61-4d48-a761-0c27fa9a9dbc', 'b7adafe9-2d5b-44f3-aa87-681fd48466fa');
INSERT INTO "map_member_to_rule" ("id", "member", "section", "area", "binding", "term") VALUES ('43ace4cb-cbb3-42f3-821f-1da793cc890e', 'd6c310ee-a1ba-4705-8dbe-20bf41da77fd', 'catalog', 'group', '3ad3a74d-6e53-4542-98a7-82a781a922f4', 'ac0a0d95-c4d3-4bd7-93c3-cc0fc230936f');
INSERT INTO "map_member_to_rule" ("id", "member", "section", "area", "binding", "term") VALUES ('43b679d8-f943-4514-a756-35b1f5c69375', 'e14a7ed6-c7ce-4e67-9f53-0284c490c837', 'domain', 'domain', '00000000-0000-0000-0000-000000000000', '2fde426b-ed30-4376-9a7b-25278e8f104a');
INSERT INTO "map_member_to_rule" ("id", "member", "section", "area", "binding", "term") VALUES ('4460b21a-6417-440d-bcae-255fcb2142b1', 'a030a3f5-fcf5-4259-9dd7-eb71d4a73c06', 'catalog', 'member', '704bb233-9609-4227-aee1-d773411e7b22', 'beba3e8d-86e5-4e98-b3eb-368da28dba5f');
INSERT INTO "map_member_to_rule" ("id", "member", "section", "area", "binding", "term") VALUES ('44943d68-044c-4cf9-9efd-93561f6fb78d', '2e38a0dd-f056-4884-b599-43f169b8e899', 'domain', 'domain', '00000000-0000-0000-0000-000000000000', '2fde426b-ed30-4376-9a7b-25278e8f104a');
INSERT INTO "map_member_to_rule" ("id", "member", "section", "area", "binding", "term") VALUES ('44e82fd7-f31b-4c0f-9ff1-2309a5f71fa3', 'e4f9f237-9575-4eba-b3b2-bd4bd0b3c800', 'domain', 'domain', '00000000-0000-0000-0000-000000000000', '2fde426b-ed30-4376-9a7b-25278e8f104a');
INSERT INTO "map_member_to_rule" ("id", "member", "section", "area", "binding", "term") VALUES ('455f7f3a-05c6-47fb-8bdc-69179910390d', '8a27227a-5286-4349-9f98-57ab98a6fdc7', 'catalog', 'member', '37250c10-a052-4806-b065-5708702e842d', 'bff78ebf-2cba-466e-9e3c-89f13a0882fc');
INSERT INTO "map_member_to_rule" ("id", "member", "section", "area", "binding", "term") VALUES ('463dc57c-64db-453b-ae95-5928cf2a91c5', 'b0e57330-1df3-4514-b983-e8aa1f8ece02', 'domain', 'domain', '00000000-0000-0000-0000-000000000000', '9a756e9c-243a-4f5e-b814-fe3d1162a5e9');
INSERT INTO "map_member_to_rule" ("id", "member", "section", "area", "binding", "term") VALUES ('47af2030-692d-4edd-9507-430014d4208c', 'b0e57330-1df3-4514-b983-e8aa1f8ece02', 'catalog', 'group', '33772121-f187-49bc-884d-2083413f7644', 'beba3e8d-86e5-4e98-b3eb-368da28dba5f');
INSERT INTO "map_member_to_rule" ("id", "member", "section", "area", "binding", "term") VALUES ('4a987ae3-f1f8-416d-8848-c507efa95ece', 'e4f9f237-9575-4eba-b3b2-bd4bd0b3c800', 'catalog', 'group', '571e983f-cc61-4d48-a761-0c27fa9a9dbc', 'ee992171-d275-4d24-8def-7ff02adec408');
INSERT INTO "map_member_to_rule" ("id", "member", "section", "area", "binding", "term") VALUES ('4b0ed039-ac5e-40a1-98c6-6260d5749f90', 'b0e57330-1df3-4514-b983-e8aa1f8ece02', 'editions', 'edition', '6c48d112-d527-4b4b-9f06-ea92e45b408c', '0eecba74-ca40-4b8d-a710-03382483b0f4');
INSERT INTO "map_member_to_rule" ("id", "member", "section", "area", "binding", "term") VALUES ('4b6b17f2-dfd7-4742-b96a-9220e610e3e8', '6c5deedb-8ee2-4540-89dd-e97df1cdf4c3', 'editions', 'edition', '9fd8bed1-14f1-48d1-9f3e-2ab59e6cd047', 'ed9580be-1f36-45d1-9b60-36a2a85e5589');
INSERT INTO "map_member_to_rule" ("id", "member", "section", "area", "binding", "term") VALUES ('4baa325b-e915-4e86-b920-85a2b24b2e19', '6c5deedb-8ee2-4540-89dd-e97df1cdf4c3', 'catalog', 'group', '33772121-f187-49bc-884d-2083413f7644', '3040f8e1-051c-4876-8e8e-0ca4910e7e45');
INSERT INTO "map_member_to_rule" ("id", "member", "section", "area", "binding", "term") VALUES ('4bd1e4a0-2996-4064-8950-4d1f38beacc1', 'a030a3f5-fcf5-4259-9dd7-eb71d4a73c06', 'catalog', 'member', '704bb233-9609-4227-aee1-d773411e7b22', 'b7adafe9-2d5b-44f3-aa87-681fd48466fa');
INSERT INTO "map_member_to_rule" ("id", "member", "section", "area", "binding", "term") VALUES ('4ca0802c-ed81-4878-866e-80364be837d1', 'f02f00af-fe7f-4581-9b2f-d74d335a6766', 'catalog', 'member', '58bd4a95-b548-4bfb-97b0-b5653e2d2f63', 'f4ad42ed-b46b-4b4e-859f-1b69b918a64a');
INSERT INTO "map_member_to_rule" ("id", "member", "section", "area", "binding", "term") VALUES ('4cef6246-9a54-40bb-829d-b81eb46fb615', 'e14a7ed6-c7ce-4e67-9f53-0284c490c837', 'catalog', 'member', '58bd4a95-b548-4bfb-97b0-b5653e2d2f63', 'bff78ebf-2cba-466e-9e3c-89f13a0882fc');
INSERT INTO "map_member_to_rule" ("id", "member", "section", "area", "binding", "term") VALUES ('4d103648-2466-41fb-acad-332d0d992e6b', 'a030a3f5-fcf5-4259-9dd7-eb71d4a73c06', 'catalog', 'member', '4723e427-4c5a-4111-b240-08fda5075098', 'bff78ebf-2cba-466e-9e3c-89f13a0882fc');
INSERT INTO "map_member_to_rule" ("id", "member", "section", "area", "binding", "term") VALUES ('4d64b320-57ff-4b08-85f5-8313d3752d7a', 'd6c310ee-a1ba-4705-8dbe-20bf41da77fd', 'domain', 'domain', '00000000-0000-0000-0000-000000000000', '2fde426b-ed30-4376-9a7b-25278e8f104a');
INSERT INTO "map_member_to_rule" ("id", "member", "section", "area", "binding", "term") VALUES ('4de5a8c9-6f02-4768-960e-970fdb79ab06', 'b0e57330-1df3-4514-b983-e8aa1f8ece02', 'editions', 'edition', '6c48d112-d527-4b4b-9f06-ea92e45b408c', '76323a53-1c22-4ff4-8f19-5e43d5aa0bd4');
INSERT INTO "map_member_to_rule" ("id", "member", "section", "area", "binding", "term") VALUES ('4ebb545d-6b8e-4485-a4cc-c4eb6bb7b165', 'a030a3f5-fcf5-4259-9dd7-eb71d4a73c06', 'editions', 'edition', '00000000-0000-0000-0000-000000000000', '76323a53-1c22-4ff4-8f19-5e43d5aa0bd4');
INSERT INTO "map_member_to_rule" ("id", "member", "section", "area", "binding", "term") VALUES ('4f5bec63-3ac4-4001-bf83-f004fd853038', '0d8584de-7eaf-42e4-87ca-e866f01ec256', 'catalog', 'group', '33772121-f187-49bc-884d-2083413f7644', '6d590a90-58a1-447f-b5ad-b0582b64571a');
INSERT INTO "map_member_to_rule" ("id", "member", "section", "area", "binding", "term") VALUES ('4fd70ac7-15cf-441c-a09c-eed9749b0f78', 'd6c310ee-a1ba-4705-8dbe-20bf41da77fd', 'catalog', 'member', '3ad3a74d-6e53-4542-98a7-82a781a922f4', 'beba3e8d-86e5-4e98-b3eb-368da28dba5f');
INSERT INTO "map_member_to_rule" ("id", "member", "section", "area", "binding", "term") VALUES ('505dce2f-9933-497a-867f-0b2e9f5f7599', 'c56112c4-4f42-46e5-8d48-34c7b84d7a33', 'catalog', 'member', 'fddda112-d70e-48fa-be17-1733fb584416', 'fe9cd446-2f4b-4844-9b91-5092c0cabece');
INSERT INTO "map_member_to_rule" ("id", "member", "section", "area", "binding", "term") VALUES ('50675e28-d9c6-4221-bc9e-50f1b4100e14', 'e4f9f237-9575-4eba-b3b2-bd4bd0b3c800', 'catalog', 'group', '571e983f-cc61-4d48-a761-0c27fa9a9dbc', 'ac0a0d95-c4d3-4bd7-93c3-cc0fc230936f');
INSERT INTO "map_member_to_rule" ("id", "member", "section", "area", "binding", "term") VALUES ('526d2d82-15b3-4589-b58f-563b6d95a244', '39d40812-fc54-4342-9b98-e1c1f4222d22', 'catalog', 'member', 'c24d5e12-9b75-4dec-9ce8-1a9672458c32', 'b7adafe9-2d5b-44f3-aa87-681fd48466fa');
INSERT INTO "map_member_to_rule" ("id", "member", "section", "area", "binding", "term") VALUES ('526f8fd8-7e16-4885-bc46-a3f5a5b0a0b4', '74dd7b68-8075-4260-ad5e-18c2ff4a0acc', 'catalog', 'member', '58bd4a95-b548-4bfb-97b0-b5653e2d2f63', 'b7adafe9-2d5b-44f3-aa87-681fd48466fa');
INSERT INTO "map_member_to_rule" ("id", "member", "section", "area", "binding", "term") VALUES ('528a9f10-e607-46c0-a54b-a6ec7ea5076b', 'e4f9f237-9575-4eba-b3b2-bd4bd0b3c800', 'catalog', 'group', '571e983f-cc61-4d48-a761-0c27fa9a9dbc', '3040f8e1-051c-4876-8e8e-0ca4910e7e45');
INSERT INTO "map_member_to_rule" ("id", "member", "section", "area", "binding", "term") VALUES ('52f07e57-de12-47fd-a21f-3ea15b4ab07e', 'e4f9f237-9575-4eba-b3b2-bd4bd0b3c800', 'catalog', 'group', '571e983f-cc61-4d48-a761-0c27fa9a9dbc', '6033984a-a762-4392-b086-a8d2cdac4221');
INSERT INTO "map_member_to_rule" ("id", "member", "section", "area", "binding", "term") VALUES ('52fbc3ca-425c-41a7-8eb4-7509964fcfb0', '39d40812-fc54-4342-9b98-e1c1f4222d22', 'catalog', 'member', 'c24d5e12-9b75-4dec-9ce8-1a9672458c32', 'ac0a0d95-c4d3-4bd7-93c3-cc0fc230936f');
INSERT INTO "map_member_to_rule" ("id", "member", "section", "area", "binding", "term") VALUES ('53011596-aa2c-4bde-a684-a4aa44dedd09', '0d8584de-7eaf-42e4-87ca-e866f01ec256', 'catalog', 'group', '96cdf2ed-0e11-4003-8754-2cd7d9c15c1b', 'd782679e-3f0a-4499-bda6-8c2600a3e761');
INSERT INTO "map_member_to_rule" ("id", "member", "section", "area", "binding", "term") VALUES ('530eb583-91f4-409b-b0cc-a34a9453f1f7', 'f02f00af-fe7f-4581-9b2f-d74d335a6766', 'domain', 'domain', '00000000-0000-0000-0000-000000000000', '2fde426b-ed30-4376-9a7b-25278e8f104a');
INSERT INTO "map_member_to_rule" ("id", "member", "section", "area", "binding", "term") VALUES ('535f92e3-4cb7-47cf-a1c0-c207ca8aed31', 'b0e57330-1df3-4514-b983-e8aa1f8ece02', 'catalog', 'group', '33772121-f187-49bc-884d-2083413f7644', '3040f8e1-051c-4876-8e8e-0ca4910e7e45');
INSERT INTO "map_member_to_rule" ("id", "member", "section", "area", "binding", "term") VALUES ('543852bd-c8a0-4390-b35c-965009b62484', 'a030a3f5-fcf5-4259-9dd7-eb71d4a73c06', 'catalog', 'group', 'c98d63b5-d734-46fc-a19c-087678325acf', 'b946bd84-93fc-4a70-b325-d23c2804b2e9');
INSERT INTO "map_member_to_rule" ("id", "member", "section", "area", "binding", "term") VALUES ('546f236e-cfae-41e6-96d6-61b46e708f1b', '39d40812-fc54-4342-9b98-e1c1f4222d22', 'catalog', 'member', 'c24d5e12-9b75-4dec-9ce8-1a9672458c32', 'beba3e8d-86e5-4e98-b3eb-368da28dba5f');
INSERT INTO "map_member_to_rule" ("id", "member", "section", "area", "binding", "term") VALUES ('54a28379-fc30-4caa-99c7-2b76c5cde858', '39d40812-fc54-4342-9b98-e1c1f4222d22', 'catalog', 'member', 'c24d5e12-9b75-4dec-9ce8-1a9672458c32', '3040f8e1-051c-4876-8e8e-0ca4910e7e45');
INSERT INTO "map_member_to_rule" ("id", "member", "section", "area", "binding", "term") VALUES ('5502bc2f-eaad-49c5-90f2-da42a6770455', 'dcf5fd23-6213-44e3-ac50-b754690265fb', 'catalog', 'member', '27b2d5bb-af21-4246-9db3-3aca363e3eb3', 'bff78ebf-2cba-466e-9e3c-89f13a0882fc');
INSERT INTO "map_member_to_rule" ("id", "member", "section", "area", "binding", "term") VALUES ('554b600b-499a-4868-9b96-2b83c6dd3ae1', '39d40812-fc54-4342-9b98-e1c1f4222d22', 'editions', 'edition', 'd4a4d415-f44a-4198-9374-7ad740ac7061', '52dc7f72-2057-43c0-831d-55e458d84f39');
INSERT INTO "map_member_to_rule" ("id", "member", "section", "area", "binding", "term") VALUES ('557ce357-d2a4-4246-bf4c-a5589d6481d7', '42fd22f1-c486-41e7-bc7c-a69ff5379902', 'catalog', 'member', '58bd4a95-b548-4bfb-97b0-b5653e2d2f63', '3040f8e1-051c-4876-8e8e-0ca4910e7e45');
INSERT INTO "map_member_to_rule" ("id", "member", "section", "area", "binding", "term") VALUES ('557e7a74-834e-4432-a1bb-163f960c605e', '39d40812-fc54-4342-9b98-e1c1f4222d22', 'catalog', 'member', 'c24d5e12-9b75-4dec-9ce8-1a9672458c32', '5b27108a-2108-4846-a0a8-3c369f873590');
INSERT INTO "map_member_to_rule" ("id", "member", "section", "area", "binding", "term") VALUES ('567c01d1-9023-4241-9f70-75f217d30aa5', '39d40812-fc54-4342-9b98-e1c1f4222d22', 'editions', 'edition', '57ea720b-39fb-4e96-bcb6-ae3ebf6d474b', '76323a53-1c22-4ff4-8f19-5e43d5aa0bd4');
INSERT INTO "map_member_to_rule" ("id", "member", "section", "area", "binding", "term") VALUES ('577000d0-1d8f-430a-994c-f15bce342bf0', '5b1d1ef0-0318-49b7-bed8-3934852ee897', 'catalog', 'group', 'f20f2d8c-d7e3-4e1f-91d6-0122418c16a5', 'ac0a0d95-c4d3-4bd7-93c3-cc0fc230936f');
INSERT INTO "map_member_to_rule" ("id", "member", "section", "area", "binding", "term") VALUES ('57c147a6-0b9c-4d7f-861b-8fb00df66b16', '56173fe7-ced3-4a43-bcb2-12fc00e9c7f0', 'catalog', 'member', 'f20f2d8c-d7e3-4e1f-91d6-0122418c16a5', '6033984a-a762-4392-b086-a8d2cdac4221');
INSERT INTO "map_member_to_rule" ("id", "member", "section", "area", "binding", "term") VALUES ('5897e27f-fffb-478d-af45-5ceea0ffeae5', '562b2852-3de3-4f4c-b130-06a29e3ed8ee', 'catalog', 'group', '27b2d5bb-af21-4246-9db3-3aca363e3eb3', '3040f8e1-051c-4876-8e8e-0ca4910e7e45');
INSERT INTO "map_member_to_rule" ("id", "member", "section", "area", "binding", "term") VALUES ('58e04e04-6ad4-4cc7-8bb7-90bf16a1ab35', '8a27227a-5286-4349-9f98-57ab98a6fdc7', 'catalog', 'group', '37250c10-a052-4806-b065-5708702e842d', 'ac0a0d95-c4d3-4bd7-93c3-cc0fc230936f');
INSERT INTO "map_member_to_rule" ("id", "member", "section", "area", "binding", "term") VALUES ('59a8244d-7b7b-4912-9d55-0285a47c4695', 'b0e57330-1df3-4514-b983-e8aa1f8ece02', 'catalog', 'group', '33772121-f187-49bc-884d-2083413f7644', 'ac0a0d95-c4d3-4bd7-93c3-cc0fc230936f');
INSERT INTO "map_member_to_rule" ("id", "member", "section", "area", "binding", "term") VALUES ('59fe312f-dd32-4f9f-b0d9-0dd843448b50', '74dd7b68-8075-4260-ad5e-18c2ff4a0acc', 'editions', 'edition', '9fd8bed1-14f1-48d1-9f3e-2ab59e6cd047', '76323a53-1c22-4ff4-8f19-5e43d5aa0bd4');
INSERT INTO "map_member_to_rule" ("id", "member", "section", "area", "binding", "term") VALUES ('5a456764-9c90-4149-bfc5-df0d5f46b04b', '6f47f907-cc23-4078-812b-aa8422c5dc71', 'catalog', 'member', '58bd4a95-b548-4bfb-97b0-b5653e2d2f63', 'b946bd84-93fc-4a70-b325-d23c2804b2e9');
INSERT INTO "map_member_to_rule" ("id", "member", "section", "area", "binding", "term") VALUES ('5a6edede-4c3b-4fbb-b233-4c8790d53cfa', '6c5deedb-8ee2-4540-89dd-e97df1cdf4c3', 'domain', 'domain', '00000000-0000-0000-0000-000000000000', '2fde426b-ed30-4376-9a7b-25278e8f104a');
INSERT INTO "map_member_to_rule" ("id", "member", "section", "area", "binding", "term") VALUES ('5c046665-e017-4e2e-8f3d-eb37d718cca8', 'a030a3f5-fcf5-4259-9dd7-eb71d4a73c06', 'domain', 'domain', '00000000-0000-0000-0000-000000000000', '9a756e9c-243a-4f5e-b814-fe3d1162a5e9');
INSERT INTO "map_member_to_rule" ("id", "member", "section", "area", "binding", "term") VALUES ('5c99f876-adaf-4599-8af9-79fea18d590b', '56173fe7-ced3-4a43-bcb2-12fc00e9c7f0', 'editions', 'edition', '9fd8bed1-14f1-48d1-9f3e-2ab59e6cd047', '133743df-52ab-4277-b320-3ede5222cb12');
INSERT INTO "map_member_to_rule" ("id", "member", "section", "area", "binding", "term") VALUES ('5c9f2f02-ae0b-4b6d-815b-0ffd58af48af', '42fd22f1-c486-41e7-bc7c-a69ff5379902', 'catalog', 'member', '58bd4a95-b548-4bfb-97b0-b5653e2d2f63', '5b27108a-2108-4846-a0a8-3c369f873590');
INSERT INTO "map_member_to_rule" ("id", "member", "section", "area", "binding", "term") VALUES ('5d0a04b0-de36-47ce-b6c5-35d4186a05fe', 'b0e57330-1df3-4514-b983-e8aa1f8ece02', 'catalog', 'member', 'c98d63b5-d734-46fc-a19c-087678325acf', '6d590a90-58a1-447f-b5ad-b0582b64571a');
INSERT INTO "map_member_to_rule" ("id", "member", "section", "area", "binding", "term") VALUES ('5d387131-9a95-462c-8561-cc7722a9db13', 'a030a3f5-fcf5-4259-9dd7-eb71d4a73c06', 'catalog', 'member', 'c98d63b5-d734-46fc-a19c-087678325acf', 'f4ad42ed-b46b-4b4e-859f-1b69b918a64a');
INSERT INTO "map_member_to_rule" ("id", "member", "section", "area", "binding", "term") VALUES ('5d793352-8887-4bc1-9ec0-ecc8ee684599', '74dd7b68-8075-4260-ad5e-18c2ff4a0acc', 'catalog', 'member', '58bd4a95-b548-4bfb-97b0-b5653e2d2f63', 'bff78ebf-2cba-466e-9e3c-89f13a0882fc');
INSERT INTO "map_member_to_rule" ("id", "member", "section", "area", "binding", "term") VALUES ('5f166210-e2e6-48a3-8a39-90243041e698', '6c5deedb-8ee2-4540-89dd-e97df1cdf4c3', 'catalog', 'group', '33772121-f187-49bc-884d-2083413f7644', '5b27108a-2108-4846-a0a8-3c369f873590');
INSERT INTO "map_member_to_rule" ("id", "member", "section", "area", "binding", "term") VALUES ('608fff3f-8653-4a69-955f-68dc69009494', '562b2852-3de3-4f4c-b130-06a29e3ed8ee', 'catalog', 'group', '27b2d5bb-af21-4246-9db3-3aca363e3eb3', 'b946bd84-93fc-4a70-b325-d23c2804b2e9');
INSERT INTO "map_member_to_rule" ("id", "member", "section", "area", "binding", "term") VALUES ('60f61614-60bb-4bff-9c07-04c9725eeb62', 'a030a3f5-fcf5-4259-9dd7-eb71d4a73c06', 'editions', 'edition', 'd18c1f79-b450-449c-8bf8-97cbe9ef41ba', '76323a53-1c22-4ff4-8f19-5e43d5aa0bd4');
INSERT INTO "map_member_to_rule" ("id", "member", "section", "area", "binding", "term") VALUES ('61cbc0a6-a39a-4a55-9e32-91c2bf8d452d', 'b0e57330-1df3-4514-b983-e8aa1f8ece02', 'catalog', 'member', 'c98d63b5-d734-46fc-a19c-087678325acf', 'ee992171-d275-4d24-8def-7ff02adec408');
INSERT INTO "map_member_to_rule" ("id", "member", "section", "area", "binding", "term") VALUES ('62e880b4-7328-47a4-aff1-a1586179dc8a', '2e38a0dd-f056-4884-b599-43f169b8e899', 'catalog', 'group', 'fddda112-d70e-48fa-be17-1733fb584416', 'beba3e8d-86e5-4e98-b3eb-368da28dba5f');
INSERT INTO "map_member_to_rule" ("id", "member", "section", "area", "binding", "term") VALUES ('63203cec-8984-4676-90b7-cc201682b2de', '73918964-5364-45ba-aef0-a630fb1413c7', 'catalog', 'member', '58bd4a95-b548-4bfb-97b0-b5653e2d2f63', 'beba3e8d-86e5-4e98-b3eb-368da28dba5f');
INSERT INTO "map_member_to_rule" ("id", "member", "section", "area", "binding", "term") VALUES ('640f6cdc-2c06-4b57-adbb-3c2421888952', '6f47f907-cc23-4078-812b-aa8422c5dc71', 'catalog', 'member', '58bd4a95-b548-4bfb-97b0-b5653e2d2f63', '3040f8e1-051c-4876-8e8e-0ca4910e7e45');
INSERT INTO "map_member_to_rule" ("id", "member", "section", "area", "binding", "term") VALUES ('643fc1cf-f935-4811-bccf-9558da741907', '8a27227a-5286-4349-9f98-57ab98a6fdc7', 'catalog', 'group', '37250c10-a052-4806-b065-5708702e842d', 'b7adafe9-2d5b-44f3-aa87-681fd48466fa');
INSERT INTO "map_member_to_rule" ("id", "member", "section", "area", "binding", "term") VALUES ('660d40fc-c224-4d50-a158-a8d2ec604795', '562b2852-3de3-4f4c-b130-06a29e3ed8ee', 'catalog', 'group', '27b2d5bb-af21-4246-9db3-3aca363e3eb3', 'ac0a0d95-c4d3-4bd7-93c3-cc0fc230936f');
INSERT INTO "map_member_to_rule" ("id", "member", "section", "area", "binding", "term") VALUES ('66accd3f-7e2f-4b14-8e95-c3359eb470bd', 'a030a3f5-fcf5-4259-9dd7-eb71d4a73c06', 'catalog', 'member', '4723e427-4c5a-4111-b240-08fda5075098', '3040f8e1-051c-4876-8e8e-0ca4910e7e45');
INSERT INTO "map_member_to_rule" ("id", "member", "section", "area", "binding", "term") VALUES ('66eb18f6-f783-4af8-bcaa-65337f185375', '70769a8d-5e64-4d8a-9c06-f18e66817d64', 'catalog', 'member', '27b2d5bb-af21-4246-9db3-3aca363e3eb3', 'b946bd84-93fc-4a70-b325-d23c2804b2e9');
INSERT INTO "map_member_to_rule" ("id", "member", "section", "area", "binding", "term") VALUES ('67a64c45-6d6d-45cb-a257-af36583209b9', 'dcf5fd23-6213-44e3-ac50-b754690265fb', 'domain', 'domain', '00000000-0000-0000-0000-000000000000', '2fde426b-ed30-4376-9a7b-25278e8f104a');
INSERT INTO "map_member_to_rule" ("id", "member", "section", "area", "binding", "term") VALUES ('687dc34e-6616-44f4-b2d9-1532d2977434', '8a27227a-5286-4349-9f98-57ab98a6fdc7', 'catalog', 'group', '37250c10-a052-4806-b065-5708702e842d', '3040f8e1-051c-4876-8e8e-0ca4910e7e45');
INSERT INTO "map_member_to_rule" ("id", "member", "section", "area", "binding", "term") VALUES ('693b0d51-c83a-4b54-9922-762c2a2c3f52', 'dcf5fd23-6213-44e3-ac50-b754690265fb', 'catalog', 'member', '27b2d5bb-af21-4246-9db3-3aca363e3eb3', '3040f8e1-051c-4876-8e8e-0ca4910e7e45');
INSERT INTO "map_member_to_rule" ("id", "member", "section", "area", "binding", "term") VALUES ('69945eb7-d701-4150-af6c-ece1e0e9bc06', 'f02f00af-fe7f-4581-9b2f-d74d335a6766', 'catalog', 'member', '58bd4a95-b548-4bfb-97b0-b5653e2d2f63', '6d590a90-58a1-447f-b5ad-b0582b64571a');
INSERT INTO "map_member_to_rule" ("id", "member", "section", "area", "binding", "term") VALUES ('69d28070-9885-4635-815c-169f959f5ae8', 'b0e57330-1df3-4514-b983-e8aa1f8ece02', 'catalog', 'group', '33772121-f187-49bc-884d-2083413f7644', 'f4ad42ed-b46b-4b4e-859f-1b69b918a64a');
INSERT INTO "map_member_to_rule" ("id", "member", "section", "area", "binding", "term") VALUES ('6a53113f-db50-4c71-ad5c-1fb542cead37', 'a030a3f5-fcf5-4259-9dd7-eb71d4a73c06', 'catalog', 'member', '4723e427-4c5a-4111-b240-08fda5075098', 'beba3e8d-86e5-4e98-b3eb-368da28dba5f');
INSERT INTO "map_member_to_rule" ("id", "member", "section", "area", "binding", "term") VALUES ('6a642dd6-9e61-4860-8555-a803bd147c63', '42fd22f1-c486-41e7-bc7c-a69ff5379902', 'catalog', 'member', '58bd4a95-b548-4bfb-97b0-b5653e2d2f63', 'beba3e8d-86e5-4e98-b3eb-368da28dba5f');
INSERT INTO "map_member_to_rule" ("id", "member", "section", "area", "binding", "term") VALUES ('6ad7cf02-6d2d-4a1c-81da-f3a796f8ac0a', '56173fe7-ced3-4a43-bcb2-12fc00e9c7f0', 'catalog', 'group', 'f20f2d8c-d7e3-4e1f-91d6-0122418c16a5', 'ac0a0d95-c4d3-4bd7-93c3-cc0fc230936f');
INSERT INTO "map_member_to_rule" ("id", "member", "section", "area", "binding", "term") VALUES ('6af951bb-bbe2-4dfe-a7cd-ae29d53ad71e', 'b0e57330-1df3-4514-b983-e8aa1f8ece02', 'catalog', 'group', '33772121-f187-49bc-884d-2083413f7644', '5b27108a-2108-4846-a0a8-3c369f873590');
INSERT INTO "map_member_to_rule" ("id", "member", "section", "area", "binding", "term") VALUES ('6b11a1d1-81a2-468f-9590-f2d7b8129930', 'e4f9f237-9575-4eba-b3b2-bd4bd0b3c800', 'catalog', 'group', '571e983f-cc61-4d48-a761-0c27fa9a9dbc', '6d590a90-58a1-447f-b5ad-e3c62f80a2ef');
INSERT INTO "map_member_to_rule" ("id", "member", "section", "area", "binding", "term") VALUES ('6bdaffde-1673-483a-83ba-887d330fc32d', '39d40812-fc54-4342-9b98-e1c1f4222d22', 'editions', 'edition', '2520b40f-8e03-45fd-aa06-74631e4b2715', '76323a53-1c22-4ff4-8f19-5e43d5aa0bd4');
INSERT INTO "map_member_to_rule" ("id", "member", "section", "area", "binding", "term") VALUES ('6c7c1140-174f-4aef-9080-a226f0bca2f3', 'a030a3f5-fcf5-4259-9dd7-eb71d4a73c06', 'editions', 'edition', 'd18c1f79-b450-449c-8bf8-97cbe9ef41ba', '52dc7f72-2057-43c0-831d-55e458d84f39');
INSERT INTO "map_member_to_rule" ("id", "member", "section", "area", "binding", "term") VALUES ('6c95a272-2ae2-498d-9f5b-9bfc1fc59f23', '5b1d1ef0-0318-49b7-bed8-3934852ee897', 'catalog', 'member', 'f20f2d8c-d7e3-4e1f-91d6-0122418c16a5', 'beba3e8d-86e5-4e98-b3eb-368da28dba5f');
INSERT INTO "map_member_to_rule" ("id", "member", "section", "area", "binding", "term") VALUES ('6d3232bc-a832-43bf-8d21-0aaef037d011', '39d40812-fc54-4342-9b98-e1c1f4222d22', 'catalog', 'member', 'c24d5e12-9b75-4dec-9ce8-1a9672458c32', '6d590a90-58a1-447f-b5ad-b0582b64571a');
INSERT INTO "map_member_to_rule" ("id", "member", "section", "area", "binding", "term") VALUES ('6dcd5e5b-77af-4f1f-9e85-0c0c9e77360f', '0d8584de-7eaf-42e4-87ca-e866f01ec256', 'catalog', 'group', '96cdf2ed-0e11-4003-8754-2cd7d9c15c1b', 'ac0a0d95-c4d3-4bd7-93c3-cc0fc230936f');
INSERT INTO "map_member_to_rule" ("id", "member", "section", "area", "binding", "term") VALUES ('6e743dde-a464-4c2f-8b65-61136d8464fb', 'd6c310ee-a1ba-4705-8dbe-20bf41da77fd', 'catalog', 'group', '3ad3a74d-6e53-4542-98a7-82a781a922f4', 'f4ad42ed-b46b-4b4e-859f-1b69b918a64a');
INSERT INTO "map_member_to_rule" ("id", "member", "section", "area", "binding", "term") VALUES ('6edebfcf-3172-4d08-bad8-51df80733c30', '42fd22f1-c486-41e7-bc7c-a69ff5379902', 'catalog', 'member', '58bd4a95-b548-4bfb-97b0-b5653e2d2f63', 'b946bd84-93fc-4a70-b325-d23c2804b2e9');
INSERT INTO "map_member_to_rule" ("id", "member", "section", "area", "binding", "term") VALUES ('6f14210a-3088-4544-8122-017e380d6b37', 'e4f9f237-9575-4eba-b3b2-bd4bd0b3c800', 'editions', 'edition', '2520b40f-8e03-45fd-aa06-74631e4b2715', '2d34dbb9-db14-4fe8-a2c8-9a57e328b0b5');
INSERT INTO "map_member_to_rule" ("id", "member", "section", "area", "binding", "term") VALUES ('6f2fb57f-753d-4fe8-bb57-adfd9e7c10db', '42fd22f1-c486-41e7-bc7c-a69ff5379902', 'catalog', 'group', '58bd4a95-b548-4bfb-97b0-b5653e2d2f63', '6d590a90-58a1-447f-b5ad-b0582b64571a');
INSERT INTO "map_member_to_rule" ("id", "member", "section", "area", "binding", "term") VALUES ('6fa2f197-1397-45a0-974e-e0a13ff67146', 'a030a3f5-fcf5-4259-9dd7-eb71d4a73c06', 'catalog', 'member', '4723e427-4c5a-4111-b240-08fda5075098', 'fe9cd446-2f4b-4844-9b91-5092c0cabece');
INSERT INTO "map_member_to_rule" ("id", "member", "section", "area", "binding", "term") VALUES ('6fd7a923-ff9b-4984-8e5a-6ab8c29792f0', '56173fe7-ced3-4a43-bcb2-12fc00e9c7f0', 'catalog', 'member', 'f20f2d8c-d7e3-4e1f-91d6-0122418c16a5', 'b946bd84-93fc-4a70-b325-d23c2804b2e9');
INSERT INTO "map_member_to_rule" ("id", "member", "section", "area", "binding", "term") VALUES ('71b194f5-293d-40b8-a467-578926fac18b', '0d8584de-7eaf-42e4-87ca-e866f01ec256', 'editions', 'edition', '9fd8bed1-14f1-48d1-9f3e-2ab59e6cd047', '52dc7f72-2057-43c0-831d-55e458d84f39');
INSERT INTO "map_member_to_rule" ("id", "member", "section", "area", "binding", "term") VALUES ('72b48332-3ac3-4bed-bb51-34636d8eb47b', '39d40812-fc54-4342-9b98-e1c1f4222d22', 'domain', 'domain', '00000000-0000-0000-0000-000000000000', '9d057494-c2c6-41f5-9276-74b33b55c6e3');
INSERT INTO "map_member_to_rule" ("id", "member", "section", "area", "binding", "term") VALUES ('733a948d-4146-4801-9f05-0e4f243eb298', '74dd7b68-8075-4260-ad5e-18c2ff4a0acc', 'catalog', 'member', '58bd4a95-b548-4bfb-97b0-b5653e2d2f63', '6d590a90-58a1-447f-b5ad-e3c62f80a2ef');
INSERT INTO "map_member_to_rule" ("id", "member", "section", "area", "binding", "term") VALUES ('75020fe8-3400-468e-931b-8b98cca76f8d', '6c5deedb-8ee2-4540-89dd-e97df1cdf4c3', 'catalog', 'group', '33772121-f187-49bc-884d-2083413f7644', 'b7adafe9-2d5b-44f3-aa87-681fd48466fa');
INSERT INTO "map_member_to_rule" ("id", "member", "section", "area", "binding", "term") VALUES ('75eee4ef-a135-4cff-b448-3a5aa755930a', '6c5deedb-8ee2-4540-89dd-e97df1cdf4c3', 'catalog', 'group', '33772121-f187-49bc-884d-2083413f7644', '6d590a90-58a1-447f-b5ad-e3c62f80a2ef');
INSERT INTO "map_member_to_rule" ("id", "member", "section", "area", "binding", "term") VALUES ('75f5ec14-6ba1-44a8-b28e-3d7114c0081b', '74dd7b68-8075-4260-ad5e-18c2ff4a0acc', 'catalog', 'group', '58bd4a95-b548-4bfb-97b0-b5653e2d2f63', 'd782679e-3f0a-4499-bda6-8c2600a3e761');
INSERT INTO "map_member_to_rule" ("id", "member", "section", "area", "binding", "term") VALUES ('76275efe-19f4-4857-af6d-7422ae97a72a', '39d40812-fc54-4342-9b98-e1c1f4222d22', 'catalog', 'member', 'c24d5e12-9b75-4dec-9ce8-1a9672458c32', 'bff78ebf-2cba-466e-9e3c-89f13a0882fc');
INSERT INTO "map_member_to_rule" ("id", "member", "section", "area", "binding", "term") VALUES ('784b8a3a-1119-4b58-a8f0-12374b50bada', 'b0e57330-1df3-4514-b983-e8aa1f8ece02', 'catalog', 'member', 'c98d63b5-d734-46fc-a19c-087678325acf', 'b946bd84-93fc-4a70-b325-d23c2804b2e9');
INSERT INTO "map_member_to_rule" ("id", "member", "section", "area", "binding", "term") VALUES ('7b62df9e-a296-4fbc-a74c-f55ad4e34130', '70769a8d-5e64-4d8a-9c06-f18e66817d64', 'catalog', 'group', '27b2d5bb-af21-4246-9db3-3aca363e3eb3', 'ac0a0d95-c4d3-4bd7-93c3-cc0fc230936f');
INSERT INTO "map_member_to_rule" ("id", "member", "section", "area", "binding", "term") VALUES ('7cc53850-2290-45c1-8476-8361c66bb0fc', 'd6c310ee-a1ba-4705-8dbe-20bf41da77fd', 'catalog', 'group', '3ad3a74d-6e53-4542-98a7-82a781a922f4', '6033984a-a762-4392-b086-a8d2cdac4221');
INSERT INTO "map_member_to_rule" ("id", "member", "section", "area", "binding", "term") VALUES ('7da698d3-6168-402d-b2ba-597d528e4e07', '2e38a0dd-f056-4884-b599-43f169b8e899', 'catalog', 'group', 'fddda112-d70e-48fa-be17-1733fb584416', 'b946bd84-93fc-4a70-b325-d23c2804b2e9');
INSERT INTO "map_member_to_rule" ("id", "member", "section", "area", "binding", "term") VALUES ('7e6f3732-9d59-4d44-8881-621da539ed98', 'e4f9f237-9575-4eba-b3b2-bd4bd0b3c800', 'editions', 'edition', '2520b40f-8e03-45fd-aa06-74631e4b2715', '52dc7f72-2057-43c0-831d-55e458d84f39');
INSERT INTO "map_member_to_rule" ("id", "member", "section", "area", "binding", "term") VALUES ('7ec4d8f2-73e5-46f3-8644-149df50738e0', '70769a8d-5e64-4d8a-9c06-f18e66817d64', 'domain', 'domain', '00000000-0000-0000-0000-000000000000', '2fde426b-ed30-4376-9a7b-25278e8f104a');
INSERT INTO "map_member_to_rule" ("id", "member", "section", "area", "binding", "term") VALUES ('7f18347e-6ba7-49eb-80a1-a61d2f2c9640', '39d40812-fc54-4342-9b98-e1c1f4222d22', 'editions', 'edition', '00000000-0000-0000-0000-000000000000', '331895b6-5bbf-4222-a3a4-570b02c2aebe');
INSERT INTO "map_member_to_rule" ("id", "member", "section", "area", "binding", "term") VALUES ('7f2c2528-0b15-4fdd-aba7-3d4b48a6a966', '6c5deedb-8ee2-4540-89dd-e97df1cdf4c3', 'catalog', 'group', '33772121-f187-49bc-884d-2083413f7644', 'b946bd84-93fc-4a70-b325-d23c2804b2e9');
INSERT INTO "map_member_to_rule" ("id", "member", "section", "area", "binding", "term") VALUES ('7f2fe3d1-5ea5-4612-b63a-747c469b1cf2', '6c5deedb-8ee2-4540-89dd-e97df1cdf4c3', 'catalog', 'group', '33772121-f187-49bc-884d-2083413f7644', 'd782679e-3f0a-4499-bda6-8c2600a3e761');
INSERT INTO "map_member_to_rule" ("id", "member", "section", "area", "binding", "term") VALUES ('805912b7-b64a-4c42-bc44-0523202c459e', 'd6c310ee-a1ba-4705-8dbe-20bf41da77fd', 'catalog', 'member', '3ad3a74d-6e53-4542-98a7-82a781a922f4', '6d590a90-58a1-447f-b5ad-e3c62f80a2ef');
INSERT INTO "map_member_to_rule" ("id", "member", "section", "area", "binding", "term") VALUES ('80a691dd-9291-431e-8f5d-a6644259e1d3', '8a27227a-5286-4349-9f98-57ab98a6fdc7', 'catalog', 'group', '37250c10-a052-4806-b065-5708702e842d', 'beba3e8d-86e5-4e98-b3eb-368da28dba5f');
INSERT INTO "map_member_to_rule" ("id", "member", "section", "area", "binding", "term") VALUES ('81310ecc-4ec8-45e5-92b1-fe0a574e862d', 'd6c310ee-a1ba-4705-8dbe-20bf41da77fd', 'catalog', 'member', '3ad3a74d-6e53-4542-98a7-82a781a922f4', '5b27108a-2108-4846-a0a8-3c369f873590');
INSERT INTO "map_member_to_rule" ("id", "member", "section", "area", "binding", "term") VALUES ('816e7379-ad66-4491-b3b2-7646df8f99c9', 'a030a3f5-fcf5-4259-9dd7-eb71d4a73c06', 'catalog', 'group', 'c98d63b5-d734-46fc-a19c-087678325acf', 'fe9cd446-2f4b-4844-9b91-5092c0cabece');
INSERT INTO "map_member_to_rule" ("id", "member", "section", "area", "binding", "term") VALUES ('81ed0080-f2df-4d51-9ae8-fc31769a6720', '2e38a0dd-f056-4884-b599-43f169b8e899', 'catalog', 'group', 'fddda112-d70e-48fa-be17-1733fb584416', 'd782679e-3f0a-4499-bda6-8c2600a3e761');
INSERT INTO "map_member_to_rule" ("id", "member", "section", "area", "binding", "term") VALUES ('821d0959-cf39-4e93-b437-5654dda223b7', '74dd7b68-8075-4260-ad5e-18c2ff4a0acc', 'editions', 'edition', '9fd8bed1-14f1-48d1-9f3e-2ab59e6cd047', '0eecba74-ca40-4b8d-a710-03382483b0f4');
INSERT INTO "map_member_to_rule" ("id", "member", "section", "area", "binding", "term") VALUES ('828355ed-1224-4170-8b3c-4a7b6f43e1f8', '6f47f907-cc23-4078-812b-aa8422c5dc71', 'catalog', 'member', '58bd4a95-b548-4bfb-97b0-b5653e2d2f63', 'ee992171-d275-4d24-8def-7ff02adec408');
INSERT INTO "map_member_to_rule" ("id", "member", "section", "area", "binding", "term") VALUES ('82aa2fb6-0b85-40b7-b4ff-46e0309b2180', '42fd22f1-c486-41e7-bc7c-a69ff5379902', 'editions', 'edition', '9fd8bed1-14f1-48d1-9f3e-2ab59e6cd047', '76323a53-1c22-4ff4-8f19-5e43d5aa0bd4');
INSERT INTO "map_member_to_rule" ("id", "member", "section", "area", "binding", "term") VALUES ('82ecb51e-2a97-4a27-a9a5-d4b98ede3667', 'a030a3f5-fcf5-4259-9dd7-eb71d4a73c06', 'editions', 'edition', '6c48d112-d527-4b4b-9f06-ea92e45b408c', '0eecba74-ca40-4b8d-a710-03382483b0f4');
INSERT INTO "map_member_to_rule" ("id", "member", "section", "area", "binding", "term") VALUES ('831a3c0d-908a-4a61-88a9-deffae8e49a5', '39d40812-fc54-4342-9b98-e1c1f4222d22', 'editions', 'edition', 'd4a4d415-f44a-4198-9374-7ad740ac7061', 'ed9580be-1f36-45d1-9b60-36a2a85e5589');
INSERT INTO "map_member_to_rule" ("id", "member", "section", "area", "binding", "term") VALUES ('836bbe1e-a2a0-471b-81ad-f2f999903075', 'b0e57330-1df3-4514-b983-e8aa1f8ece02', 'catalog', 'member', 'c98d63b5-d734-46fc-a19c-087678325acf', 'd782679e-3f0a-4499-bda6-8c2600a3e761');
INSERT INTO "map_member_to_rule" ("id", "member", "section", "area", "binding", "term") VALUES ('85cf34c1-72ff-4ed1-84ff-2fee29b8e4b3', 'a030a3f5-fcf5-4259-9dd7-eb71d4a73c06', 'catalog', 'group', 'c98d63b5-d734-46fc-a19c-087678325acf', 'd782679e-3f0a-4499-bda6-8c2600a3e761');
INSERT INTO "map_member_to_rule" ("id", "member", "section", "area", "binding", "term") VALUES ('862069ad-f938-4cd4-bb0c-9683f15af6e3', 'f02f00af-fe7f-4581-9b2f-d74d335a6766', 'catalog', 'member', '58bd4a95-b548-4bfb-97b0-b5653e2d2f63', 'fe9cd446-2f4b-4844-9b91-5092c0cabece');
INSERT INTO "map_member_to_rule" ("id", "member", "section", "area", "binding", "term") VALUES ('8677980c-ab55-4175-8f6a-014dfeeb5aba', '6c5deedb-8ee2-4540-89dd-e97df1cdf4c3', 'catalog', 'member', '33772121-f187-49bc-884d-2083413f7644', 'bff78ebf-2cba-466e-9e3c-89f13a0882fc');
INSERT INTO "map_member_to_rule" ("id", "member", "section", "area", "binding", "term") VALUES ('8790a47c-e074-49b0-ae10-2e523a2a4743', 'b0e57330-1df3-4514-b983-e8aa1f8ece02', 'editions', 'edition', '00000000-0000-0000-0000-000000000000', '331895b6-5bbf-4222-a3a4-570b02c2aebe');
INSERT INTO "map_member_to_rule" ("id", "member", "section", "area", "binding", "term") VALUES ('88289602-4708-494a-97ff-2b3d680d3c19', '39d40812-fc54-4342-9b98-e1c1f4222d22', 'editions', 'edition', 'd4a4d415-f44a-4198-9374-7ad740ac7061', '0eecba74-ca40-4b8d-a710-03382483b0f4');
INSERT INTO "map_member_to_rule" ("id", "member", "section", "area", "binding", "term") VALUES ('882bcda4-51e5-45ba-a3cd-d41881398b7d', '73918964-5364-45ba-aef0-a630fb1413c7', 'catalog', 'member', '58bd4a95-b548-4bfb-97b0-b5653e2d2f63', '3040f8e1-051c-4876-8e8e-0ca4910e7e45');
INSERT INTO "map_member_to_rule" ("id", "member", "section", "area", "binding", "term") VALUES ('88862b30-2382-4a41-84ac-35a06d12285e', 'b0e57330-1df3-4514-b983-e8aa1f8ece02', 'editions', 'edition', '57ea720b-39fb-4e96-bcb6-ae3ebf6d474b', '2d34dbb9-db14-4fe8-a2c8-9a57e328b0b5');
INSERT INTO "map_member_to_rule" ("id", "member", "section", "area", "binding", "term") VALUES ('89aa0811-f882-40f7-bd1e-45bc115b7ad0', 'd6c310ee-a1ba-4705-8dbe-20bf41da77fd', 'catalog', 'member', '3ad3a74d-6e53-4542-98a7-82a781a922f4', '3040f8e1-051c-4876-8e8e-0ca4910e7e45');
INSERT INTO "map_member_to_rule" ("id", "member", "section", "area", "binding", "term") VALUES ('8a11f3cc-3883-4cfd-a193-ec6ec4414288', '6c5deedb-8ee2-4540-89dd-e97df1cdf4c3', 'catalog', 'group', '33772121-f187-49bc-884d-2083413f7644', '6033984a-a762-4392-b086-a8d2cdac4221');
INSERT INTO "map_member_to_rule" ("id", "member", "section", "area", "binding", "term") VALUES ('8ab37b13-f644-4deb-844d-dc8b84fa007e', 'f02f00af-fe7f-4581-9b2f-d74d335a6766', 'catalog', 'member', '58bd4a95-b548-4bfb-97b0-b5653e2d2f63', '3040f8e1-051c-4876-8e8e-0ca4910e7e45');
INSERT INTO "map_member_to_rule" ("id", "member", "section", "area", "binding", "term") VALUES ('8b42d0e8-5c43-489d-bfef-cee2b2868355', '70769a8d-5e64-4d8a-9c06-f18e66817d64', 'catalog', 'member', '27b2d5bb-af21-4246-9db3-3aca363e3eb3', '3040f8e1-051c-4876-8e8e-0ca4910e7e45');
INSERT INTO "map_member_to_rule" ("id", "member", "section", "area", "binding", "term") VALUES ('8bef4d7f-3934-4949-9a41-a5d764d40127', '562b2852-3de3-4f4c-b130-06a29e3ed8ee', 'catalog', 'group', '27b2d5bb-af21-4246-9db3-3aca363e3eb3', 'b7adafe9-2d5b-44f3-aa87-681fd48466fa');
INSERT INTO "map_member_to_rule" ("id", "member", "section", "area", "binding", "term") VALUES ('8c0bf266-a93d-4a46-930a-0c6ec558fa75', '39d40812-fc54-4342-9b98-e1c1f4222d22', 'domain', 'domain', '00000000-0000-0000-0000-000000000000', '32e0bb97-2bae-4ce8-865e-cdf0edb3fd93');
INSERT INTO "map_member_to_rule" ("id", "member", "section", "area", "binding", "term") VALUES ('8c5c4a2c-456a-43dd-96ef-c1b0c576c532', 'b0e57330-1df3-4514-b983-e8aa1f8ece02', 'catalog', 'group', '33772121-f187-49bc-884d-2083413f7644', 'ee992171-d275-4d24-8def-7ff02adec408');
INSERT INTO "map_member_to_rule" ("id", "member", "section", "area", "binding", "term") VALUES ('8ca72cb7-0f8a-464e-bd8b-c3d3d9818bd8', '562b2852-3de3-4f4c-b130-06a29e3ed8ee', 'catalog', 'group', '27b2d5bb-af21-4246-9db3-3aca363e3eb3', '6d590a90-58a1-447f-b5ad-e3c62f80a2ef');
INSERT INTO "map_member_to_rule" ("id", "member", "section", "area", "binding", "term") VALUES ('8d6f45d3-1edf-4e0a-b0a5-0a8dd004c411', '2e38a0dd-f056-4884-b599-43f169b8e899', 'catalog', 'group', 'fddda112-d70e-48fa-be17-1733fb584416', 'ac0a0d95-c4d3-4bd7-93c3-cc0fc230936f');
INSERT INTO "map_member_to_rule" ("id", "member", "section", "area", "binding", "term") VALUES ('8d796bdc-49b6-40a2-962d-bb0e98ddc3f8', 'a030a3f5-fcf5-4259-9dd7-eb71d4a73c06', 'catalog', 'member', '704bb233-9609-4227-aee1-d773411e7b22', '5b27108a-2108-4846-a0a8-3c369f873590');
INSERT INTO "map_member_to_rule" ("id", "member", "section", "area", "binding", "term") VALUES ('8f0e09c1-e815-4e99-bb0b-8fd29738247d', 'e14a7ed6-c7ce-4e67-9f53-0284c490c837', 'catalog', 'member', '58bd4a95-b548-4bfb-97b0-b5653e2d2f63', '5b27108a-2108-4846-a0a8-3c369f873590');
INSERT INTO "map_member_to_rule" ("id", "member", "section", "area", "binding", "term") VALUES ('8f49cb77-73a2-4433-93cf-c21c8b912b93', 'a030a3f5-fcf5-4259-9dd7-eb71d4a73c06', 'editions', 'edition', '6c48d112-d527-4b4b-9f06-ea92e45b408c', '52dc7f72-2057-43c0-831d-55e458d84f39');
INSERT INTO "map_member_to_rule" ("id", "member", "section", "area", "binding", "term") VALUES ('8f569a7a-d092-4c68-a599-f7e1261d5437', '74dd7b68-8075-4260-ad5e-18c2ff4a0acc', 'catalog', 'group', '58bd4a95-b548-4bfb-97b0-b5653e2d2f63', 'f4ad42ed-b46b-4b4e-859f-1b69b918a64a');
INSERT INTO "map_member_to_rule" ("id", "member", "section", "area", "binding", "term") VALUES ('90546ce1-db1f-4d9a-b638-f53543d4dc49', '8a27227a-5286-4349-9f98-57ab98a6fdc7', 'catalog', 'group', '37250c10-a052-4806-b065-5708702e842d', 'b946bd84-93fc-4a70-b325-d23c2804b2e9');
INSERT INTO "map_member_to_rule" ("id", "member", "section", "area", "binding", "term") VALUES ('90a6c2c8-2b86-4264-8fc0-5e86bba82e41', 'dcf5fd23-6213-44e3-ac50-b754690265fb', 'catalog', 'member', '27b2d5bb-af21-4246-9db3-3aca363e3eb3', 'f4ad42ed-b46b-4b4e-859f-1b69b918a64a');
INSERT INTO "map_member_to_rule" ("id", "member", "section", "area", "binding", "term") VALUES ('90e66a80-55fb-4b0f-913e-b88776484678', '73918964-5364-45ba-aef0-a630fb1413c7', 'catalog', 'group', '58bd4a95-b548-4bfb-97b0-b5653e2d2f63', 'ac0a0d95-c4d3-4bd7-93c3-cc0fc230936f');
INSERT INTO "map_member_to_rule" ("id", "member", "section", "area", "binding", "term") VALUES ('9109f46e-5d27-40d4-9471-2d4af517c035', 'a030a3f5-fcf5-4259-9dd7-eb71d4a73c06', 'catalog', 'member', '4723e427-4c5a-4111-b240-08fda5075098', 'b7adafe9-2d5b-44f3-aa87-681fd48466fa');
INSERT INTO "map_member_to_rule" ("id", "member", "section", "area", "binding", "term") VALUES ('926f17af-5a8f-4805-93eb-5562fbfef2ad', '73918964-5364-45ba-aef0-a630fb1413c7', 'catalog', 'member', '58bd4a95-b548-4bfb-97b0-b5653e2d2f63', 'bff78ebf-2cba-466e-9e3c-89f13a0882fc');
INSERT INTO "map_member_to_rule" ("id", "member", "section", "area", "binding", "term") VALUES ('938733cf-76b7-47e9-9810-efef4bbb2190', '39d40812-fc54-4342-9b98-e1c1f4222d22', 'catalog', 'member', 'c24d5e12-9b75-4dec-9ce8-1a9672458c32', 'fe9cd446-2f4b-4844-9b91-5092c0cabece');
INSERT INTO "map_member_to_rule" ("id", "member", "section", "area", "binding", "term") VALUES ('961007cb-3c7e-4697-8389-363e93e2ffe6', '39d40812-fc54-4342-9b98-e1c1f4222d22', 'editions', 'edition', '57ea720b-39fb-4e96-bcb6-ae3ebf6d474b', '133743df-52ab-4277-b320-3ede5222cb12');
INSERT INTO "map_member_to_rule" ("id", "member", "section", "area", "binding", "term") VALUES ('97508fc6-8334-4594-b279-d1097b89843e', 'e4f9f237-9575-4eba-b3b2-bd4bd0b3c800', 'catalog', 'group', '571e983f-cc61-4d48-a761-0c27fa9a9dbc', 'd782679e-3f0a-4499-bda6-8c2600a3e761');
INSERT INTO "map_member_to_rule" ("id", "member", "section", "area", "binding", "term") VALUES ('9887aa86-b85d-4855-a9f3-d112904bc835', 'a030a3f5-fcf5-4259-9dd7-eb71d4a73c06', 'catalog', 'group', 'c98d63b5-d734-46fc-a19c-087678325acf', 'ac0a0d95-c4d3-4bd7-93c3-cc0fc230936f');
INSERT INTO "map_member_to_rule" ("id", "member", "section", "area", "binding", "term") VALUES ('989b1fd1-3c27-4c45-9be5-3671486012d3', 'dcf5fd23-6213-44e3-ac50-b754690265fb', 'editions', 'edition', '9fd8bed1-14f1-48d1-9f3e-2ab59e6cd047', '133743df-52ab-4277-b320-3ede5222cb12');
INSERT INTO "map_member_to_rule" ("id", "member", "section", "area", "binding", "term") VALUES ('98aff83c-863e-4236-aeaa-92b39a6a9ec7', 'f02f00af-fe7f-4581-9b2f-d74d335a6766', 'catalog', 'member', '58bd4a95-b548-4bfb-97b0-b5653e2d2f63', '5b27108a-2108-4846-a0a8-3c369f873590');
INSERT INTO "map_member_to_rule" ("id", "member", "section", "area", "binding", "term") VALUES ('991ed2fd-4cf3-4cf1-bab6-01365cab1433', 'b0e57330-1df3-4514-b983-e8aa1f8ece02', 'catalog', 'member', 'c98d63b5-d734-46fc-a19c-087678325acf', 'f4ad42ed-b46b-4b4e-859f-1b69b918a64a');
INSERT INTO "map_member_to_rule" ("id", "member", "section", "area", "binding", "term") VALUES ('9b1f86b0-8116-4b1a-b4ad-3d8c13c81a20', 'a030a3f5-fcf5-4259-9dd7-eb71d4a73c06', 'catalog', 'group', 'c98d63b5-d734-46fc-a19c-087678325acf', '3040f8e1-051c-4876-8e8e-0ca4910e7e45');
INSERT INTO "map_member_to_rule" ("id", "member", "section", "area", "binding", "term") VALUES ('9d67b724-fc31-41ba-84ad-0ccfe7b21ee4', 'b0e57330-1df3-4514-b983-e8aa1f8ece02', 'catalog', 'group', '33772121-f187-49bc-884d-2083413f7644', 'bff78ebf-2cba-466e-9e3c-89f13a0882fc');
INSERT INTO "map_member_to_rule" ("id", "member", "section", "area", "binding", "term") VALUES ('9d78c272-0fb0-482c-9bfc-08bbade54f4a', '74dd7b68-8075-4260-ad5e-18c2ff4a0acc', 'catalog', 'group', '58bd4a95-b548-4bfb-97b0-b5653e2d2f63', 'ac0a0d95-c4d3-4bd7-93c3-cc0fc230936f');
INSERT INTO "map_member_to_rule" ("id", "member", "section", "area", "binding", "term") VALUES ('9ebfa457-521b-4068-aedc-05001aa3a7a1', 'a030a3f5-fcf5-4259-9dd7-eb71d4a73c06', 'editions', 'edition', '57ea720b-39fb-4e96-bcb6-ae3ebf6d474b', '2d34dbb9-db14-4fe8-a2c8-9a57e328b0b5');
INSERT INTO "map_member_to_rule" ("id", "member", "section", "area", "binding", "term") VALUES ('9ef05795-7ac4-44b0-a42b-e361d01ebe54', 'b0e57330-1df3-4514-b983-e8aa1f8ece02', 'catalog', 'member', 'c98d63b5-d734-46fc-a19c-087678325acf', 'beba3e8d-86e5-4e98-b3eb-368da28dba5f');
INSERT INTO "map_member_to_rule" ("id", "member", "section", "area", "binding", "term") VALUES ('9f0c40fb-2af2-4023-8706-e2114c6dcda8', '0d8584de-7eaf-42e4-87ca-e866f01ec256', 'catalog', 'group', '96cdf2ed-0e11-4003-8754-2cd7d9c15c1b', '6d590a90-58a1-447f-b5ad-b0582b64571a');
INSERT INTO "map_member_to_rule" ("id", "member", "section", "area", "binding", "term") VALUES ('9f65a93d-72ef-4ba4-9d48-72ca859fa585', '562b2852-3de3-4f4c-b130-06a29e3ed8ee', 'catalog', 'group', '27b2d5bb-af21-4246-9db3-3aca363e3eb3', 'beba3e8d-86e5-4e98-b3eb-368da28dba5f');
INSERT INTO "map_member_to_rule" ("id", "member", "section", "area", "binding", "term") VALUES ('9f6a585b-9715-4f63-bafd-fe528c0c3541', 'e4f9f237-9575-4eba-b3b2-bd4bd0b3c800', 'catalog', 'group', '571e983f-cc61-4d48-a761-0c27fa9a9dbc', 'bff78ebf-2cba-466e-9e3c-89f13a0882fc');
INSERT INTO "map_member_to_rule" ("id", "member", "section", "area", "binding", "term") VALUES ('a07e1475-6f7f-4144-a053-92c567c19cae', 'a030a3f5-fcf5-4259-9dd7-eb71d4a73c06', 'catalog', 'member', '704bb233-9609-4227-aee1-d773411e7b22', 'd782679e-3f0a-4499-bda6-8c2600a3e761');
INSERT INTO "map_member_to_rule" ("id", "member", "section", "area", "binding", "term") VALUES ('a10ef340-dbaa-45bc-b71a-58981593ed8b', '8a27227a-5286-4349-9f98-57ab98a6fdc7', 'editions', 'edition', '9fd8bed1-14f1-48d1-9f3e-2ab59e6cd047', '133743df-52ab-4277-b320-3ede5222cb12');
INSERT INTO "map_member_to_rule" ("id", "member", "section", "area", "binding", "term") VALUES ('a219f8c9-7663-45be-b355-77cf649a549d', 'c56112c4-4f42-46e5-8d48-34c7b84d7a33', 'catalog', 'member', 'fddda112-d70e-48fa-be17-1733fb584416', '3040f8e1-051c-4876-8e8e-0ca4910e7e45');
INSERT INTO "map_member_to_rule" ("id", "member", "section", "area", "binding", "term") VALUES ('a284e92a-fcbe-41b9-9d16-e66588717522', '6c5deedb-8ee2-4540-89dd-e97df1cdf4c3', 'editions', 'edition', '9fd8bed1-14f1-48d1-9f3e-2ab59e6cd047', '76323a53-1c22-4ff4-8f19-5e43d5aa0bd4');
INSERT INTO "map_member_to_rule" ("id", "member", "section", "area", "binding", "term") VALUES ('a3f9004c-dee8-4332-9e1b-17ece681d4a2', '74dd7b68-8075-4260-ad5e-18c2ff4a0acc', 'editions', 'edition', '9fd8bed1-14f1-48d1-9f3e-2ab59e6cd047', 'ed9580be-1f36-45d1-9b60-36a2a85e5589');
INSERT INTO "map_member_to_rule" ("id", "member", "section", "area", "binding", "term") VALUES ('a42473a4-918e-43a2-9d61-7fba713db21e', '74dd7b68-8075-4260-ad5e-18c2ff4a0acc', 'catalog', 'member', '58bd4a95-b548-4bfb-97b0-b5653e2d2f63', '5b27108a-2108-4846-a0a8-3c369f873590');
INSERT INTO "map_member_to_rule" ("id", "member", "section", "area", "binding", "term") VALUES ('a424b05b-742a-4ef2-b3bd-42ab3ca4e772', '39d40812-fc54-4342-9b98-e1c1f4222d22', 'editions', 'edition', 'd4a4d415-f44a-4198-9374-7ad740ac7061', '2d34dbb9-db14-4fe8-a2c8-9a57e328b0b5');
INSERT INTO "map_member_to_rule" ("id", "member", "section", "area", "binding", "term") VALUES ('a45b60fc-e689-4a74-b99d-49f4ef34d195', 'a030a3f5-fcf5-4259-9dd7-eb71d4a73c06', 'editions', 'edition', '00000000-0000-0000-0000-000000000000', '0eecba74-ca40-4b8d-a710-03382483b0f4');
INSERT INTO "map_member_to_rule" ("id", "member", "section", "area", "binding", "term") VALUES ('a45ee58f-aad3-4de2-a4ab-4cea1577e9f5', 'b0e57330-1df3-4514-b983-e8aa1f8ece02', 'catalog', 'member', 'c98d63b5-d734-46fc-a19c-087678325acf', 'b7adafe9-2d5b-44f3-aa87-681fd48466fa');
INSERT INTO "map_member_to_rule" ("id", "member", "section", "area", "binding", "term") VALUES ('a5546d05-ed6b-40c9-b19b-d9225f0ca8f0', '74dd7b68-8075-4260-ad5e-18c2ff4a0acc', 'editions', 'edition', '9fd8bed1-14f1-48d1-9f3e-2ab59e6cd047', '2d34dbb9-db14-4fe8-a2c8-9a57e328b0b5');
INSERT INTO "map_member_to_rule" ("id", "member", "section", "area", "binding", "term") VALUES ('a6525608-256d-4234-9fb1-bb50e8116343', 'dcf5fd23-6213-44e3-ac50-b754690265fb', 'catalog', 'member', '27b2d5bb-af21-4246-9db3-3aca363e3eb3', 'ee992171-d275-4d24-8def-7ff02adec408');
INSERT INTO "map_member_to_rule" ("id", "member", "section", "area", "binding", "term") VALUES ('a6bda291-a4ed-4459-a436-fe7678c24038', 'd6c310ee-a1ba-4705-8dbe-20bf41da77fd', 'catalog', 'member', '3ad3a74d-6e53-4542-98a7-82a781a922f4', 'ee992171-d275-4d24-8def-7ff02adec408');
INSERT INTO "map_member_to_rule" ("id", "member", "section", "area", "binding", "term") VALUES ('a6c9ed0a-c313-46e1-a7ab-5e0f72a081f6', 'a030a3f5-fcf5-4259-9dd7-eb71d4a73c06', 'editions', 'edition', '00000000-0000-0000-0000-000000000000', '2d34dbb9-db14-4fe8-a2c8-9a57e328b0b5');
INSERT INTO "map_member_to_rule" ("id", "member", "section", "area", "binding", "term") VALUES ('a7fc3886-04a3-447d-bd08-7311c17e9ebc', 'a030a3f5-fcf5-4259-9dd7-eb71d4a73c06', 'catalog', 'member', '4723e427-4c5a-4111-b240-08fda5075098', '6d590a90-58a1-447f-b5ad-b0582b64571a');
INSERT INTO "map_member_to_rule" ("id", "member", "section", "area", "binding", "term") VALUES ('a82bbeb5-f2d7-45fb-ae3c-77622067c548', 'd6c310ee-a1ba-4705-8dbe-20bf41da77fd', 'editions', 'edition', '9fd8bed1-14f1-48d1-9f3e-2ab59e6cd047', '133743df-52ab-4277-b320-3ede5222cb12');
INSERT INTO "map_member_to_rule" ("id", "member", "section", "area", "binding", "term") VALUES ('a8ae95f6-e6f2-448c-a461-297f0326a14f', '74dd7b68-8075-4260-ad5e-18c2ff4a0acc', 'editions', 'edition', '9fd8bed1-14f1-48d1-9f3e-2ab59e6cd047', '331895b6-5bbf-4222-a3a4-570b02c2aebe');
INSERT INTO "map_member_to_rule" ("id", "member", "section", "area", "binding", "term") VALUES ('a8afbd0d-fe19-4f8a-a46e-dc6ff9193f67', 'e4f9f237-9575-4eba-b3b2-bd4bd0b3c800', 'editions', 'edition', '2520b40f-8e03-45fd-aa06-74631e4b2715', '133743df-52ab-4277-b320-3ede5222cb12');
INSERT INTO "map_member_to_rule" ("id", "member", "section", "area", "binding", "term") VALUES ('a8f31725-b6ab-4b29-a3c5-5def75b1e880', 'c56112c4-4f42-46e5-8d48-34c7b84d7a33', 'editions', 'edition', '9fd8bed1-14f1-48d1-9f3e-2ab59e6cd047', '133743df-52ab-4277-b320-3ede5222cb12');
INSERT INTO "map_member_to_rule" ("id", "member", "section", "area", "binding", "term") VALUES ('ab8bd18e-2797-4b0f-b047-ba65eec1f36c', 'a030a3f5-fcf5-4259-9dd7-eb71d4a73c06', 'catalog', 'member', '4723e427-4c5a-4111-b240-08fda5075098', '6d590a90-58a1-447f-b5ad-e3c62f80a2ef');
INSERT INTO "map_member_to_rule" ("id", "member", "section", "area", "binding", "term") VALUES ('ac482c66-c381-4f12-b0d5-35f18fa95597', '5b1d1ef0-0318-49b7-bed8-3934852ee897', 'catalog', 'member', 'f20f2d8c-d7e3-4e1f-91d6-0122418c16a5', '6033984a-a762-4392-b086-a8d2cdac4221');
INSERT INTO "map_member_to_rule" ("id", "member", "section", "area", "binding", "term") VALUES ('ad4d8e6e-ee79-44b1-9636-8553ed6e14be', '6c5deedb-8ee2-4540-89dd-e97df1cdf4c3', 'catalog', 'group', '33772121-f187-49bc-884d-2083413f7644', 'ac0a0d95-c4d3-4bd7-93c3-cc0fc230936f');
INSERT INTO "map_member_to_rule" ("id", "member", "section", "area", "binding", "term") VALUES ('ad899dc4-1a17-4fb3-8a89-dc726f9042f1', '56173fe7-ced3-4a43-bcb2-12fc00e9c7f0', 'catalog', 'member', 'f20f2d8c-d7e3-4e1f-91d6-0122418c16a5', '3040f8e1-051c-4876-8e8e-0ca4910e7e45');
INSERT INTO "map_member_to_rule" ("id", "member", "section", "area", "binding", "term") VALUES ('adc36d6b-ca4d-4910-ab71-8efd94d88557', 'a030a3f5-fcf5-4259-9dd7-eb71d4a73c06', 'catalog', 'member', '4723e427-4c5a-4111-b240-08fda5075098', 'ee992171-d275-4d24-8def-7ff02adec408');
INSERT INTO "map_member_to_rule" ("id", "member", "section", "area", "binding", "term") VALUES ('ade6de31-d700-4259-b37b-ec489e101c3c', '2e38a0dd-f056-4884-b599-43f169b8e899', 'catalog', 'member', 'fddda112-d70e-48fa-be17-1733fb584416', 'fe9cd446-2f4b-4844-9b91-5092c0cabece');
INSERT INTO "map_member_to_rule" ("id", "member", "section", "area", "binding", "term") VALUES ('adfb8844-b3f2-48c9-9fe3-38c3bca227d8', 'b0e57330-1df3-4514-b983-e8aa1f8ece02', 'catalog', 'member', 'c98d63b5-d734-46fc-a19c-087678325acf', 'fe9cd446-2f4b-4844-9b91-5092c0cabece');
INSERT INTO "map_member_to_rule" ("id", "member", "section", "area", "binding", "term") VALUES ('af23a176-3002-4a93-be44-3c7e72928463', 'f02f00af-fe7f-4581-9b2f-d74d335a6766', 'catalog', 'member', '58bd4a95-b548-4bfb-97b0-b5653e2d2f63', 'beba3e8d-86e5-4e98-b3eb-368da28dba5f');
INSERT INTO "map_member_to_rule" ("id", "member", "section", "area", "binding", "term") VALUES ('af66d2fe-7406-4ee5-a226-05e16b83488f', 'b0e57330-1df3-4514-b983-e8aa1f8ece02', 'catalog', 'group', '33772121-f187-49bc-884d-2083413f7644', 'b946bd84-93fc-4a70-b325-d23c2804b2e9');
INSERT INTO "map_member_to_rule" ("id", "member", "section", "area", "binding", "term") VALUES ('af6d6d81-89cb-4b95-92cd-f6bbccb48f68', '2e38a0dd-f056-4884-b599-43f169b8e899', 'catalog', 'group', 'fddda112-d70e-48fa-be17-1733fb584416', '3040f8e1-051c-4876-8e8e-0ca4910e7e45');
INSERT INTO "map_member_to_rule" ("id", "member", "section", "area", "binding", "term") VALUES ('af82489e-6b63-4f5f-935f-b41b17439bc9', 'f02f00af-fe7f-4581-9b2f-d74d335a6766', 'editions', 'edition', '9fd8bed1-14f1-48d1-9f3e-2ab59e6cd047', '133743df-52ab-4277-b320-3ede5222cb12');
INSERT INTO "map_member_to_rule" ("id", "member", "section", "area", "binding", "term") VALUES ('af9622d4-af78-42e5-be79-5ca6a3cf78fa', '39d40812-fc54-4342-9b98-e1c1f4222d22', 'catalog', 'member', 'c24d5e12-9b75-4dec-9ce8-1a9672458c32', '6d590a90-58a1-447f-b5ad-e3c62f80a2ef');
INSERT INTO "map_member_to_rule" ("id", "member", "section", "area", "binding", "term") VALUES ('b0426a9e-3b1a-41d2-ac96-1b40d9a33176', '0d8584de-7eaf-42e4-87ca-e866f01ec256', 'catalog', 'member', '96cdf2ed-0e11-4003-8754-2cd7d9c15c1b', 'f4ad42ed-b46b-4b4e-859f-1b69b918a64a');
INSERT INTO "map_member_to_rule" ("id", "member", "section", "area", "binding", "term") VALUES ('b050439c-8839-4139-9ed3-f867e6af7fea', 'a030a3f5-fcf5-4259-9dd7-eb71d4a73c06', 'editions', 'edition', '57ea720b-39fb-4e96-bcb6-ae3ebf6d474b', 'ed9580be-1f36-45d1-9b60-36a2a85e5589');
INSERT INTO "map_member_to_rule" ("id", "member", "section", "area", "binding", "term") VALUES ('b0a37e21-123f-4872-9c31-1e8a0b66c818', 'e4f9f237-9575-4eba-b3b2-bd4bd0b3c800', 'catalog', 'group', '571e983f-cc61-4d48-a761-0c27fa9a9dbc', '5b27108a-2108-4846-a0a8-3c369f873590');
INSERT INTO "map_member_to_rule" ("id", "member", "section", "area", "binding", "term") VALUES ('b1421263-33cb-4b0a-a19c-c8706ef4db29', '39d40812-fc54-4342-9b98-e1c1f4222d22', 'domain', 'domain', '00000000-0000-0000-0000-000000000000', '2a3cae11-23ea-41c3-bdb8-d3dfdc0d486a');
INSERT INTO "map_member_to_rule" ("id", "member", "section", "area", "binding", "term") VALUES ('b15c9470-5939-477e-9f4f-4a5e90a12ead', '42fd22f1-c486-41e7-bc7c-a69ff5379902', 'editions', 'edition', '9fd8bed1-14f1-48d1-9f3e-2ab59e6cd047', '133743df-52ab-4277-b320-3ede5222cb12');
INSERT INTO "map_member_to_rule" ("id", "member", "section", "area", "binding", "term") VALUES ('b1a9376f-7076-4480-83d6-bbe440ab062f', '39d40812-fc54-4342-9b98-e1c1f4222d22', 'editions', 'edition', '57ea720b-39fb-4e96-bcb6-ae3ebf6d474b', '52dc7f72-2057-43c0-831d-55e458d84f39');
INSERT INTO "map_member_to_rule" ("id", "member", "section", "area", "binding", "term") VALUES ('b37b6888-5875-427f-a0a3-a7a5f1cd0e1e', '73918964-5364-45ba-aef0-a630fb1413c7', 'catalog', 'member', '58bd4a95-b548-4bfb-97b0-b5653e2d2f63', 'ee992171-d275-4d24-8def-7ff02adec408');
INSERT INTO "map_member_to_rule" ("id", "member", "section", "area", "binding", "term") VALUES ('b45af159-0faf-419d-8cf8-ac61f8c17a42', 'a030a3f5-fcf5-4259-9dd7-eb71d4a73c06', 'editions', 'edition', '6c48d112-d527-4b4b-9f06-ea92e45b408c', '76323a53-1c22-4ff4-8f19-5e43d5aa0bd4');
INSERT INTO "map_member_to_rule" ("id", "member", "section", "area", "binding", "term") VALUES ('b4e3d7e4-9838-4f1c-b311-b7b92bd91238', '39d40812-fc54-4342-9b98-e1c1f4222d22', 'catalog', 'member', 'c24d5e12-9b75-4dec-9ce8-1a9672458c32', '6033984a-a762-4392-b086-a8d2cdac4221');
INSERT INTO "map_member_to_rule" ("id", "member", "section", "area", "binding", "term") VALUES ('b51e323b-9557-4b9a-bc4c-916da9dd7a47', '56173fe7-ced3-4a43-bcb2-12fc00e9c7f0', 'catalog', 'member', 'f20f2d8c-d7e3-4e1f-91d6-0122418c16a5', 'ee992171-d275-4d24-8def-7ff02adec408');
INSERT INTO "map_member_to_rule" ("id", "member", "section", "area", "binding", "term") VALUES ('b54f0f38-dabb-4684-be7f-0e9a91ad4f37', 'a030a3f5-fcf5-4259-9dd7-eb71d4a73c06', 'catalog', 'member', '00000000-0000-0000-0000-000000000000', 'ac0a0d95-c4d3-4bd7-93c3-cc0fc230936f');
INSERT INTO "map_member_to_rule" ("id", "member", "section", "area", "binding", "term") VALUES ('b670fcb6-7a2f-4119-aa7c-65dd45017cea', '24523130-e952-4fad-9068-476911650afc', 'editions', 'edition', '9fd8bed1-14f1-48d1-9f3e-2ab59e6cd047', 'ed9580be-1f36-45d1-9b60-36a2a85e5589');
INSERT INTO "map_member_to_rule" ("id", "member", "section", "area", "binding", "term") VALUES ('b697154c-5154-4449-b5e6-c21b726fd255', '2e38a0dd-f056-4884-b599-43f169b8e899', 'catalog', 'group', 'fddda112-d70e-48fa-be17-1733fb584416', 'f4ad42ed-b46b-4b4e-859f-1b69b918a64a');
INSERT INTO "map_member_to_rule" ("id", "member", "section", "area", "binding", "term") VALUES ('b91e34e1-e88d-4e38-aba7-427a3385013c', 'dcf5fd23-6213-44e3-ac50-b754690265fb', 'catalog', 'group', '27b2d5bb-af21-4246-9db3-3aca363e3eb3', 'ac0a0d95-c4d3-4bd7-93c3-cc0fc230936f');
INSERT INTO "map_member_to_rule" ("id", "member", "section", "area", "binding", "term") VALUES ('b9624c77-c1c7-4f35-9f24-3a99b8fed5a7', '56173fe7-ced3-4a43-bcb2-12fc00e9c7f0', 'catalog', 'member', 'f20f2d8c-d7e3-4e1f-91d6-0122418c16a5', 'fe9cd446-2f4b-4844-9b91-5092c0cabece');
INSERT INTO "map_member_to_rule" ("id", "member", "section", "area", "binding", "term") VALUES ('b9a60535-0f6f-43bd-8a4f-0161b6ebbe32', '8a27227a-5286-4349-9f98-57ab98a6fdc7', 'domain', 'domain', '00000000-0000-0000-0000-000000000000', '2fde426b-ed30-4376-9a7b-25278e8f104a');
INSERT INTO "map_member_to_rule" ("id", "member", "section", "area", "binding", "term") VALUES ('ba4df40c-00c9-4005-b121-f71f0753e19a', 'b0e57330-1df3-4514-b983-e8aa1f8ece02', 'editions', 'edition', '6c48d112-d527-4b4b-9f06-ea92e45b408c', '52dc7f72-2057-43c0-831d-55e458d84f39');
INSERT INTO "map_member_to_rule" ("id", "member", "section", "area", "binding", "term") VALUES ('ba83fed2-3827-49e6-90ac-af3286814852', 'a030a3f5-fcf5-4259-9dd7-eb71d4a73c06', 'editions', 'edition', 'd18c1f79-b450-449c-8bf8-97cbe9ef41ba', '2d34dbb9-db14-4fe8-a2c8-9a57e328b0b5');
INSERT INTO "map_member_to_rule" ("id", "member", "section", "area", "binding", "term") VALUES ('bc6d2ce0-369c-4cd9-8a2c-546b6849b818', 'a030a3f5-fcf5-4259-9dd7-eb71d4a73c06', 'domain', 'domain', '00000000-0000-0000-0000-000000000000', 'e55d9548-36fe-4e51-bec2-663235b5383e');
INSERT INTO "map_member_to_rule" ("id", "member", "section", "area", "binding", "term") VALUES ('bd71ba25-0234-4f76-9bed-0821b3182cc8', '6c5deedb-8ee2-4540-89dd-e97df1cdf4c3', 'editions', 'edition', '9fd8bed1-14f1-48d1-9f3e-2ab59e6cd047', '52dc7f72-2057-43c0-831d-55e458d84f39');
INSERT INTO "map_member_to_rule" ("id", "member", "section", "area", "binding", "term") VALUES ('bd820c28-0165-48b1-9f27-137ea513766c', 'b0e57330-1df3-4514-b983-e8aa1f8ece02', 'editions', 'edition', '57ea720b-39fb-4e96-bcb6-ae3ebf6d474b', '331895b6-5bbf-4222-a3a4-570b02c2aebe');
INSERT INTO "map_member_to_rule" ("id", "member", "section", "area", "binding", "term") VALUES ('bedd0648-768a-40c2-9781-dc0a30094162', 'a030a3f5-fcf5-4259-9dd7-eb71d4a73c06', 'catalog', 'member', '704bb233-9609-4227-aee1-d773411e7b22', '6033984a-a762-4392-b086-a8d2cdac4221');
INSERT INTO "map_member_to_rule" ("id", "member", "section", "area", "binding", "term") VALUES ('c03a5efc-3213-477d-891c-d50883b16f08', '39d40812-fc54-4342-9b98-e1c1f4222d22', 'catalog', 'member', 'c24d5e12-9b75-4dec-9ce8-1a9672458c32', 'ee992171-d275-4d24-8def-7ff02adec408');
INSERT INTO "map_member_to_rule" ("id", "member", "section", "area", "binding", "term") VALUES ('c081a606-c369-4a7a-ab87-9fbba9483b51', '0d8584de-7eaf-42e4-87ca-e866f01ec256', 'catalog', 'member', '96cdf2ed-0e11-4003-8754-2cd7d9c15c1b', '5b27108a-2108-4846-a0a8-3c369f873590');
INSERT INTO "map_member_to_rule" ("id", "member", "section", "area", "binding", "term") VALUES ('c1cde15f-965b-44cd-b87b-5d94310e3b68', '73918964-5364-45ba-aef0-a630fb1413c7', 'catalog', 'member', '58bd4a95-b548-4bfb-97b0-b5653e2d2f63', 'fe9cd446-2f4b-4844-9b91-5092c0cabece');
INSERT INTO "map_member_to_rule" ("id", "member", "section", "area", "binding", "term") VALUES ('c24789df-ef8a-4483-9b15-e27540e676f4', 'b0e57330-1df3-4514-b983-e8aa1f8ece02', 'catalog', 'group', 'c98d63b5-d734-46fc-a19c-087678325acf', 'b98fb3fd-2593-44c8-bcd8-12da48693ef7');
INSERT INTO "map_member_to_rule" ("id", "member", "section", "area", "binding", "term") VALUES ('c357ecc0-75f4-4233-9493-d972259688af', '6f47f907-cc23-4078-812b-aa8422c5dc71', 'catalog', 'member', '58bd4a95-b548-4bfb-97b0-b5653e2d2f63', 'fe9cd446-2f4b-4844-9b91-5092c0cabece');
INSERT INTO "map_member_to_rule" ("id", "member", "section", "area", "binding", "term") VALUES ('c4ca62c2-82f7-4f59-bbe1-6c4f0ced2580', '70769a8d-5e64-4d8a-9c06-f18e66817d64', 'catalog', 'member', '27b2d5bb-af21-4246-9db3-3aca363e3eb3', '6033984a-a762-4392-b086-a8d2cdac4221');
INSERT INTO "map_member_to_rule" ("id", "member", "section", "area", "binding", "term") VALUES ('c68cbf15-8473-4da7-aff7-8ad96773837f', '562b2852-3de3-4f4c-b130-06a29e3ed8ee', 'catalog', 'group', '27b2d5bb-af21-4246-9db3-3aca363e3eb3', '6033984a-a762-4392-b086-a8d2cdac4221');
INSERT INTO "map_member_to_rule" ("id", "member", "section", "area", "binding", "term") VALUES ('c8702b7b-880b-472c-bc17-76d8e85c5ba0', '73918964-5364-45ba-aef0-a630fb1413c7', 'catalog', 'member', '58bd4a95-b548-4bfb-97b0-b5653e2d2f63', '5b27108a-2108-4846-a0a8-3c369f873590');
INSERT INTO "map_member_to_rule" ("id", "member", "section", "area", "binding", "term") VALUES ('c8f211c3-823a-4dfd-9185-9aed01adf198', '0d8584de-7eaf-42e4-87ca-e866f01ec256', 'catalog', 'member', '96cdf2ed-0e11-4003-8754-2cd7d9c15c1b', 'fe9cd446-2f4b-4844-9b91-5092c0cabece');
INSERT INTO "map_member_to_rule" ("id", "member", "section", "area", "binding", "term") VALUES ('c9a72a76-80dc-4024-8953-d8234e6217a0', 'c56112c4-4f42-46e5-8d48-34c7b84d7a33', 'catalog', 'member', 'fddda112-d70e-48fa-be17-1733fb584416', 'beba3e8d-86e5-4e98-b3eb-368da28dba5f');
INSERT INTO "map_member_to_rule" ("id", "member", "section", "area", "binding", "term") VALUES ('ca28fc32-61c1-43c4-9ad0-04d4bc9c0138', '74dd7b68-8075-4260-ad5e-18c2ff4a0acc', 'catalog', 'member', '58bd4a95-b548-4bfb-97b0-b5653e2d2f63', 'fe9cd446-2f4b-4844-9b91-5092c0cabece');
INSERT INTO "map_member_to_rule" ("id", "member", "section", "area", "binding", "term") VALUES ('cbc77b16-208c-427d-b455-9379cf7319f2', 'c56112c4-4f42-46e5-8d48-34c7b84d7a33', 'catalog', 'group', 'fddda112-d70e-48fa-be17-1733fb584416', '6d590a90-58a1-447f-b5ad-b0582b64571a');
INSERT INTO "map_member_to_rule" ("id", "member", "section", "area", "binding", "term") VALUES ('ce61680e-747e-4e8a-8495-3ba804529931', 'a030a3f5-fcf5-4259-9dd7-eb71d4a73c06', 'catalog', 'group', 'c98d63b5-d734-46fc-a19c-087678325acf', '5b27108a-2108-4846-a0a8-3c369f873590');
INSERT INTO "map_member_to_rule" ("id", "member", "section", "area", "binding", "term") VALUES ('cf26ec8e-fd82-429f-b04d-55c4132186fd', '2e38a0dd-f056-4884-b599-43f169b8e899', 'catalog', 'group', 'fddda112-d70e-48fa-be17-1733fb584416', '6d590a90-58a1-447f-b5ad-b0582b64571a');
INSERT INTO "map_member_to_rule" ("id", "member", "section", "area", "binding", "term") VALUES ('cf5d32b9-a61b-4bd7-9b8d-65dbb70fa527', '6f47f907-cc23-4078-812b-aa8422c5dc71', 'catalog', 'member', '58bd4a95-b548-4bfb-97b0-b5653e2d2f63', 'bff78ebf-2cba-466e-9e3c-89f13a0882fc');
INSERT INTO "map_member_to_rule" ("id", "member", "section", "area", "binding", "term") VALUES ('d0548324-83d2-4efb-a87a-99dd912faf99', '39d40812-fc54-4342-9b98-e1c1f4222d22', 'editions', 'edition', '2520b40f-8e03-45fd-aa06-74631e4b2715', '2d34dbb9-db14-4fe8-a2c8-9a57e328b0b5');
INSERT INTO "map_member_to_rule" ("id", "member", "section", "area", "binding", "term") VALUES ('d070b4e3-f9c9-469c-af5c-c74ea25b0cb4', '2e38a0dd-f056-4884-b599-43f169b8e899', 'catalog', 'group', 'fddda112-d70e-48fa-be17-1733fb584416', '6d590a90-58a1-447f-b5ad-e3c62f80a2ef');
INSERT INTO "map_member_to_rule" ("id", "member", "section", "area", "binding", "term") VALUES ('d0c1bef5-a02e-4700-b0e5-bbca8e28518c', 'e14a7ed6-c7ce-4e67-9f53-0284c490c837', 'catalog', 'group', '58bd4a95-b548-4bfb-97b0-b5653e2d2f63', 'ac0a0d95-c4d3-4bd7-93c3-cc0fc230936f');
INSERT INTO "map_member_to_rule" ("id", "member", "section", "area", "binding", "term") VALUES ('d328b8a5-971d-4cb9-a5cf-f3b6fb155ec1', 'e4f9f237-9575-4eba-b3b2-bd4bd0b3c800', 'catalog', 'group', '571e983f-cc61-4d48-a761-0c27fa9a9dbc', 'fe9cd446-2f4b-4844-9b91-5092c0cabece');
INSERT INTO "map_member_to_rule" ("id", "member", "section", "area", "binding", "term") VALUES ('d3495adc-dd2d-4a9a-86a0-eaaf896a3e1a', '39d40812-fc54-4342-9b98-e1c1f4222d22', 'editions', 'edition', 'd4a4d415-f44a-4198-9374-7ad740ac7061', '133743df-52ab-4277-b320-3ede5222cb12');
INSERT INTO "map_member_to_rule" ("id", "member", "section", "area", "binding", "term") VALUES ('d35ac131-7619-401c-87ca-a99d3b640082', '6c5deedb-8ee2-4540-89dd-e97df1cdf4c3', 'catalog', 'group', '33772121-f187-49bc-884d-2083413f7644', 'beba3e8d-86e5-4e98-b3eb-368da28dba5f');
INSERT INTO "map_member_to_rule" ("id", "member", "section", "area", "binding", "term") VALUES ('d377a125-9c63-4ac0-bc04-78d3e08d6696', '562b2852-3de3-4f4c-b130-06a29e3ed8ee', 'catalog', 'group', '27b2d5bb-af21-4246-9db3-3aca363e3eb3', '5b27108a-2108-4846-a0a8-3c369f873590');
INSERT INTO "map_member_to_rule" ("id", "member", "section", "area", "binding", "term") VALUES ('d3c6b2b5-0638-476c-a737-c34a5eb55402', 'b0e57330-1df3-4514-b983-e8aa1f8ece02', 'catalog', 'group', '33772121-f187-49bc-884d-2083413f7644', 'fe9cd446-2f4b-4844-9b91-5092c0cabece');
INSERT INTO "map_member_to_rule" ("id", "member", "section", "area", "binding", "term") VALUES ('d42e7916-13a2-4d65-b0ed-238d3fd48f16', 'b0e57330-1df3-4514-b983-e8aa1f8ece02', 'editions', 'edition', '57ea720b-39fb-4e96-bcb6-ae3ebf6d474b', '76323a53-1c22-4ff4-8f19-5e43d5aa0bd4');
INSERT INTO "map_member_to_rule" ("id", "member", "section", "area", "binding", "term") VALUES ('d448c33a-f58a-41de-ade0-85c6817ad042', '42fd22f1-c486-41e7-bc7c-a69ff5379902', 'domain', 'domain', '00000000-0000-0000-0000-000000000000', '2fde426b-ed30-4376-9a7b-25278e8f104a');
INSERT INTO "map_member_to_rule" ("id", "member", "section", "area", "binding", "term") VALUES ('d4d2102c-2a58-4b49-8cc0-6c612709d723', '39d40812-fc54-4342-9b98-e1c1f4222d22', 'editions', 'edition', 'd4a4d415-f44a-4198-9374-7ad740ac7061', '76323a53-1c22-4ff4-8f19-5e43d5aa0bd4');
INSERT INTO "map_member_to_rule" ("id", "member", "section", "area", "binding", "term") VALUES ('d5ce3246-f748-47d0-bb03-de21191ec1b0', '0d8584de-7eaf-42e4-87ca-e866f01ec256', 'catalog', 'member', '96cdf2ed-0e11-4003-8754-2cd7d9c15c1b', '6d590a90-58a1-447f-b5ad-e3c62f80a2ef');
INSERT INTO "map_member_to_rule" ("id", "member", "section", "area", "binding", "term") VALUES ('d5f74450-e84f-4e18-bdf5-da0dc14be6cf', '8a27227a-5286-4349-9f98-57ab98a6fdc7', 'catalog', 'group', '37250c10-a052-4806-b065-5708702e842d', '5b27108a-2108-4846-a0a8-3c369f873590');
INSERT INTO "map_member_to_rule" ("id", "member", "section", "area", "binding", "term") VALUES ('d6104eec-946a-463a-ace2-181f0a205a4f', 'e4f9f237-9575-4eba-b3b2-bd4bd0b3c800', 'editions', 'edition', '2520b40f-8e03-45fd-aa06-74631e4b2715', 'ed9580be-1f36-45d1-9b60-36a2a85e5589');
INSERT INTO "map_member_to_rule" ("id", "member", "section", "area", "binding", "term") VALUES ('d6108552-ec26-4268-8011-4a224de7d737', '39d40812-fc54-4342-9b98-e1c1f4222d22', 'catalog', 'member', 'c24d5e12-9b75-4dec-9ce8-1a9672458c32', 'b946bd84-93fc-4a70-b325-d23c2804b2e9');
INSERT INTO "map_member_to_rule" ("id", "member", "section", "area", "binding", "term") VALUES ('d6c48244-e02c-4b1f-a989-7a91262e87c8', 'b0e57330-1df3-4514-b983-e8aa1f8ece02', 'catalog', 'group', '33772121-f187-49bc-884d-2083413f7644', '6d590a90-58a1-447f-b5ad-b0582b64571a');
INSERT INTO "map_member_to_rule" ("id", "member", "section", "area", "binding", "term") VALUES ('d7b037a9-b076-4669-9766-da47fed590d9', '6c5deedb-8ee2-4540-89dd-e97df1cdf4c3', 'catalog', 'group', '33772121-f187-49bc-884d-2083413f7644', '6d590a90-58a1-447f-b5ad-b0582b64571a');
INSERT INTO "map_member_to_rule" ("id", "member", "section", "area", "binding", "term") VALUES ('da8a4f52-eff5-4cfe-91c7-15027cce0702', 'a030a3f5-fcf5-4259-9dd7-eb71d4a73c06', 'catalog', 'member', '704bb233-9609-4227-aee1-d773411e7b22', '6d590a90-58a1-447f-b5ad-e3c62f80a2ef');
INSERT INTO "map_member_to_rule" ("id", "member", "section", "area", "binding", "term") VALUES ('dacd6222-8a7e-43be-92f2-725dc524feac', 'd6c310ee-a1ba-4705-8dbe-20bf41da77fd', 'catalog', 'member', '3ad3a74d-6e53-4542-98a7-82a781a922f4', 'b7adafe9-2d5b-44f3-aa87-681fd48466fa');
INSERT INTO "map_member_to_rule" ("id", "member", "section", "area", "binding", "term") VALUES ('dc1e73ea-155f-4c87-bd5a-b3e3e5922533', 'a030a3f5-fcf5-4259-9dd7-eb71d4a73c06', 'editions', 'edition', '57ea720b-39fb-4e96-bcb6-ae3ebf6d474b', '0eecba74-ca40-4b8d-a710-03382483b0f4');
INSERT INTO "map_member_to_rule" ("id", "member", "section", "area", "binding", "term") VALUES ('dd394041-1abf-4a35-9f3a-eabee536f630', '0d8584de-7eaf-42e4-87ca-e866f01ec256', 'catalog', 'member', '96cdf2ed-0e11-4003-8754-2cd7d9c15c1b', 'ee992171-d275-4d24-8def-7ff02adec408');
INSERT INTO "map_member_to_rule" ("id", "member", "section", "area", "binding", "term") VALUES ('ddada8d9-4132-4384-bce3-f81d2589615a', '8a27227a-5286-4349-9f98-57ab98a6fdc7', 'catalog', 'member', '37250c10-a052-4806-b065-5708702e842d', 'fe9cd446-2f4b-4844-9b91-5092c0cabece');
INSERT INTO "map_member_to_rule" ("id", "member", "section", "area", "binding", "term") VALUES ('de5f5a98-11fa-4e88-a024-44252a768d5c', '562b2852-3de3-4f4c-b130-06a29e3ed8ee', 'catalog', 'group', '27b2d5bb-af21-4246-9db3-3aca363e3eb3', '6d590a90-58a1-447f-b5ad-b0582b64571a');
INSERT INTO "map_member_to_rule" ("id", "member", "section", "area", "binding", "term") VALUES ('de8b7b53-82a4-4db8-982b-4018b9ece7ab', '562b2852-3de3-4f4c-b130-06a29e3ed8ee', 'catalog', 'group', '27b2d5bb-af21-4246-9db3-3aca363e3eb3', 'bff78ebf-2cba-466e-9e3c-89f13a0882fc');
INSERT INTO "map_member_to_rule" ("id", "member", "section", "area", "binding", "term") VALUES ('dfbb5726-2c66-4b24-bfa0-5e8017666412', 'a030a3f5-fcf5-4259-9dd7-eb71d4a73c06', 'catalog', 'member', 'c98d63b5-d734-46fc-a19c-087678325acf', 'b7adafe9-2d5b-44f3-aa87-681fd48466fa');
INSERT INTO "map_member_to_rule" ("id", "member", "section", "area", "binding", "term") VALUES ('e115fbcd-7c38-455d-8a78-2657520bcbb6', '0d8584de-7eaf-42e4-87ca-e866f01ec256', 'catalog', 'member', '96cdf2ed-0e11-4003-8754-2cd7d9c15c1b', 'bff78ebf-2cba-466e-9e3c-89f13a0882fc');
INSERT INTO "map_member_to_rule" ("id", "member", "section", "area", "binding", "term") VALUES ('e2a47a9d-581b-40ec-8524-3b40f04dcd2f', '5b1d1ef0-0318-49b7-bed8-3934852ee897', 'catalog', 'member', 'f20f2d8c-d7e3-4e1f-91d6-0122418c16a5', 'ee992171-d275-4d24-8def-7ff02adec408');
INSERT INTO "map_member_to_rule" ("id", "member", "section", "area", "binding", "term") VALUES ('e31ebb9e-a176-424a-a448-864e440035e1', '0d8584de-7eaf-42e4-87ca-e866f01ec256', 'domain', 'domain', '00000000-0000-0000-0000-000000000000', '2fde426b-ed30-4376-9a7b-25278e8f104a');
INSERT INTO "map_member_to_rule" ("id", "member", "section", "area", "binding", "term") VALUES ('e3e4b607-bf4b-43a3-9b28-d1e06ae50194', '6c5deedb-8ee2-4540-89dd-e97df1cdf4c3', 'catalog', 'group', '33772121-f187-49bc-884d-2083413f7644', 'ee992171-d275-4d24-8def-7ff02adec408');
INSERT INTO "map_member_to_rule" ("id", "member", "section", "area", "binding", "term") VALUES ('e3fa5b06-912d-4ac2-bdc4-ad04c71a8cb5', 'e14a7ed6-c7ce-4e67-9f53-0284c490c837', 'editions', 'edition', '9fd8bed1-14f1-48d1-9f3e-2ab59e6cd047', '133743df-52ab-4277-b320-3ede5222cb12');
INSERT INTO "map_member_to_rule" ("id", "member", "section", "area", "binding", "term") VALUES ('e3fa6b30-7bcc-44ad-a528-68595794a43c', 'c56112c4-4f42-46e5-8d48-34c7b84d7a33', 'catalog', 'group', 'fddda112-d70e-48fa-be17-1733fb584416', 'ac0a0d95-c4d3-4bd7-93c3-cc0fc230936f');
INSERT INTO "map_member_to_rule" ("id", "member", "section", "area", "binding", "term") VALUES ('e447d3f5-9de3-43b5-a8c5-75eec497f38c', '70769a8d-5e64-4d8a-9c06-f18e66817d64', 'catalog', 'member', '27b2d5bb-af21-4246-9db3-3aca363e3eb3', 'beba3e8d-86e5-4e98-b3eb-368da28dba5f');
INSERT INTO "map_member_to_rule" ("id", "member", "section", "area", "binding", "term") VALUES ('e44eda44-bc03-432b-9c7d-b696980de578', 'a030a3f5-fcf5-4259-9dd7-eb71d4a73c06', 'catalog', 'member', '4723e427-4c5a-4111-b240-08fda5075098', 'f4ad42ed-b46b-4b4e-859f-1b69b918a64a');
INSERT INTO "map_member_to_rule" ("id", "member", "section", "area", "binding", "term") VALUES ('e49a06a5-6b17-42d7-8a1f-c196cc959182', 'c56112c4-4f42-46e5-8d48-34c7b84d7a33', 'catalog', 'member', 'fddda112-d70e-48fa-be17-1733fb584416', 'bff78ebf-2cba-466e-9e3c-89f13a0882fc');
INSERT INTO "map_member_to_rule" ("id", "member", "section", "area", "binding", "term") VALUES ('e4d2b7cd-95b9-4800-ac3f-6936506bc85d', 'f02f00af-fe7f-4581-9b2f-d74d335a6766', 'catalog', 'member', '58bd4a95-b548-4bfb-97b0-b5653e2d2f63', 'ac0a0d95-c4d3-4bd7-93c3-cc0fc230936f');
INSERT INTO "map_member_to_rule" ("id", "member", "section", "area", "binding", "term") VALUES ('e4f2e3a6-db26-40dc-ac8a-84774a1c9636', 'a030a3f5-fcf5-4259-9dd7-eb71d4a73c06', 'editions', 'edition', '6c48d112-d527-4b4b-9f06-ea92e45b408c', '133743df-52ab-4277-b320-3ede5222cb12');
INSERT INTO "map_member_to_rule" ("id", "member", "section", "area", "binding", "term") VALUES ('e538c7ec-96fb-4706-9335-a4a2bf2acf19', 'c56112c4-4f42-46e5-8d48-34c7b84d7a33', 'catalog', 'member', 'fddda112-d70e-48fa-be17-1733fb584416', 'ee992171-d275-4d24-8def-7ff02adec408');
INSERT INTO "map_member_to_rule" ("id", "member", "section", "area", "binding", "term") VALUES ('e5411fa9-c2a1-4f59-a738-0af520477fc8', '6f47f907-cc23-4078-812b-aa8422c5dc71', 'catalog', 'member', '58bd4a95-b548-4bfb-97b0-b5653e2d2f63', 'beba3e8d-86e5-4e98-b3eb-368da28dba5f');
INSERT INTO "map_member_to_rule" ("id", "member", "section", "area", "binding", "term") VALUES ('e553c339-fae0-4b1a-96a0-883328734666', 'dcf5fd23-6213-44e3-ac50-b754690265fb', 'catalog', 'member', '27b2d5bb-af21-4246-9db3-3aca363e3eb3', 'fe9cd446-2f4b-4844-9b91-5092c0cabece');
INSERT INTO "map_member_to_rule" ("id", "member", "section", "area", "binding", "term") VALUES ('e7030aac-3711-4ca8-adf3-fbe87eaec1cc', '70769a8d-5e64-4d8a-9c06-f18e66817d64', 'catalog', 'group', '27b2d5bb-af21-4246-9db3-3aca363e3eb3', 'f4ad42ed-b46b-4b4e-859f-1b69b918a64a');
INSERT INTO "map_member_to_rule" ("id", "member", "section", "area", "binding", "term") VALUES ('e70a83f9-dd3d-464a-bc41-3039e09bcfa3', '5b1d1ef0-0318-49b7-bed8-3934852ee897', 'catalog', 'member', 'f20f2d8c-d7e3-4e1f-91d6-0122418c16a5', 'fe9cd446-2f4b-4844-9b91-5092c0cabece');
INSERT INTO "map_member_to_rule" ("id", "member", "section", "area", "binding", "term") VALUES ('e7fb6995-3aa9-41a6-933a-0ded481ee871', 'c56112c4-4f42-46e5-8d48-34c7b84d7a33', 'catalog', 'member', 'fddda112-d70e-48fa-be17-1733fb584416', '5b27108a-2108-4846-a0a8-3c369f873590');
INSERT INTO "map_member_to_rule" ("id", "member", "section", "area", "binding", "term") VALUES ('e8518775-9d08-4df1-8a7a-abbc9fb5f23e', 'a030a3f5-fcf5-4259-9dd7-eb71d4a73c06', 'catalog', 'group', 'c98d63b5-d734-46fc-a19c-087678325acf', '6d590a90-58a1-447f-b5ad-e3c62f80a2ef');
INSERT INTO "map_member_to_rule" ("id", "member", "section", "area", "binding", "term") VALUES ('e9d27c84-fb37-4297-a0cd-e238291da6f5', 'dcf5fd23-6213-44e3-ac50-b754690265fb', 'catalog', 'member', '27b2d5bb-af21-4246-9db3-3aca363e3eb3', 'beba3e8d-86e5-4e98-b3eb-368da28dba5f');
INSERT INTO "map_member_to_rule" ("id", "member", "section", "area", "binding", "term") VALUES ('ebd8b560-625d-42dd-ad93-5e33c9048110', 'a030a3f5-fcf5-4259-9dd7-eb71d4a73c06', 'domain', 'domain', '00000000-0000-0000-0000-000000000000', '6406ad57-c889-47c5-acc6-0cd552e9cf5e');
INSERT INTO "map_member_to_rule" ("id", "member", "section", "area", "binding", "term") VALUES ('ec2a2b86-421c-41d5-be39-c16f808732ea', 'f02f00af-fe7f-4581-9b2f-d74d335a6766', 'catalog', 'member', '58bd4a95-b548-4bfb-97b0-b5653e2d2f63', 'bff78ebf-2cba-466e-9e3c-89f13a0882fc');
INSERT INTO "map_member_to_rule" ("id", "member", "section", "area", "binding", "term") VALUES ('edfe73fc-3b5f-42c0-ba0f-945f578a929d', 'b0e57330-1df3-4514-b983-e8aa1f8ece02', 'domain', 'domain', '00000000-0000-0000-0000-000000000000', '6406ad57-c889-47c5-acc6-0cd552e9cf5e');
INSERT INTO "map_member_to_rule" ("id", "member", "section", "area", "binding", "term") VALUES ('ee9de9e9-108d-4e67-a697-9be83d4d361b', 'a030a3f5-fcf5-4259-9dd7-eb71d4a73c06', 'catalog', 'member', '704bb233-9609-4227-aee1-d773411e7b22', 'bff78ebf-2cba-466e-9e3c-89f13a0882fc');
INSERT INTO "map_member_to_rule" ("id", "member", "section", "area", "binding", "term") VALUES ('ef166e31-be08-4513-b4ca-bedae44f5c35', '8a27227a-5286-4349-9f98-57ab98a6fdc7', 'catalog', 'group', '37250c10-a052-4806-b065-5708702e842d', 'f4ad42ed-b46b-4b4e-859f-1b69b918a64a');
INSERT INTO "map_member_to_rule" ("id", "member", "section", "area", "binding", "term") VALUES ('ef61606d-3fa6-4a6b-b978-fb3f4cfcb67c', '6c5deedb-8ee2-4540-89dd-e97df1cdf4c3', 'editions', 'edition', '9fd8bed1-14f1-48d1-9f3e-2ab59e6cd047', '2d34dbb9-db14-4fe8-a2c8-9a57e328b0b5');
INSERT INTO "map_member_to_rule" ("id", "member", "section", "area", "binding", "term") VALUES ('efdedb9a-b287-4f02-99b8-fcfc340cab0c', '73918964-5364-45ba-aef0-a630fb1413c7', 'editions', 'edition', '9fd8bed1-14f1-48d1-9f3e-2ab59e6cd047', '133743df-52ab-4277-b320-3ede5222cb12');
INSERT INTO "map_member_to_rule" ("id", "member", "section", "area", "binding", "term") VALUES ('efebd2f1-417c-4847-83d2-bd971077aa05', 'd6c310ee-a1ba-4705-8dbe-20bf41da77fd', 'catalog', 'member', '3ad3a74d-6e53-4542-98a7-82a781a922f4', 'bff78ebf-2cba-466e-9e3c-89f13a0882fc');
INSERT INTO "map_member_to_rule" ("id", "member", "section", "area", "binding", "term") VALUES ('f0aceacb-b954-4a4d-b198-1079366e57df', 'e4f9f237-9575-4eba-b3b2-bd4bd0b3c800', 'editions', 'edition', '2520b40f-8e03-45fd-aa06-74631e4b2715', '76323a53-1c22-4ff4-8f19-5e43d5aa0bd4');
INSERT INTO "map_member_to_rule" ("id", "member", "section", "area", "binding", "term") VALUES ('f1193080-e985-491f-85e4-059c3408e4c1', 'a030a3f5-fcf5-4259-9dd7-eb71d4a73c06', 'catalog', 'member', '4723e427-4c5a-4111-b240-08fda5075098', 'ac0a0d95-c4d3-4bd7-93c3-cc0fc230936f');
INSERT INTO "map_member_to_rule" ("id", "member", "section", "area", "binding", "term") VALUES ('f231d7f6-25ab-4920-8116-c598f02fdca8', 'a030a3f5-fcf5-4259-9dd7-eb71d4a73c06', 'catalog', 'member', '4723e427-4c5a-4111-b240-08fda5075098', '5b27108a-2108-4846-a0a8-3c369f873590');
INSERT INTO "map_member_to_rule" ("id", "member", "section", "area", "binding", "term") VALUES ('f268a86a-e8b3-40e4-91f3-a265ffd50521', '6f47f907-cc23-4078-812b-aa8422c5dc71', 'editions', 'edition', '9fd8bed1-14f1-48d1-9f3e-2ab59e6cd047', '133743df-52ab-4277-b320-3ede5222cb12');
INSERT INTO "map_member_to_rule" ("id", "member", "section", "area", "binding", "term") VALUES ('f30eac80-319e-4fd2-8cac-e6e384b8705b', 'b0e57330-1df3-4514-b983-e8aa1f8ece02', 'editions', 'edition', '57ea720b-39fb-4e96-bcb6-ae3ebf6d474b', 'ed9580be-1f36-45d1-9b60-36a2a85e5589');
INSERT INTO "map_member_to_rule" ("id", "member", "section", "area", "binding", "term") VALUES ('f3777239-2d0c-4cf2-80db-4d94a0ff38b6', '8a27227a-5286-4349-9f98-57ab98a6fdc7', 'catalog', 'group', '37250c10-a052-4806-b065-5708702e842d', 'd782679e-3f0a-4499-bda6-8c2600a3e761');
INSERT INTO "map_member_to_rule" ("id", "member", "section", "area", "binding", "term") VALUES ('f47c23fa-7925-420c-93f9-67f2c406e7be', '24523130-e952-4fad-9068-476911650afc', 'domain', 'domain', '00000000-0000-0000-0000-000000000000', '2fde426b-ed30-4376-9a7b-25278e8f104a');
INSERT INTO "map_member_to_rule" ("id", "member", "section", "area", "binding", "term") VALUES ('f5b35072-c464-44d8-8954-d97bb0ffd894', '42fd22f1-c486-41e7-bc7c-a69ff5379902', 'catalog', 'member', '58bd4a95-b548-4bfb-97b0-b5653e2d2f63', 'f4ad42ed-b46b-4b4e-859f-1b69b918a64a');
INSERT INTO "map_member_to_rule" ("id", "member", "section", "area", "binding", "term") VALUES ('f5bcfe55-d84f-48e7-bfae-4f2285cbddea', '6c5deedb-8ee2-4540-89dd-e97df1cdf4c3', 'catalog', 'group', '33772121-f187-49bc-884d-2083413f7644', 'f4ad42ed-b46b-4b4e-859f-1b69b918a64a');
INSERT INTO "map_member_to_rule" ("id", "member", "section", "area", "binding", "term") VALUES ('f67b9fc4-bd09-447a-92ee-62fabf0d5e92', 'e4f9f237-9575-4eba-b3b2-bd4bd0b3c800', 'catalog', 'group', '571e983f-cc61-4d48-a761-0c27fa9a9dbc', '6d590a90-58a1-447f-b5ad-b0582b64571a');
INSERT INTO "map_member_to_rule" ("id", "member", "section", "area", "binding", "term") VALUES ('f6a03b9b-086d-4a68-aea3-791639d78b8b', 'a030a3f5-fcf5-4259-9dd7-eb71d4a73c06', 'catalog', 'group', 'c98d63b5-d734-46fc-a19c-087678325acf', 'ee992171-d275-4d24-8def-7ff02adec408');
INSERT INTO "map_member_to_rule" ("id", "member", "section", "area", "binding", "term") VALUES ('f7b8093a-f069-4428-9380-e1bee782a911', '8a27227a-5286-4349-9f98-57ab98a6fdc7', 'catalog', 'group', '37250c10-a052-4806-b065-5708702e842d', 'ee992171-d275-4d24-8def-7ff02adec408');
INSERT INTO "map_member_to_rule" ("id", "member", "section", "area", "binding", "term") VALUES ('f80c3061-7f23-487d-b628-619fa697e2d8', 'e14a7ed6-c7ce-4e67-9f53-0284c490c837', 'catalog', 'member', '58bd4a95-b548-4bfb-97b0-b5653e2d2f63', 'fe9cd446-2f4b-4844-9b91-5092c0cabece');
INSERT INTO "map_member_to_rule" ("id", "member", "section", "area", "binding", "term") VALUES ('f994818e-0fd3-457c-8e71-c48c7daf5e50', 'dcf5fd23-6213-44e3-ac50-b754690265fb', 'catalog', 'member', '27b2d5bb-af21-4246-9db3-3aca363e3eb3', '5b27108a-2108-4846-a0a8-3c369f873590');
INSERT INTO "map_member_to_rule" ("id", "member", "section", "area", "binding", "term") VALUES ('fa397105-be7c-4590-b763-5b20b3309ee8', '8a27227a-5286-4349-9f98-57ab98a6fdc7', 'catalog', 'member', '37250c10-a052-4806-b065-5708702e842d', '6d590a90-58a1-447f-b5ad-b0582b64571a');
INSERT INTO "map_member_to_rule" ("id", "member", "section", "area", "binding", "term") VALUES ('fabca227-8a42-4203-aefd-9889ec9d4c7a', '70769a8d-5e64-4d8a-9c06-f18e66817d64', 'catalog', 'member', '27b2d5bb-af21-4246-9db3-3aca363e3eb3', '5b27108a-2108-4846-a0a8-3c369f873590');
INSERT INTO "map_member_to_rule" ("id", "member", "section", "area", "binding", "term") VALUES ('facb472b-8649-4bc4-9a1e-aa3f493bde38', '74dd7b68-8075-4260-ad5e-18c2ff4a0acc', 'editions', 'edition', '9fd8bed1-14f1-48d1-9f3e-2ab59e6cd047', '52dc7f72-2057-43c0-831d-55e458d84f39');
INSERT INTO "map_member_to_rule" ("id", "member", "section", "area", "binding", "term") VALUES ('fb7c3d78-55e3-4d43-98c8-22300c8a6f3f', 'dcf5fd23-6213-44e3-ac50-b754690265fb', 'catalog', 'member', '27b2d5bb-af21-4246-9db3-3aca363e3eb3', 'b946bd84-93fc-4a70-b325-d23c2804b2e9');
INSERT INTO "map_member_to_rule" ("id", "member", "section", "area", "binding", "term") VALUES ('fbc246c6-ed2a-410e-ba32-0698dd75b2ed', '39d40812-fc54-4342-9b98-e1c1f4222d22', 'editions', 'edition', '2520b40f-8e03-45fd-aa06-74631e4b2715', '0eecba74-ca40-4b8d-a710-03382483b0f4');
INSERT INTO "map_member_to_rule" ("id", "member", "section", "area", "binding", "term") VALUES ('fbf4d6cd-01be-4196-bd8a-54caed80c3e4', '0d8584de-7eaf-42e4-87ca-e866f01ec256', 'editions', 'edition', '9fd8bed1-14f1-48d1-9f3e-2ab59e6cd047', '133743df-52ab-4277-b320-3ede5222cb12');
INSERT INTO "map_member_to_rule" ("id", "member", "section", "area", "binding", "term") VALUES ('fc894c2d-602e-423c-83c2-97946033cb2f', 'e4f9f237-9575-4eba-b3b2-bd4bd0b3c800', 'domain', 'domain', '00000000-0000-0000-0000-000000000000', '9d057494-c2c6-41f5-9276-74b33b55c6e3');
INSERT INTO "map_member_to_rule" ("id", "member", "section", "area", "binding", "term") VALUES ('fcc265f1-f25f-4b8d-86c4-cae7574b8f76', '0d8584de-7eaf-42e4-87ca-e866f01ec256', 'catalog', 'member', '96cdf2ed-0e11-4003-8754-2cd7d9c15c1b', 'beba3e8d-86e5-4e98-b3eb-368da28dba5f');
INSERT INTO "map_member_to_rule" ("id", "member", "section", "area", "binding", "term") VALUES ('fcc904ef-5107-4cd1-a18f-68a222fb7800', 'b0e57330-1df3-4514-b983-e8aa1f8ece02', 'catalog', 'member', 'c98d63b5-d734-46fc-a19c-087678325acf', '6d590a90-58a1-447f-b5ad-e3c62f80a2ef');
INSERT INTO "map_member_to_rule" ("id", "member", "section", "area", "binding", "term") VALUES ('fd63c3ce-1211-4bce-a04b-bb6b668d9a29', 'b0e57330-1df3-4514-b983-e8aa1f8ece02', 'editions', 'edition', '6c48d112-d527-4b4b-9f06-ea92e45b408c', '133743df-52ab-4277-b320-3ede5222cb12');
INSERT INTO "map_member_to_rule" ("id", "member", "section", "area", "binding", "term") VALUES ('ff1b5b09-64db-4599-a272-bf58a8513ee0', 'f02f00af-fe7f-4581-9b2f-d74d335a6766', 'catalog', 'member', '58bd4a95-b548-4bfb-97b0-b5653e2d2f63', 'ee992171-d275-4d24-8def-7ff02adec408');
INSERT INTO "map_member_to_rule" ("id", "member", "section", "area", "binding", "term") VALUES ('ff258b2f-d6ae-4705-b888-29d2e10a4497', '2e38a0dd-f056-4884-b599-43f169b8e899', 'editions', 'edition', '9fd8bed1-14f1-48d1-9f3e-2ab59e6cd047', '133743df-52ab-4277-b320-3ede5222cb12');
INSERT INTO "map_member_to_rule" ("id", "member", "section", "area", "binding", "term") VALUES ('ffc771cc-a503-4918-9fbe-231c225a5a27', 'e4f9f237-9575-4eba-b3b2-bd4bd0b3c800', 'domain', 'domain', '00000000-0000-0000-0000-000000000000', 'e55d9548-36fe-4e51-bec2-663235b5383e');
INSERT INTO "map_member_to_rule" ("id", "member", "section", "area", "binding", "term") VALUES ('ffdf8bbf-99b6-41df-bc18-e754947e3dde', '73918964-5364-45ba-aef0-a630fb1413c7', 'catalog', 'member', '58bd4a95-b548-4bfb-97b0-b5653e2d2f63', 'f4ad42ed-b46b-4b4e-859f-1b69b918a64a');

-- ************************************************************************************************

-- ----------------------------
-- Records of readiness
-- ----------------------------

INSERT INTO "readiness" ("id", "color", "weight", "title", "shortcut", "description", "created", "updated") VALUES ('00cd9941-d094-44a2-ad41-0c548aa5a1ce', 'c869f0', '100', 'Сверстано', 'Сверстано', 'Сверстано', '2010-12-06 13:50:40.446412+00', '2010-12-06 13:50:40.446412+00');
INSERT INTO "readiness" ("id", "color", "weight", "title", "shortcut", "description", "created", "updated") VALUES ('49b520d9-8738-494d-bcc6-1e4ffa317987', '29ab05', '70', 'Утверждение', 'Утверждение', 'Описание', '2010-12-06 13:38:16.314412+00', '2010-12-06 13:38:16.314412+00');
INSERT INTO "readiness" ("id", "color", "weight", "title", "shortcut", "description", "created", "updated") VALUES ('ca278346-83da-420b-8997-552661ffd38f', '02d6d2', '80', 'Корректура', 'Корректура', 'Описание', '2010-12-06 13:38:43.754412+00', '2010-12-06 13:38:43.754412+00');
INSERT INTO "readiness" ("id", "color", "weight", "title", "shortcut", "description", "created", "updated") VALUES ('d316ba3c-580c-47b3-87cf-a907eba4b203', '032ca7', '90', 'Верстка', 'Верстка', 'Описание', '2010-12-06 13:39:06.914412+00', '2010-12-06 13:39:06.914412+00');
INSERT INTO "readiness" ("id", "color", "weight", "title", "shortcut", "description", "created", "updated") VALUES ('df2311ec-dcbe-4b62-8de6-7ed7a25221fb', 'f9f906', '50', 'Редактура', 'Редактура', 'Описание', '2010-12-06 13:36:09.158412+00', '2010-12-06 13:36:09.158412+00');
INSERT INTO "readiness" ("id", "color", "weight", "title", "shortcut", "description", "created", "updated") VALUES ('e41954d9-9fbe-435b-9b53-b457a1bcb6b4', 'ca0b0b', '30', 'Написание', 'Написание', 'Описание', '2010-12-06 13:35:37.546412+00', '2010-12-06 13:35:37.546412+00');

-- ----------------------------
-- Records of branches
-- ----------------------------

INSERT INTO "branches" ("id", "edition", "mtype", "title", "shortcut", "description", "created", "updated") VALUES ('06f28a8b-1e45-4fe5-92cd-6e2d3d299ec6', '2520b40f-8e03-45fd-aa06-74631e4b2715', 'document', 'Test', 'Test', 'Описание', '2010-12-27 08:50:28.066986+00', '2010-12-27 08:50:28.066986+00');
INSERT INTO "branches" ("id", "edition", "mtype", "title", "shortcut", "description", "created", "updated") VALUES ('209f462f-66e3-451d-b67e-d84ad69e86dc', '57ea720b-39fb-4e96-bcb6-ae3ebf6d474b', 'document', 'ГЗР', 'ГЗР', 'газета "За рулем"', '2010-12-06 15:34:27.882412+00', '2010-12-06 15:34:27.882412+00');
INSERT INTO "branches" ("id", "edition", "mtype", "title", "shortcut", "description", "created", "updated") VALUES ('24268a81-566b-4b98-a5bf-35a49a23c91c', '6c48d112-d527-4b4b-9f06-ea92e45b408c', 'document', 'Купи Авто Питер', 'КА Питер', 'Описание', '2010-12-11 13:58:00.318986+00', '2010-12-11 13:58:00.318986+00');
INSERT INTO "branches" ("id", "edition", "mtype", "title", "shortcut", "description", "created", "updated") VALUES ('a09c33c4-efba-4840-90f8-93aebcc18ae4', '9fd8bed1-14f1-48d1-9f3e-2ab59e6cd047', 'document', 'ГЗР Москва', 'ГЗР Москва', 'Московский выпуск газеты "За рулем"', '2010-12-06 15:36:18.546412+00', '2010-12-06 15:36:18.546412+00');
INSERT INTO "branches" ("id", "edition", "mtype", "title", "shortcut", "description", "created", "updated") VALUES ('c5fe3a5f-a44f-4651-ad98-753f724b9e04', '00000000-0000-0000-0000-000000000000', 'document', 'Все издания', 'Все издания', 'Все издания', '2010-12-11 11:37:51.818986+00', '2010-12-11 11:37:51.818986+00');

-- ----------------------------
-- Records of stages
-- ----------------------------

INSERT INTO "stages" ("id", "branch", "readiness", "weight", "title", "shortcut", "description", "created", "updated") VALUES ('05ff7423-02e9-40df-bee3-97eff9ab5ad7', 'a09c33c4-efba-4840-90f8-93aebcc18ae4', 'e41954d9-9fbe-435b-9b53-b457a1bcb6b4', '30', 'Написание', 'Написание', 'Описание', '2010-12-06 15:38:10.278412+00', '2010-12-06 15:38:10.278412+00');
INSERT INTO "stages" ("id", "branch", "readiness", "weight", "title", "shortcut", "description", "created", "updated") VALUES ('0a14503d-170c-4809-98a9-2aaf36f13b8d', '06f28a8b-1e45-4fe5-92cd-6e2d3d299ec6', 'e41954d9-9fbe-435b-9b53-b457a1bcb6b4', '30', 'Написание', 'Написание', 'Описание', '2010-12-27 08:50:28.086986+00', '2010-12-27 08:50:28.086986+00');
INSERT INTO "stages" ("id", "branch", "readiness", "weight", "title", "shortcut", "description", "created", "updated") VALUES ('26038566-879d-49b7-9473-980b1deeb3e1', 'c5fe3a5f-a44f-4651-ad98-753f724b9e04', 'e41954d9-9fbe-435b-9b53-b457a1bcb6b4', '10', 'Написание материалов', 'Написание', 'Ступенька по умолчанию для всех изданий', '2010-12-11 11:37:51.854986+00', '2010-12-11 11:37:51.854986+00');
INSERT INTO "stages" ("id", "branch", "readiness", "weight", "title", "shortcut", "description", "created", "updated") VALUES ('345fa628-4c3e-4614-8a3a-0db38a9c723c', 'a09c33c4-efba-4840-90f8-93aebcc18ae4', 'ca278346-83da-420b-8997-552661ffd38f', '70', 'Корректура', 'Корректура', 'Описание', '2010-12-06 15:37:53.354412+00', '2010-12-06 15:37:53.354412+00');
INSERT INTO "stages" ("id", "branch", "readiness", "weight", "title", "shortcut", "description", "created", "updated") VALUES ('3eadab1c-7ed1-46fe-a1ee-af9083a2ba2b', '24268a81-566b-4b98-a5bf-35a49a23c91c', 'e41954d9-9fbe-435b-9b53-b457a1bcb6b4', '10', 'Написание', 'Написание', 'Описание', '2010-12-11 13:58:00.342986+00', '2010-12-11 13:58:00.342986+00');
INSERT INTO "stages" ("id", "branch", "readiness", "weight", "title", "shortcut", "description", "created", "updated") VALUES ('3fbbe150-c5b8-4138-8ddd-28d65f9e3dec', '24268a81-566b-4b98-a5bf-35a49a23c91c', '00cd9941-d094-44a2-ad41-0c548aa5a1ce', '100', 'Сверстано', 'Сверстано', 'Описание', '2010-12-11 13:59:11.294986+00', '2010-12-11 13:59:11.294986+00');
INSERT INTO "stages" ("id", "branch", "readiness", "weight", "title", "shortcut", "description", "created", "updated") VALUES ('5dc23c85-d46d-4140-b85d-43996dd51229', '24268a81-566b-4b98-a5bf-35a49a23c91c', 'df2311ec-dcbe-4b62-8de6-7ed7a25221fb', '30', 'Редактура', 'Редактура', 'Описание', '2010-12-11 13:58:13.330986+00', '2010-12-11 13:58:13.330986+00');
INSERT INTO "stages" ("id", "branch", "readiness", "weight", "title", "shortcut", "description", "created", "updated") VALUES ('7b5104c4-f6f6-4ec8-9653-783dbb79e414', '06f28a8b-1e45-4fe5-92cd-6e2d3d299ec6', 'd316ba3c-580c-47b3-87cf-a907eba4b203', '80', 'Верстка', 'Верстка', 'Описание', '2010-12-27 08:51:11.198986+00', '2010-12-27 08:51:11.198986+00');
INSERT INTO "stages" ("id", "branch", "readiness", "weight", "title", "shortcut", "description", "created", "updated") VALUES ('7bb092c3-1924-4ed3-8378-7e07352d239b', '06f28a8b-1e45-4fe5-92cd-6e2d3d299ec6', 'df2311ec-dcbe-4b62-8de6-7ed7a25221fb', '50', 'Утверждение', 'Утверждение', 'Описание', '2010-12-27 08:50:43.754986+00', '2010-12-27 08:50:43.754986+00');
INSERT INTO "stages" ("id", "branch", "readiness", "weight", "title", "shortcut", "description", "created", "updated") VALUES ('8308c74c-914d-42bb-81ef-bbf429f0eca2', 'a09c33c4-efba-4840-90f8-93aebcc18ae4', '00cd9941-d094-44a2-ad41-0c548aa5a1ce', '100', 'Сверстано', 'Сверстано', 'Описание', '2010-12-06 15:38:55.430412+00', '2010-12-06 15:38:55.430412+00');
INSERT INTO "stages" ("id", "branch", "readiness", "weight", "title", "shortcut", "description", "created", "updated") VALUES ('87769daf-6fc7-4804-832c-547f263b8787', 'a09c33c4-efba-4840-90f8-93aebcc18ae4', '49b520d9-8738-494d-bcc6-1e4ffa317987', '60', 'Утверждение', 'Утверждение', 'Описание', '2010-12-06 15:37:17.646412+00', '2010-12-06 15:37:17.646412+00');
INSERT INTO "stages" ("id", "branch", "readiness", "weight", "title", "shortcut", "description", "created", "updated") VALUES ('8c9e6cd4-87ee-4d56-a6bd-532799b9b376', '06f28a8b-1e45-4fe5-92cd-6e2d3d299ec6', 'ca278346-83da-420b-8997-552661ffd38f', '60', 'Корректура', 'Корректура', 'Описание', '2010-12-27 08:50:55.434986+00', '2010-12-27 08:50:55.434986+00');
INSERT INTO "stages" ("id", "branch", "readiness", "weight", "title", "shortcut", "description", "created", "updated") VALUES ('95abea0a-e208-42a6-a47a-3c19f99c0dcf', 'a09c33c4-efba-4840-90f8-93aebcc18ae4', 'df2311ec-dcbe-4b62-8de6-7ed7a25221fb', '50', 'Редактура', 'Редактура', 'Описание', '2010-12-06 15:36:58.198412+00', '2010-12-06 15:36:58.198412+00');
INSERT INTO "stages" ("id", "branch", "readiness", "weight", "title", "shortcut", "description", "created", "updated") VALUES ('a17c9ce1-3b9b-400c-8b93-f23ecd2d9acb', '06f28a8b-1e45-4fe5-92cd-6e2d3d299ec6', '00cd9941-d094-44a2-ad41-0c548aa5a1ce', '100', 'Сверстано', 'Сверстано', 'Описание', '2010-12-27 08:51:26.402986+00', '2010-12-27 08:51:26.402986+00');
INSERT INTO "stages" ("id", "branch", "readiness", "weight", "title", "shortcut", "description", "created", "updated") VALUES ('a5bdc15b-9f5a-4288-ac90-e8c170fed392', 'a09c33c4-efba-4840-90f8-93aebcc18ae4', 'd316ba3c-580c-47b3-87cf-a907eba4b203', '90', 'Верстка', 'Верстка', 'Описание', '2010-12-06 15:38:40.670412+00', '2010-12-06 15:38:40.670412+00');
INSERT INTO "stages" ("id", "branch", "readiness", "weight", "title", "shortcut", "description", "created", "updated") VALUES ('bce538d7-a9c3-4640-bcde-b0036be91b19', '24268a81-566b-4b98-a5bf-35a49a23c91c', 'd316ba3c-580c-47b3-87cf-a907eba4b203', '70', 'Верстка', 'Верстка', 'Описание', '2010-12-11 13:59:00.602986+00', '2010-12-11 13:59:00.602986+00');
INSERT INTO "stages" ("id", "branch", "readiness", "weight", "title", "shortcut", "description", "created", "updated") VALUES ('cd3ab5b8-069b-43a0-8b65-ea8884c0aa9a', '24268a81-566b-4b98-a5bf-35a49a23c91c', 'ca278346-83da-420b-8997-552661ffd38f', '50', 'Корректура', 'Корректура', 'Описание', '2010-12-11 13:58:42.338986+00', '2010-12-11 13:58:42.338986+00');
INSERT INTO "stages" ("id", "branch", "readiness", "weight", "title", "shortcut", "description", "created", "updated") VALUES ('e85f4639-d570-4297-93b9-3f82ee6066fb', '24268a81-566b-4b98-a5bf-35a49a23c91c', '49b520d9-8738-494d-bcc6-1e4ffa317987', '40', 'Утверждение', 'Утверждение', 'Описание', '2010-12-11 13:58:26.282986+00', '2010-12-11 13:58:26.282986+00');

-- ----------------------------
-- Records of map_principals_to_stages
-- ----------------------------

INSERT INTO "map_principals_to_stages" ("id", "stage", "catalog", "principal") VALUES ('04a7f25c-9e66-4e21-a871-6eb1680d24ed', '05ff7423-02e9-40df-bee3-97eff9ab5ad7', '27b2d5bb-af21-4246-9db3-3aca363e3eb3', 'dcf5fd23-6213-44e3-ac50-b754690265fb');
INSERT INTO "map_principals_to_stages" ("id", "stage", "catalog", "principal") VALUES ('05305058-05a2-4fe4-a4d6-f603fed2390e', '7b5104c4-f6f6-4ec8-9653-783dbb79e414', 'cf8883b6-8951-4fb4-ad5f-ec375ac8d9b3', '6f47f907-cc23-4078-812b-aa8422c5dc71');
INSERT INTO "map_principals_to_stages" ("id", "stage", "catalog", "principal") VALUES ('08bd8a56-81b9-4267-9c6a-7f449dd03430', '05ff7423-02e9-40df-bee3-97eff9ab5ad7', '27b2d5bb-af21-4246-9db3-3aca363e3eb3', '70769a8d-5e64-4d8a-9c06-f18e66817d64');
INSERT INTO "map_principals_to_stages" ("id", "stage", "catalog", "principal") VALUES ('0933551a-6c43-427f-b4e5-cb4971315d08', '87769daf-6fc7-4804-832c-547f263b8787', 'c24d5e12-9b75-4dec-9ce8-1a9672458c32', '6c5deedb-8ee2-4540-89dd-e97df1cdf4c3');
INSERT INTO "map_principals_to_stages" ("id", "stage", "catalog", "principal") VALUES ('097f8e09-118c-41c8-9181-91e359fc98d4', '345fa628-4c3e-4614-8a3a-0db38a9c723c', 'f20f2d8c-d7e3-4e1f-91d6-0122418c16a5', '56173fe7-ced3-4a43-bcb2-12fc00e9c7f0');
INSERT INTO "map_principals_to_stages" ("id", "stage", "catalog", "principal") VALUES ('09b58f17-c7e5-4c73-b687-e3912b61ac09', '87769daf-6fc7-4804-832c-547f263b8787', '33772121-f187-49bc-884d-2083413f7644', 'c24d5e12-9b75-4dec-9ce8-1a9672458c32');
INSERT INTO "map_principals_to_stages" ("id", "stage", "catalog", "principal") VALUES ('0c82b29a-e87b-4571-9946-a838b4cd9fc5', '7b5104c4-f6f6-4ec8-9653-783dbb79e414', 'cf8883b6-8951-4fb4-ad5f-ec375ac8d9b3', '74dd7b68-8075-4260-ad5e-18c2ff4a0acc');
INSERT INTO "map_principals_to_stages" ("id", "stage", "catalog", "principal") VALUES ('0eb21613-626e-4644-abe7-c1921238f4d6', '7bb092c3-1924-4ed3-8378-7e07352d239b', '2cf691ff-afb3-47d9-8ff3-7527f24b9e3a', '2e38a0dd-f056-4884-b599-43f169b8e899');
INSERT INTO "map_principals_to_stages" ("id", "stage", "catalog", "principal") VALUES ('11bc83da-a5dd-41e5-a29e-314eb739472d', '95abea0a-e208-42a6-a47a-3c19f99c0dcf', '27b2d5bb-af21-4246-9db3-3aca363e3eb3', '562b2852-3de3-4f4c-b130-06a29e3ed8ee');
INSERT INTO "map_principals_to_stages" ("id", "stage", "catalog", "principal") VALUES ('1419b736-f14d-4585-93f2-446607bc7b75', '05ff7423-02e9-40df-bee3-97eff9ab5ad7', '37250c10-a052-4806-b065-5708702e842d', '8a27227a-5286-4349-9f98-57ab98a6fdc7');
INSERT INTO "map_principals_to_stages" ("id", "stage", "catalog", "principal") VALUES ('220bdee9-4559-4a6e-84f8-9f901bc1e45a', 'a5bdc15b-9f5a-4288-ac90-e8c170fed392', '58bd4a95-b548-4bfb-97b0-b5653e2d2f63', '6f47f907-cc23-4078-812b-aa8422c5dc71');
INSERT INTO "map_principals_to_stages" ("id", "stage", "catalog", "principal") VALUES ('2449d1a5-cd44-4283-b107-5445e3878b0e', '7b5104c4-f6f6-4ec8-9653-783dbb79e414', 'cf8883b6-8951-4fb4-ad5f-ec375ac8d9b3', 'e14a7ed6-c7ce-4e67-9f53-0284c490c837');
INSERT INTO "map_principals_to_stages" ("id", "stage", "catalog", "principal") VALUES ('267445d7-aae3-4618-8c75-a0d818d03af1', '0a14503d-170c-4809-98a9-2aaf36f13b8d', '2cf691ff-afb3-47d9-8ff3-7527f24b9e3a', '0d8584de-7eaf-42e4-87ca-e866f01ec256');
INSERT INTO "map_principals_to_stages" ("id", "stage", "catalog", "principal") VALUES ('2e1024d4-a1c2-4156-8a4c-110b0e83e91e', '0a14503d-170c-4809-98a9-2aaf36f13b8d', '571e983f-cc61-4d48-a761-0c27fa9a9dbc', '2cf691ff-afb3-47d9-8ff3-7527f24b9e3a');
INSERT INTO "map_principals_to_stages" ("id", "stage", "catalog", "principal") VALUES ('2e8179a1-af43-41e7-9d85-65cacfbb4e7a', '0a14503d-170c-4809-98a9-2aaf36f13b8d', '2cf691ff-afb3-47d9-8ff3-7527f24b9e3a', '70769a8d-5e64-4d8a-9c06-f18e66817d64');
INSERT INTO "map_principals_to_stages" ("id", "stage", "catalog", "principal") VALUES ('38de3a43-87de-4727-9e67-ecaff6ad717f', '05ff7423-02e9-40df-bee3-97eff9ab5ad7', '33772121-f187-49bc-884d-2083413f7644', '96cdf2ed-0e11-4003-8754-2cd7d9c15c1b');
INSERT INTO "map_principals_to_stages" ("id", "stage", "catalog", "principal") VALUES ('395cd563-baf9-44f8-86f8-bd4afbf15227', 'a5bdc15b-9f5a-4288-ac90-e8c170fed392', '58bd4a95-b548-4bfb-97b0-b5653e2d2f63', '42fd22f1-c486-41e7-bc7c-a69ff5379902');
INSERT INTO "map_principals_to_stages" ("id", "stage", "catalog", "principal") VALUES ('3dd6d391-6a5f-468c-ba35-9ad49b4b6190', 'a5bdc15b-9f5a-4288-ac90-e8c170fed392', '58bd4a95-b548-4bfb-97b0-b5653e2d2f63', 'f02f00af-fe7f-4581-9b2f-d74d335a6766');
INSERT INTO "map_principals_to_stages" ("id", "stage", "catalog", "principal") VALUES ('4718adc7-3f90-4328-9731-26044a116c37', '345fa628-4c3e-4614-8a3a-0db38a9c723c', 'f20f2d8c-d7e3-4e1f-91d6-0122418c16a5', 'd2755f55-b047-42c2-9934-f557bcf2486d');
INSERT INTO "map_principals_to_stages" ("id", "stage", "catalog", "principal") VALUES ('480c66a2-f236-4260-9301-19211b30b659', '7b5104c4-f6f6-4ec8-9653-783dbb79e414', 'cf8883b6-8951-4fb4-ad5f-ec375ac8d9b3', '73918964-5364-45ba-aef0-a630fb1413c7');
INSERT INTO "map_principals_to_stages" ("id", "stage", "catalog", "principal") VALUES ('4841d2a7-2c00-4121-bf5a-d03653bb5bc3', '05ff7423-02e9-40df-bee3-97eff9ab5ad7', '3ad3a74d-6e53-4542-98a7-82a781a922f4', 'd6c310ee-a1ba-4705-8dbe-20bf41da77fd');
INSERT INTO "map_principals_to_stages" ("id", "stage", "catalog", "principal") VALUES ('48438ee0-1458-4a62-bc3d-d635057be2dd', '05ff7423-02e9-40df-bee3-97eff9ab5ad7', '33772121-f187-49bc-884d-2083413f7644', '27b2d5bb-af21-4246-9db3-3aca363e3eb3');
INSERT INTO "map_principals_to_stages" ("id", "stage", "catalog", "principal") VALUES ('4be4cbcb-78d2-46e2-8d43-7d66d5aaf7b8', '7bb092c3-1924-4ed3-8378-7e07352d239b', '2cf691ff-afb3-47d9-8ff3-7527f24b9e3a', '642c19e2-820f-4567-87e4-c7f9ca7825f0');
INSERT INTO "map_principals_to_stages" ("id", "stage", "catalog", "principal") VALUES ('583d0592-7c2e-4161-8db7-a24b8589d8cc', '05ff7423-02e9-40df-bee3-97eff9ab5ad7', '33772121-f187-49bc-884d-2083413f7644', 'fddda112-d70e-48fa-be17-1733fb584416');
INSERT INTO "map_principals_to_stages" ("id", "stage", "catalog", "principal") VALUES ('58739fc6-b16c-43b6-849f-c845ed82d82b', '7b5104c4-f6f6-4ec8-9653-783dbb79e414', '571e983f-cc61-4d48-a761-0c27fa9a9dbc', 'cf8883b6-8951-4fb4-ad5f-ec375ac8d9b3');
INSERT INTO "map_principals_to_stages" ("id", "stage", "catalog", "principal") VALUES ('59d9ff6f-5379-48b4-b42c-85329a12499d', '345fa628-4c3e-4614-8a3a-0db38a9c723c', 'f20f2d8c-d7e3-4e1f-91d6-0122418c16a5', '5b1d1ef0-0318-49b7-bed8-3934852ee897');
INSERT INTO "map_principals_to_stages" ("id", "stage", "catalog", "principal") VALUES ('5a8f9f46-3e78-470e-997a-26070f9b669b', '05ff7423-02e9-40df-bee3-97eff9ab5ad7', '33772121-f187-49bc-884d-2083413f7644', '37250c10-a052-4806-b065-5708702e842d');
INSERT INTO "map_principals_to_stages" ("id", "stage", "catalog", "principal") VALUES ('5ef0b148-2705-4933-9b48-17b929806eec', 'a5bdc15b-9f5a-4288-ac90-e8c170fed392', '58bd4a95-b548-4bfb-97b0-b5653e2d2f63', '74dd7b68-8075-4260-ad5e-18c2ff4a0acc');
INSERT INTO "map_principals_to_stages" ("id", "stage", "catalog", "principal") VALUES ('5f021477-fc97-412a-8f25-2f302a9c81e4', '05ff7423-02e9-40df-bee3-97eff9ab5ad7', '96cdf2ed-0e11-4003-8754-2cd7d9c15c1b', '0d8584de-7eaf-42e4-87ca-e866f01ec256');
INSERT INTO "map_principals_to_stages" ("id", "stage", "catalog", "principal") VALUES ('6a0d8a97-bfb6-4c27-b8d2-701be25a2e01', 'a17c9ce1-3b9b-400c-8b93-f23ecd2d9acb', '571e983f-cc61-4d48-a761-0c27fa9a9dbc', '39d40812-fc54-4342-9b98-e1c1f4222d22');
INSERT INTO "map_principals_to_stages" ("id", "stage", "catalog", "principal") VALUES ('6c935615-44dd-421f-817e-10e8ade07335', '8c9e6cd4-87ee-4d56-a6bd-532799b9b376', 'b0f7c6ae-e39a-4d9c-bc88-3d193917512f', '5b1d1ef0-0318-49b7-bed8-3934852ee897');
INSERT INTO "map_principals_to_stages" ("id", "stage", "catalog", "principal") VALUES ('6d0fcbb2-094a-4d3d-95af-f9314ad4fe7d', '7bb092c3-1924-4ed3-8378-7e07352d239b', '2cf691ff-afb3-47d9-8ff3-7527f24b9e3a', '8a27227a-5286-4349-9f98-57ab98a6fdc7');
INSERT INTO "map_principals_to_stages" ("id", "stage", "catalog", "principal") VALUES ('75de826d-975c-48f0-9f2c-55f0b0ed29ba', '7bb092c3-1924-4ed3-8378-7e07352d239b', '2cf691ff-afb3-47d9-8ff3-7527f24b9e3a', '562b2852-3de3-4f4c-b130-06a29e3ed8ee');
INSERT INTO "map_principals_to_stages" ("id", "stage", "catalog", "principal") VALUES ('77410f50-0aed-45c5-9102-8101f7569be7', '8c9e6cd4-87ee-4d56-a6bd-532799b9b376', 'b0f7c6ae-e39a-4d9c-bc88-3d193917512f', 'd2755f55-b047-42c2-9934-f557bcf2486d');
INSERT INTO "map_principals_to_stages" ("id", "stage", "catalog", "principal") VALUES ('82b855da-598a-4df7-b172-4f98830b22ab', '05ff7423-02e9-40df-bee3-97eff9ab5ad7', '27b2d5bb-af21-4246-9db3-3aca363e3eb3', '562b2852-3de3-4f4c-b130-06a29e3ed8ee');
INSERT INTO "map_principals_to_stages" ("id", "stage", "catalog", "principal") VALUES ('8572e168-496a-4aed-aa06-a646a4527949', '05ff7423-02e9-40df-bee3-97eff9ab5ad7', '33772121-f187-49bc-884d-2083413f7644', '24523130-e952-4fad-9068-476911650afc');
INSERT INTO "map_principals_to_stages" ("id", "stage", "catalog", "principal") VALUES ('862aa0ea-1c83-4691-bb87-4e51bc9b9552', '05ff7423-02e9-40df-bee3-97eff9ab5ad7', '33772121-f187-49bc-884d-2083413f7644', '3ad3a74d-6e53-4542-98a7-82a781a922f4');
INSERT INTO "map_principals_to_stages" ("id", "stage", "catalog", "principal") VALUES ('88aa4c60-074a-41c3-9fb2-faedfd1f9b5f', '7b5104c4-f6f6-4ec8-9653-783dbb79e414', 'cf8883b6-8951-4fb4-ad5f-ec375ac8d9b3', '42fd22f1-c486-41e7-bc7c-a69ff5379902');
INSERT INTO "map_principals_to_stages" ("id", "stage", "catalog", "principal") VALUES ('8ebb5ce1-860a-4903-9a86-63f9eea3d9df', '8c9e6cd4-87ee-4d56-a6bd-532799b9b376', 'b0f7c6ae-e39a-4d9c-bc88-3d193917512f', '56173fe7-ced3-4a43-bcb2-12fc00e9c7f0');
INSERT INTO "map_principals_to_stages" ("id", "stage", "catalog", "principal") VALUES ('99af60d2-38fb-41ce-b1ff-ffd1218dbb2d', '05ff7423-02e9-40df-bee3-97eff9ab5ad7', 'fddda112-d70e-48fa-be17-1733fb584416', '2e38a0dd-f056-4884-b599-43f169b8e899');
INSERT INTO "map_principals_to_stages" ("id", "stage", "catalog", "principal") VALUES ('9c95e244-2a75-4eb8-8962-ba4434a93466', 'a5bdc15b-9f5a-4288-ac90-e8c170fed392', '58bd4a95-b548-4bfb-97b0-b5653e2d2f63', 'e14a7ed6-c7ce-4e67-9f53-0284c490c837');
INSERT INTO "map_principals_to_stages" ("id", "stage", "catalog", "principal") VALUES ('a17ce44f-f465-44e2-9f4a-8c4ee2b8f239', '87769daf-6fc7-4804-832c-547f263b8787', 'c24d5e12-9b75-4dec-9ce8-1a9672458c32', 'b0e57330-1df3-4514-b983-e8aa1f8ece02');
INSERT INTO "map_principals_to_stages" ("id", "stage", "catalog", "principal") VALUES ('a48994e7-68ec-4e2f-a7e1-c4a90b4a4cdf', '05ff7423-02e9-40df-bee3-97eff9ab5ad7', 'fddda112-d70e-48fa-be17-1733fb584416', 'c56112c4-4f42-46e5-8d48-34c7b84d7a33');
INSERT INTO "map_principals_to_stages" ("id", "stage", "catalog", "principal") VALUES ('a6584285-4e79-4df8-93c3-4b0929ddf783', '95abea0a-e208-42a6-a47a-3c19f99c0dcf', '37250c10-a052-4806-b065-5708702e842d', '8a27227a-5286-4349-9f98-57ab98a6fdc7');
INSERT INTO "map_principals_to_stages" ("id", "stage", "catalog", "principal") VALUES ('a6e6e0ff-4625-44fc-8e2f-1e8ac8489cd5', '7bb092c3-1924-4ed3-8378-7e07352d239b', '571e983f-cc61-4d48-a761-0c27fa9a9dbc', 'b54c1d58-df3f-4f2c-b385-4422bf22f400');
INSERT INTO "map_principals_to_stages" ("id", "stage", "catalog", "principal") VALUES ('ace43ac4-344f-442b-9875-262fda82b698', '95abea0a-e208-42a6-a47a-3c19f99c0dcf', '3ad3a74d-6e53-4542-98a7-82a781a922f4', 'd6c310ee-a1ba-4705-8dbe-20bf41da77fd');
INSERT INTO "map_principals_to_stages" ("id", "stage", "catalog", "principal") VALUES ('b418478e-a032-4aa0-80de-e2c95a7a90bb', 'a5bdc15b-9f5a-4288-ac90-e8c170fed392', '33772121-f187-49bc-884d-2083413f7644', '58bd4a95-b548-4bfb-97b0-b5653e2d2f63');
INSERT INTO "map_principals_to_stages" ("id", "stage", "catalog", "principal") VALUES ('b739a336-5e84-4d4f-8cef-b4837ee153b8', '95abea0a-e208-42a6-a47a-3c19f99c0dcf', 'fddda112-d70e-48fa-be17-1733fb584416', '2e38a0dd-f056-4884-b599-43f169b8e899');
INSERT INTO "map_principals_to_stages" ("id", "stage", "catalog", "principal") VALUES ('b94e46fc-6e47-417d-bf02-899d8526beef', '95abea0a-e208-42a6-a47a-3c19f99c0dcf', '96cdf2ed-0e11-4003-8754-2cd7d9c15c1b', '0d8584de-7eaf-42e4-87ca-e866f01ec256');
INSERT INTO "map_principals_to_stages" ("id", "stage", "catalog", "principal") VALUES ('bf8248c2-e6ba-486f-be22-6ca1f9ce55c8', '3eadab1c-7ed1-46fe-a1ee-af9083a2ba2b', '4723e427-4c5a-4111-b240-08fda5075098', 'b0e57330-1df3-4514-b983-e8aa1f8ece02');
INSERT INTO "map_principals_to_stages" ("id", "stage", "catalog", "principal") VALUES ('c1e1ce4c-e9d5-45a0-9a44-a664ffbbb9c5', '8308c74c-914d-42bb-81ef-bbf429f0eca2', 'c98d63b5-d734-46fc-a19c-087678325acf', 'f128cce0-ee81-45b1-9fbb-93cc0dc61beb');
INSERT INTO "map_principals_to_stages" ("id", "stage", "catalog", "principal") VALUES ('da022725-fa2f-4e96-9b59-bdab0a12563c', '0a14503d-170c-4809-98a9-2aaf36f13b8d', '2cf691ff-afb3-47d9-8ff3-7527f24b9e3a', 'dcf5fd23-6213-44e3-ac50-b754690265fb');
INSERT INTO "map_principals_to_stages" ("id", "stage", "catalog", "principal") VALUES ('de0561bd-d718-46b0-a730-f5ef3f24874f', '345fa628-4c3e-4614-8a3a-0db38a9c723c', '33772121-f187-49bc-884d-2083413f7644', 'f20f2d8c-d7e3-4e1f-91d6-0122418c16a5');
INSERT INTO "map_principals_to_stages" ("id", "stage", "catalog", "principal") VALUES ('edf60239-7a6a-40e4-8d63-f67a1af4f958', '0a14503d-170c-4809-98a9-2aaf36f13b8d', '2cf691ff-afb3-47d9-8ff3-7527f24b9e3a', 'c56112c4-4f42-46e5-8d48-34c7b84d7a33');
INSERT INTO "map_principals_to_stages" ("id", "stage", "catalog", "principal") VALUES ('f77edb86-a880-4d16-8c4c-ddeaf4d48d4e', 'a5bdc15b-9f5a-4288-ac90-e8c170fed392', '58bd4a95-b548-4bfb-97b0-b5653e2d2f63', '73918964-5364-45ba-aef0-a630fb1413c7');
INSERT INTO "map_principals_to_stages" ("id", "stage", "catalog", "principal") VALUES ('fb1d01ad-c791-4acf-b17c-c9b432f0e9ec', '8c9e6cd4-87ee-4d56-a6bd-532799b9b376', '571e983f-cc61-4d48-a761-0c27fa9a9dbc', 'b0f7c6ae-e39a-4d9c-bc88-3d193917512f');

COMMIT;