/*
Inprint 5.0 DEMO database
Date: 2011-02-22 21:06:19
*/


-- ----------------------------
-- Records of fascicles
-- ----------------------------
BEGIN;
INSERT INTO "fascicles" VALUES ('00000000-0000-0000-0000-000000000000', '00000000-0000-0000-0000-000000000000', '00000000-0000-0000-0000-000000000000', 'f', 'Портфель', 'Портфель', 'Портфель', null, '00000000-0000-0000-0000-000000000000', '2020-01-01 13:23:10+00', '2020-01-01 13:22:51+00', '2011-01-11 09:03:23.312331+00', '2011-01-11 09:03:23.312331+00');
INSERT INTO "fascicles" VALUES ('0b1e2add-e10f-4b5a-bb2d-08fa18a32cd6', '9fd8bed1-14f1-48d1-9f3e-2ab59e6cd047', 'f8e8c9df-a937-47b6-be3b-2ac2c7e560b6', 't', '2', '2', '', null, 'd2b421a6-f4cc-4e03-b9f7-3efd66234884', '2011-02-19 00:00:00+00', '2011-02-19 00:00:00+00', '2011-02-18 07:49:48.503752+00', '2011-02-18 07:49:48.503752+00');
INSERT INTO "fascicles" VALUES ('11e06c53-6428-4767-a153-cbc65c961a09', '9fd8bed1-14f1-48d1-9f3e-2ab59e6cd047', '9fd8bed1-14f1-48d1-9f3e-2ab59e6cd047', 't', '1', '1', 'Описание', 'b0e57330-1df3-4514-b983-e8aa1f8ece02', 'b6c4522d-7126-4fad-bf38-40d6f8eafdf6', '2011-01-13 21:00:00+00', '2011-01-13 21:00:00+00', '2011-01-13 05:19:50.324331+00', '2011-01-13 05:19:50.324331+00');
INSERT INTO "fascicles" VALUES ('14f3a987-c6c8-4aa0-b4c4-3c9c4ca47f61', '9fd8bed1-14f1-48d1-9f3e-2ab59e6cd047', '9fd8bed1-14f1-48d1-9f3e-2ab59e6cd047', 't', '123', '123', 'Описание', 'a030a3f5-fcf5-4259-9dd7-eb71d4a73c06', '20ef3cf3-4389-43eb-9206-b927b7dfb4df', '2011-01-11 21:00:00+00', '2011-01-11 21:00:00+00', '2011-01-11 10:27:42.160331+00', '2011-01-11 10:27:42.160331+00');
INSERT INTO "fascicles" VALUES ('25b32e1c-2dbe-4f03-a1bc-12c778bda8a8', '57ea720b-39fb-4e96-bcb6-ae3ebf6d474b', '57ea720b-39fb-4e96-bcb6-ae3ebf6d474b', 't', '26-Янв-11', '26-Янв-11', 'Описание', null, 'af425252-9f72-44b0-a4cb-48065c904777', '2011-01-25 21:00:00+00', '2011-01-25 21:00:00+00', '2011-01-25 09:26:36.074547+00', '2011-01-25 09:26:36.074547+00');
INSERT INTO "fascicles" VALUES ('39f67ac5-597f-4263-b20f-887d6f8d9655', '57ea720b-39fb-4e96-bcb6-ae3ebf6d474b', 'b95e8468-9661-4a2a-bf8f-32e3d85dcd90', 't', '1', '1', 'Описание', null, 'b1137801-6d7b-4a58-852a-6f17abb40d43', '2011-01-12 21:00:00+00', '2011-01-12 21:00:00+00', '2011-01-12 13:53:25.036331+00', '2011-01-12 13:53:25.036331+00');
INSERT INTO "fascicles" VALUES ('4964960d-d8d0-4857-85d4-09489a743002', '9fd8bed1-14f1-48d1-9f3e-2ab59e6cd047', '9fd8bed1-14f1-48d1-9f3e-2ab59e6cd047', 't', '13-Янв-11', '13-Янв-11', 'Описание', 'b0e57330-1df3-4514-b983-e8aa1f8ece02', 'a6f319d4-7f9d-43e5-bdcb-8b441e168ed3', '2011-01-12 21:00:00+00', '2011-01-12 21:00:00+00', '2011-01-12 11:16:05.404331+00', '2011-01-12 11:16:05.404331+00');
INSERT INTO "fascicles" VALUES ('4a2e10f0-6093-4928-8017-d7b71b7cab34', '9fd8bed1-14f1-48d1-9f3e-2ab59e6cd047', '9fd8bed1-14f1-48d1-9f3e-2ab59e6cd047', 't', '21-Янв-11', '21-Янв-11', 'Описание', null, '6fb0a6c7-7236-4851-a033-151688696327', '2011-01-20 21:00:00+00', '2011-01-20 21:00:00+00', '2011-01-20 13:09:30.733708+00', '2011-01-20 13:09:30.733708+00');
INSERT INTO "fascicles" VALUES ('5703c5ae-2794-48a6-aa4e-8b19b37aca67', '9fd8bed1-14f1-48d1-9f3e-2ab59e6cd047', 'e33e6c00-f2c6-445a-a90a-c9214104f76f', 't', '9-Февр-11', '9-Февр-11', '', '39d40812-fc54-4342-9b98-e1c1f4222d22', '6545b062-7242-4b1c-a222-0dcb6dcb4cd2', '2011-02-08 21:00:00+00', '2011-02-08 21:00:00+00', '2011-02-08 08:36:06.028901+00', '2011-02-08 08:36:06.028901+00');
INSERT INTO "fascicles" VALUES ('6d380486-c2d2-4f18-bfe1-5832d0081ab6', '9fd8bed1-14f1-48d1-9f3e-2ab59e6cd047', '9fd8bed1-14f1-48d1-9f3e-2ab59e6cd047', 't', '1', '1', 'Описание', 'b0e57330-1df3-4514-b983-e8aa1f8ece02', 'e7064b5c-75aa-42ec-add5-8245ef251e73', '2011-01-20 21:00:00+00', '2011-01-20 21:00:00+00', '2011-01-20 10:05:04.588331+00', '2011-01-20 10:05:04.588331+00');
INSERT INTO "fascicles" VALUES ('78382e65-9105-4586-be22-8f89026e0fc0', '57ea720b-39fb-4e96-bcb6-ae3ebf6d474b', '57ea720b-39fb-4e96-bcb6-ae3ebf6d474b', 't', '01-2011', '01-2011', '2011-01-12', null, 'eb1b0579-8c69-472e-b895-103e07ceebd4', '2011-01-11 21:00:00+00', '2011-01-11 21:00:00+00', '2011-01-11 10:01:53.600331+00', '2011-01-11 10:01:53.600331+00');
INSERT INTO "fascicles" VALUES ('8b06be12-66bb-492f-a93f-a3a733f8cd35', '9fd8bed1-14f1-48d1-9f3e-2ab59e6cd047', '9fd8bed1-14f1-48d1-9f3e-2ab59e6cd047', 't', '123123', '123123', 'Описание', '39d40812-fc54-4342-9b98-e1c1f4222d22', 'e598049a-bfb2-42de-8221-c1a2e15d60b0', '2011-01-12 21:00:00+00', '2011-01-12 21:00:00+00', '2011-01-12 10:55:03.140331+00', '2011-01-12 10:55:03.140331+00');
INSERT INTO "fascicles" VALUES ('99999999-9999-9999-9999-999999999999', '00000000-0000-0000-0000-000000000000', '00000000-0000-0000-0000-000000000000', 'f', 'Корзина', 'Корзина', 'Корзина', null, '00000000-0000-0000-0000-000000000000', '2020-01-01 13:23:10+00', '2011-01-11 09:03:23.312331+00', '2011-01-11 09:03:23.312331+00', '2011-01-11 09:03:23.312331+00');
INSERT INTO "fascicles" VALUES ('a54d98d8-4076-4409-8f91-7fafab68d7c7', 'd4a4d415-f44a-4198-9374-7ad740ac7061', 'd4a4d415-f44a-4198-9374-7ad740ac7061', 't', '111', '111', 'Описание', null, 'b700f35a-2b93-4556-bea5-32a429f7222f', '2011-01-12 21:00:00+00', '2011-01-12 21:00:00+00', '2011-01-12 12:54:30.348331+00', '2011-01-12 12:54:30.348331+00');
INSERT INTO "fascicles" VALUES ('ac28dc67-2bca-400f-906b-a6816f626468', '57ea720b-39fb-4e96-bcb6-ae3ebf6d474b', '57ea720b-39fb-4e96-bcb6-ae3ebf6d474b', 't', '22-Янв-11', '22-Янв-11', 'Описание', 'b0e57330-1df3-4514-b983-e8aa1f8ece02', '3b603445-9c03-4ac8-8b62-9b8e916d47a7', '2011-01-21 21:00:00+00', '2011-01-21 21:00:00+00', '2011-01-21 10:26:51.218214+00', '2011-01-21 10:26:51.218214+00');
INSERT INTO "fascicles" VALUES ('b95e8468-9661-4a2a-bf8f-32e3d85dcd90', '57ea720b-39fb-4e96-bcb6-ae3ebf6d474b', '57ea720b-39fb-4e96-bcb6-ae3ebf6d474b', 't', 'Федеральный', 'Федеральный', 'Описание', null, '462577f8-3997-4765-b129-ce8b1ea07faa', '2011-01-12 21:00:00+00', '2011-01-12 21:00:00+00', '2011-01-12 13:52:14.536331+00', '2011-01-12 13:52:14.536331+00');
INSERT INTO "fascicles" VALUES ('ba81e912-fa59-455e-ad0b-428cb7bcabbe', '9fd8bed1-14f1-48d1-9f3e-2ab59e6cd047', '9fd8bed1-14f1-48d1-9f3e-2ab59e6cd047', 't', '22-Февр-11', '22-Февр-11', '', 'b0e57330-1df3-4514-b983-e8aa1f8ece02', 'd96c52be-5d96-4fcc-a336-df6406809fb0', '2011-02-22 00:00:00+00', '2011-02-22 00:00:00+00', '2011-02-21 09:38:04.960836+00', '2011-02-21 09:38:04.960836+00');
INSERT INTO "fascicles" VALUES ('c747d89d-4941-491f-b0f8-bd967116dd93', '9fd8bed1-14f1-48d1-9f3e-2ab59e6cd047', 'ac28dc67-2bca-400f-906b-a6816f626468', 't', '22-Янв-11', '22-Янв-11', 'Описание', null, 'c7150227-b3b2-418b-96d2-3589131a0f60', '2011-01-21 21:00:00+00', '2011-01-21 21:00:00+00', '2011-01-21 10:27:14.526214+00', '2011-01-21 10:27:14.526214+00');
INSERT INTO "fascicles" VALUES ('c979190a-02cb-4c0a-a194-08abfe18f1df', '9fd8bed1-14f1-48d1-9f3e-2ab59e6cd047', '9fd8bed1-14f1-48d1-9f3e-2ab59e6cd047', 't', '27-Февр-11', '27-Февр-11', '', '39d40812-fc54-4342-9b98-e1c1f4222d22', 'eb6bf6d3-ac16-4292-937c-bf30cc148c2a', '2011-02-27 00:00:00+00', '2011-02-27 00:00:00+00', '2011-02-18 12:21:54.350303+00', '2011-02-18 12:21:54.350303+00');
INSERT INTO "fascicles" VALUES ('d391ac6b-02d1-498c-9a65-5a13fe1ec9ed', '9fd8bed1-14f1-48d1-9f3e-2ab59e6cd047', '9fd8bed1-14f1-48d1-9f3e-2ab59e6cd047', 't', '1', '1', 'Описание', null, 'c6ff11f4-23f8-446a-9b0c-40798f8c38ab', '2011-01-19 21:00:00+00', '2011-01-19 21:00:00+00', '2011-01-19 10:13:54.816331+00', '2011-01-19 10:13:54.816331+00');
INSERT INTO "fascicles" VALUES ('d5ee5e0c-8ede-49e6-af3f-cf37ea9f77ab', '75e0fb5c-5052-431a-a905-af30d9d03d3f', 'ac28dc67-2bca-400f-906b-a6816f626468', 't', '22-Янв-11', '22-Янв-11', 'Описание', null, 'dfbb67af-00ce-491a-8a69-5914c1a73226', '2011-01-21 21:00:00+00', '2011-01-21 21:00:00+00', '2011-01-21 10:28:10.574214+00', '2011-01-21 10:28:10.574214+00');
INSERT INTO "fascicles" VALUES ('dac1139c-f657-4bf5-a572-b57f646779c6', '2520b40f-8e03-45fd-aa06-74631e4b2715', '2520b40f-8e03-45fd-aa06-74631e4b2715', 't', '11', 'test1', 'Описание', '39d40812-fc54-4342-9b98-e1c1f4222d22', 'b9f1fa7e-6cb4-407f-a9bf-42000c87ea63', '2011-01-29 21:00:00+00', '2011-01-29 21:00:00+00', '2011-01-19 08:20:17.552331+00', '2011-01-19 08:20:17.552331+00');
INSERT INTO "fascicles" VALUES ('e33e6c00-f2c6-445a-a90a-c9214104f76f', '57ea720b-39fb-4e96-bcb6-ae3ebf6d474b', '57ea720b-39fb-4e96-bcb6-ae3ebf6d474b', 't', '9-Февр-11', '9-Февр-11', '', null, 'ce8b3658-ffef-4294-a5c8-8d15106353a9', '2011-02-08 21:00:00+00', '2011-02-08 21:00:00+00', '2011-02-08 08:35:43.996901+00', '2011-02-08 08:35:43.996901+00');
INSERT INTO "fascicles" VALUES ('eb9f0c77-8a5f-4cfc-8088-972ecd81def0', '75e0fb5c-5052-431a-a905-af30d9d03d3f', 'b95e8468-9661-4a2a-bf8f-32e3d85dcd90', 't', '3', '3', 'Описание', null, '6199c164-b2ae-4c20-8e45-9ebfa9e7d66e', '2011-01-12 21:00:00+00', '2011-01-12 21:00:00+00', '2011-01-12 13:55:00.916331+00', '2011-01-12 13:55:00.916331+00');
INSERT INTO "fascicles" VALUES ('ed8069dc-203d-4c36-a2ff-8d10e8448d90', '9fd8bed1-14f1-48d1-9f3e-2ab59e6cd047', 'b95e8468-9661-4a2a-bf8f-32e3d85dcd90', 't', '2', '2', 'Описание', null, '11054acf-336b-4f54-b685-bdaf4c86764f', '2011-01-12 21:00:00+00', '2011-01-12 21:00:00+00', '2011-01-12 13:54:39.892331+00', '2011-01-12 13:54:39.892331+00');
INSERT INTO "fascicles" VALUES ('f37ccf31-f9bf-4cf0-8945-6157e40ece01', '9fd8bed1-14f1-48d1-9f3e-2ab59e6cd047', '9fd8bed1-14f1-48d1-9f3e-2ab59e6cd047', 't', '01-2011', '01-2011', 'Описание', 'a030a3f5-fcf5-4259-9dd7-eb71d4a73c06', 'd18f9c8b-fcf7-4c2f-ad82-80e862529754', '2011-01-12 21:00:00+00', '2011-01-12 21:00:00+00', '2011-01-12 08:38:09.780331+00', '2011-01-12 08:38:09.780331+00');
INSERT INTO "fascicles" VALUES ('f8e8c9df-a937-47b6-be3b-2ac2c7e560b6', '57ea720b-39fb-4e96-bcb6-ae3ebf6d474b', '57ea720b-39fb-4e96-bcb6-ae3ebf6d474b', 't', '01', '01', '', '39d40812-fc54-4342-9b98-e1c1f4222d22', '9c67264c-bbaf-488c-a8a5-34a7c7e2e63e', '2011-02-19 00:00:00+00', '2011-02-19 00:00:00+00', '2011-02-18 05:55:11.356128+00', '2011-02-18 05:55:11.356128+00');
INSERT INTO "fascicles" VALUES ('ff29bae5-9d08-488f-a4f0-96c3abf14374', '57ea720b-39fb-4e96-bcb6-ae3ebf6d474b', '57ea720b-39fb-4e96-bcb6-ae3ebf6d474b', 'f', 'первый', 'первый', 'Описание', null, '3e7d98a4-2419-4cb4-9ab5-34e73e43dbac', '2011-01-10 21:00:00+00', '2011-01-30 21:00:00+00', '2011-01-11 07:13:52.072331+00', '2011-01-11 07:13:52.072331+00');
COMMIT;


-- ----------------------------
-- Records of fascicles_map_modules
-- ----------------------------
BEGIN;
INSERT INTO "fascicles_map_modules" VALUES ('011a1bd2-6151-4b19-9190-51af26093e6a', '9fd8bed1-14f1-48d1-9f3e-2ab59e6cd047', 'f37ccf31-f9bf-4cf0-8945-6157e40ece01', '535cb4dd-f682-478e-a0c0-b8719b815054', '17e057d5-336a-4dc6-84a4-90a8eeded936', 't', '0/1', '0/1', '2011-01-12 14:57:58+00', '2011-01-12 14:57:58+00');
INSERT INTO "fascicles_map_modules" VALUES ('10190b84-b350-4cbe-b40a-2a9ab06f518f', '9fd8bed1-14f1-48d1-9f3e-2ab59e6cd047', '4964960d-d8d0-4857-85d4-09489a743002', '4c21556f-af43-4196-8bab-e3cbac6ddd5f', 'b5bcaf00-c937-4ef3-a00e-b472f5007361', 't', '0/1', '1/6', '2011-01-12 15:08:21+00', '2011-01-12 15:08:21+00');
INSERT INTO "fascicles_map_modules" VALUES ('135e48ea-accb-413f-a24c-d9170506e356', '9fd8bed1-14f1-48d1-9f3e-2ab59e6cd047', '14f3a987-c6c8-4aa0-b4c4-3c9c4ca47f61', 'e0de9250-0a65-4483-aad9-be89ce307562', '6aa7c4fd-304b-4396-ac5f-250c1b0cf8e5', 'f', '1/1', '1/1', '2011-01-11 10:37:27+00', '2011-01-11 10:37:27+00');
INSERT INTO "fascicles_map_modules" VALUES ('2a190050-4924-4c7c-907e-2c4f8840f3da', '9fd8bed1-14f1-48d1-9f3e-2ab59e6cd047', '14f3a987-c6c8-4aa0-b4c4-3c9c4ca47f61', 'f5d40f68-5838-4eab-a15f-5adc35c2eb3d', '93543266-076d-4a0f-9bba-0c7c7763a146', 'f', '1/1', '1/1', '2011-01-11 10:58:23+00', '2011-01-11 10:58:23+00');
INSERT INTO "fascicles_map_modules" VALUES ('2f63c9d2-7ca2-4d4d-af6c-557bd7cf3ff9', '9fd8bed1-14f1-48d1-9f3e-2ab59e6cd047', '14f3a987-c6c8-4aa0-b4c4-3c9c4ca47f61', '185bbe6b-2dd3-4e2d-acc6-9a108eea3884', 'cd93b3ae-f533-4235-b382-26a540ffeb18', 'f', '1/1', '1/1', '2011-01-11 10:57:30+00', '2011-01-11 10:57:30+00');
INSERT INTO "fascicles_map_modules" VALUES ('31c21361-eabb-4986-955d-5899c53bfed1', '9fd8bed1-14f1-48d1-9f3e-2ab59e6cd047', '6d380486-c2d2-4f18-bfe1-5832d0081ab6', '9883a1ea-c6c9-4743-8a54-231723169c4b', '9bd06d21-bc13-4ced-8098-5e8d592eccb2', 't', '0/1', '0/1', '2011-01-20 10:11:40+00', '2011-01-20 10:11:40+00');
INSERT INTO "fascicles_map_modules" VALUES ('40359053-2dd6-4c8a-988e-b3e9e0480a3b', '9fd8bed1-14f1-48d1-9f3e-2ab59e6cd047', 'f37ccf31-f9bf-4cf0-8945-6157e40ece01', 'ea4d23dd-20e3-4dc9-b48f-2e5880d340fd', '85fa1e86-da0f-4974-86b5-e84cbd62962f', 'f', '1/1', '1/1', '2011-01-12 08:54:56+00', '2011-01-12 08:54:56+00');
INSERT INTO "fascicles_map_modules" VALUES ('47b42240-8e6a-45fe-b428-6fa713b3ead5', '9fd8bed1-14f1-48d1-9f3e-2ab59e6cd047', 'ba81e912-fa59-455e-ad0b-428cb7bcabbe', 'c13af4eb-1224-46a9-871a-340102d98609', '1c783015-9985-4c5d-8d5a-b61d9f95df4f', 't', '0/1', '0/1', '2011-02-21 09:38:53+00', '2011-02-21 09:38:53+00');
INSERT INTO "fascicles_map_modules" VALUES ('49d37802-37a1-452c-ac3a-0dd6c79a2c17', '9fd8bed1-14f1-48d1-9f3e-2ab59e6cd047', 'f37ccf31-f9bf-4cf0-8945-6157e40ece01', '535cb4dd-f682-478e-a0c0-b8719b815054', 'aa33920c-08ec-4532-8ab3-6386b9af17b4', 't', '0/1', '0/1', '2011-01-12 14:57:58+00', '2011-01-12 14:57:58+00');
INSERT INTO "fascicles_map_modules" VALUES ('4df05ef1-5973-4a38-95ca-4be65b8e40bf', '9fd8bed1-14f1-48d1-9f3e-2ab59e6cd047', '6d380486-c2d2-4f18-bfe1-5832d0081ab6', 'b90311e7-1866-4a8d-bc3c-1dd67008df15', 'ac74b2f8-2c96-4cd3-8de8-5b1b131a8cdb', 't', '0/1', '0/1', '2011-01-20 10:12:17+00', '2011-01-20 10:12:17+00');
INSERT INTO "fascicles_map_modules" VALUES ('527888c5-4b30-4984-929f-d7913fa0ba58', '9fd8bed1-14f1-48d1-9f3e-2ab59e6cd047', 'f37ccf31-f9bf-4cf0-8945-6157e40ece01', '6aa16c68-d886-4ef1-80ab-a9f59dea6199', '1d2d4d2f-d259-46cd-8af8-0f544eee6838', 'f', '1/1', '1/1', '2011-01-12 08:55:23+00', '2011-01-12 08:55:23+00');
INSERT INTO "fascicles_map_modules" VALUES ('550d0ab0-7cc9-42c2-adc5-ddf3e305f95c', '9fd8bed1-14f1-48d1-9f3e-2ab59e6cd047', 'ba81e912-fa59-455e-ad0b-428cb7bcabbe', '052a21d4-2daa-4920-868f-2486ab266702', '148224cb-2149-4da6-9be0-2e129af5f700', 'f', '1/1', '1/1', '2011-02-21 09:52:38+00', '2011-02-21 09:52:38+00');
INSERT INTO "fascicles_map_modules" VALUES ('75168c0b-69e8-42ba-a42a-9f5c7e72b532', '9fd8bed1-14f1-48d1-9f3e-2ab59e6cd047', '14f3a987-c6c8-4aa0-b4c4-3c9c4ca47f61', '19658c9c-4971-4c7d-8380-85d748946a47', '1359386c-a9ba-4fa2-8dfa-e5d90138731a', 'f', '1/1', '1/1', '2011-01-11 10:57:15+00', '2011-01-11 10:57:15+00');
INSERT INTO "fascicles_map_modules" VALUES ('82a1e060-51f5-4d5f-893b-bd8054f0f2c0', '9fd8bed1-14f1-48d1-9f3e-2ab59e6cd047', '4964960d-d8d0-4857-85d4-09489a743002', '1737e6de-b970-4028-a2fd-3ffc1ebe824b', '6fdea464-bb3b-4270-8241-6110048c2688', 'f', '1/1', '1/1', '2011-01-12 12:35:15+00', '2011-01-12 12:35:15+00');
INSERT INTO "fascicles_map_modules" VALUES ('88aaf2b1-8c7d-42e6-aee9-22070b3b2f7d', '9fd8bed1-14f1-48d1-9f3e-2ab59e6cd047', '4964960d-d8d0-4857-85d4-09489a743002', 'bc02b232-3719-46c1-9998-dfa97c3eec4c', 'bf05a1ae-dfd9-4b43-aec0-6b6944fbca3c', 't', '0/1', '0/1', '2011-01-12 15:01:26+00', '2011-01-12 15:01:26+00');
INSERT INTO "fascicles_map_modules" VALUES ('9436ffd9-07ec-4786-b49c-7ec94bab1275', '9fd8bed1-14f1-48d1-9f3e-2ab59e6cd047', 'ba81e912-fa59-455e-ad0b-428cb7bcabbe', 'c13af4eb-1224-46a9-871a-340102d98609', '6368ecc4-b799-4dce-b04f-9ae20753e0a0', 't', '0/1', '0/1', '2011-02-21 09:38:53+00', '2011-02-21 09:38:53+00');
INSERT INTO "fascicles_map_modules" VALUES ('994c4214-d584-45d9-bff9-29281b81756d', '9fd8bed1-14f1-48d1-9f3e-2ab59e6cd047', '14f3a987-c6c8-4aa0-b4c4-3c9c4ca47f61', '8cdd5d63-49a2-4a73-98d5-851d0f360e71', '8eab7f9b-a4e6-4671-a06b-bc5bfb1f7111', 'f', '1/1', '1/1', '2011-01-11 10:55:13+00', '2011-01-11 10:55:13+00');
INSERT INTO "fascicles_map_modules" VALUES ('9ad75fd2-169b-4bec-a654-5429eccc525e', '9fd8bed1-14f1-48d1-9f3e-2ab59e6cd047', '4964960d-d8d0-4857-85d4-09489a743002', '3f27667d-2913-4638-bcf6-625cb23e9096', 'a9418c53-3f2c-42d3-88d5-3f5e4777f60b', 't', '0/1', '0/1', '2011-01-12 12:31:28+00', '2011-01-12 12:31:28+00');
INSERT INTO "fascicles_map_modules" VALUES ('a03a138c-b9e4-4094-b15b-a376e74652cd', '9fd8bed1-14f1-48d1-9f3e-2ab59e6cd047', '4964960d-d8d0-4857-85d4-09489a743002', 'fc3918c8-3c27-4da6-bd60-2daefdb90c35', 'e2960525-21ad-4eee-949a-44f3512229fa', 't', '0/1', '0/1', '2011-01-12 12:35:47+00', '2011-01-12 12:35:47+00');
INSERT INTO "fascicles_map_modules" VALUES ('a6bcf5f1-1527-4aec-9b16-95486624afb9', '9fd8bed1-14f1-48d1-9f3e-2ab59e6cd047', 'c979190a-02cb-4c0a-a194-08abfe18f1df', '7bdf5830-3fcb-4282-9c6d-cd0b43be8566', '84669a44-f291-41c9-91ef-11e2580ff884', 'f', '1/1', '1/1', '2011-02-18 12:25:20+00', '2011-02-18 12:25:20+00');
INSERT INTO "fascicles_map_modules" VALUES ('aae66a8d-24e6-4b0e-a74e-3626609d18e5', '9fd8bed1-14f1-48d1-9f3e-2ab59e6cd047', '5703c5ae-2794-48a6-aa4e-8b19b37aca67', '66848efe-8b4b-4bfe-9c6a-36d45a0d8f4d', '90dbe03a-7a87-470d-be28-b42e79e12ce6', 't', '0/1', '0/1', '2011-02-08 08:36:47+00', '2011-02-08 08:36:47+00');
INSERT INTO "fascicles_map_modules" VALUES ('be617067-b4da-43d9-af30-6d569185c1f1', '9fd8bed1-14f1-48d1-9f3e-2ab59e6cd047', '4964960d-d8d0-4857-85d4-09489a743002', '1737e6de-b970-4028-a2fd-3ffc1ebe824b', '41f1a578-2d92-477d-9815-74cd26f05dda', 'f', '1/1', '1/1', '2011-01-12 12:35:15+00', '2011-01-12 12:35:15+00');
INSERT INTO "fascicles_map_modules" VALUES ('c512e15e-0908-493d-8ddd-10e23cc897e3', '9fd8bed1-14f1-48d1-9f3e-2ab59e6cd047', '14f3a987-c6c8-4aa0-b4c4-3c9c4ca47f61', 'b8a76253-f90b-41bc-ad27-694717543d86', 'f467e3d4-ab72-49a4-9bee-7773dc2a324f', 'f', '1/1', '1/1', '2011-01-11 10:56:54+00', '2011-01-11 10:56:54+00');
INSERT INTO "fascicles_map_modules" VALUES ('c89a7839-f982-4f69-89fc-4de56786e25e', '9fd8bed1-14f1-48d1-9f3e-2ab59e6cd047', '4964960d-d8d0-4857-85d4-09489a743002', 'fc3918c8-3c27-4da6-bd60-2daefdb90c35', 'db67bdd1-b58e-45af-bbbd-70faab86a889', 't', '0/1', '0/1', '2011-01-12 12:35:46+00', '2011-01-12 12:35:46+00');
INSERT INTO "fascicles_map_modules" VALUES ('d7c54674-560f-4cd3-906f-96d5f2916f27', '9fd8bed1-14f1-48d1-9f3e-2ab59e6cd047', '5703c5ae-2794-48a6-aa4e-8b19b37aca67', '66848efe-8b4b-4bfe-9c6a-36d45a0d8f4d', 'b1b458d3-3a95-40ee-8d9f-893a9b21dd87', 't', '0/1', '0/1', '2011-02-08 08:36:47+00', '2011-02-08 08:36:47+00');
INSERT INTO "fascicles_map_modules" VALUES ('e8786565-f0ad-4854-a5d6-b0655269b0c7', '9fd8bed1-14f1-48d1-9f3e-2ab59e6cd047', '6d380486-c2d2-4f18-bfe1-5832d0081ab6', '7d619e50-0a8b-41b9-866e-e2af189026b6', '0ddd9650-bf7d-4fdb-b0c6-9e4c5ef04be8', 'f', '1/1', '1/1', '2011-01-20 11:56:41+00', '2011-01-20 11:56:41+00');
INSERT INTO "fascicles_map_modules" VALUES ('ee6a38f1-d357-44f4-82a5-93919cd6b101', '9fd8bed1-14f1-48d1-9f3e-2ab59e6cd047', 'ba81e912-fa59-455e-ad0b-428cb7bcabbe', '24cce0ad-bd55-4875-b109-2298f06aae05', 'dbedc9d8-06a7-41d2-be65-2ae8c9bcbee2', 't', '0/1', '0/1', '2011-02-21 09:52:13+00', '2011-02-21 09:52:13+00');
INSERT INTO "fascicles_map_modules" VALUES ('f09e52b3-b92b-4f57-99d8-101d9fdecb76', '9fd8bed1-14f1-48d1-9f3e-2ab59e6cd047', '6d380486-c2d2-4f18-bfe1-5832d0081ab6', 'b90311e7-1866-4a8d-bc3c-1dd67008df15', '5e26acf1-be35-4617-8fc3-944d59e5d18d', 't', '0/1', '0/1', '2011-01-20 10:12:17+00', '2011-01-20 10:12:17+00');
INSERT INTO "fascicles_map_modules" VALUES ('f7fe0dd8-9216-41e3-aff6-82289de99af9', '9fd8bed1-14f1-48d1-9f3e-2ab59e6cd047', '14f3a987-c6c8-4aa0-b4c4-3c9c4ca47f61', '19658c9c-4971-4c7d-8380-85d748946a47', '57dfda22-7a18-4330-882f-0d3d3bd99e3a', 'f', '1/1', '1/1', '2011-01-11 10:57:15+00', '2011-01-11 10:57:15+00');
COMMIT;

-- ----------------------------
-- Records of fascicles_modules
-- ----------------------------
BEGIN;
INSERT INTO "fascicles_modules" VALUES ('052a21d4-2daa-4920-868f-2486ab266702', '9fd8bed1-14f1-48d1-9f3e-2ab59e6cd047', 'ba81e912-fa59-455e-ad0b-428cb7bcabbe', 'f5bdff3a-be18-4ca8-8c1c-3b6c7615cd07', 'c2be4dc3-3b84-4d3d-8fb2-0330f97c3eeb', '1/1', 'Описание', '1', '1/1', '1/1', '1', '2011-02-21 09:52:38+00', '2011-02-21 09:52:38+00');
INSERT INTO "fascicles_modules" VALUES ('1737e6de-b970-4028-a2fd-3ffc1ebe824b', '9fd8bed1-14f1-48d1-9f3e-2ab59e6cd047', '4964960d-d8d0-4857-85d4-09489a743002', 'cd527cc1-c38d-4f6c-bdbf-33fa62c91d4a', 'bbaff05a-1f0b-4fe2-89f7-c57c6cbf51d6', '2/1', 'Описание', '2', '1/1', '1/1', '2', '2011-01-12 12:35:15+00', '2011-01-12 12:35:15+00');
INSERT INTO "fascicles_modules" VALUES ('185bbe6b-2dd3-4e2d-acc6-9a108eea3884', '9fd8bed1-14f1-48d1-9f3e-2ab59e6cd047', '14f3a987-c6c8-4aa0-b4c4-3c9c4ca47f61', '1f437380-0658-484d-b4a1-c6a8dc742008', 'af0166d9-c421-44b6-b119-55a08d6367f1', '1/1', 'Описание', '1', '1/1', '1/1', '1', '2011-01-11 10:57:30+00', '2011-01-11 10:57:30+00');
INSERT INTO "fascicles_modules" VALUES ('19658c9c-4971-4c7d-8380-85d748946a47', '9fd8bed1-14f1-48d1-9f3e-2ab59e6cd047', '14f3a987-c6c8-4aa0-b4c4-3c9c4ca47f61', '1f437380-0658-484d-b4a1-c6a8dc742008', '30ba340e-0dd6-4540-99f1-ebc616ebbff9', '2/1', 'Описание', '2', '1/1', '1/1', '2', '2011-01-11 10:57:15+00', '2011-01-11 10:57:15+00');
INSERT INTO "fascicles_modules" VALUES ('24cce0ad-bd55-4875-b109-2298f06aae05', '9fd8bed1-14f1-48d1-9f3e-2ab59e6cd047', 'ba81e912-fa59-455e-ad0b-428cb7bcabbe', 'f5bdff3a-be18-4ca8-8c1c-3b6c7615cd07', 'c2be4dc3-3b84-4d3d-8fb2-0330f97c3eeb', '1/1', 'Описание', '1', '1/1', '1/1', '1', '2011-02-21 09:52:13+00', '2011-02-21 09:52:13+00');
INSERT INTO "fascicles_modules" VALUES ('3f27667d-2913-4638-bcf6-625cb23e9096', '9fd8bed1-14f1-48d1-9f3e-2ab59e6cd047', '4964960d-d8d0-4857-85d4-09489a743002', 'cd527cc1-c38d-4f6c-bdbf-33fa62c91d4a', '29b5e41a-f157-4249-a850-480196ef2e90', '1/1', 'Описание', '1', '1/1', '1/1', '1', '2011-01-12 12:31:28+00', '2011-01-12 12:31:28+00');
INSERT INTO "fascicles_modules" VALUES ('4c21556f-af43-4196-8bab-e3cbac6ddd5f', '9fd8bed1-14f1-48d1-9f3e-2ab59e6cd047', '4964960d-d8d0-4857-85d4-09489a743002', 'cd527cc1-c38d-4f6c-bdbf-33fa62c91d4a', 'e4a74f39-d7ff-4cb5-8a69-29ca52014bd9', '1/2', 'Описание', '1', '1/1', '1/2', '0.5', '2011-01-12 15:08:21+00', '2011-01-12 15:08:21+00');
INSERT INTO "fascicles_modules" VALUES ('535cb4dd-f682-478e-a0c0-b8719b815054', '9fd8bed1-14f1-48d1-9f3e-2ab59e6cd047', 'f37ccf31-f9bf-4cf0-8945-6157e40ece01', '20d9d854-a482-4fe7-9787-1f5964749ef0', '3a7e5545-b87f-4645-bfa7-f3ff3d55dbee', '2/1', 'Описание', '2', '1/1', '1/1', '2', '2011-01-12 14:57:58+00', '2011-01-12 14:57:58+00');
INSERT INTO "fascicles_modules" VALUES ('66848efe-8b4b-4bfe-9c6a-36d45a0d8f4d', '9fd8bed1-14f1-48d1-9f3e-2ab59e6cd047', '5703c5ae-2794-48a6-aa4e-8b19b37aca67', '2b4171f6-5022-47f5-a73e-3b1e511f6b7d', 'd767cd18-aaad-470b-a5a9-4b2ceac7ac94', '2/1', 'Описание', '2', '1/1', '1/1', '2', '2011-02-08 08:36:47+00', '2011-02-08 08:36:47+00');
INSERT INTO "fascicles_modules" VALUES ('6aa16c68-d886-4ef1-80ab-a9f59dea6199', '9fd8bed1-14f1-48d1-9f3e-2ab59e6cd047', 'f37ccf31-f9bf-4cf0-8945-6157e40ece01', '20d9d854-a482-4fe7-9787-1f5964749ef0', '58d9af96-f506-4023-ac78-82587f603b5b', '1/1', 'Описание', '1', '1/1', '1/1', '1', '2011-01-12 08:55:23+00', '2011-01-12 08:55:23+00');
INSERT INTO "fascicles_modules" VALUES ('7bdf5830-3fcb-4282-9c6d-cd0b43be8566', '9fd8bed1-14f1-48d1-9f3e-2ab59e6cd047', 'c979190a-02cb-4c0a-a194-08abfe18f1df', '660c4f5c-7361-43d0-a2b2-97cbd787a5b6', '5b2d8edb-6b7a-4549-bb89-5036f807a22c', '1/1', 'Описание', '1', '1/1', '1/1', '1', '2011-02-18 12:25:20+00', '2011-02-18 12:25:20+00');
INSERT INTO "fascicles_modules" VALUES ('7d619e50-0a8b-41b9-866e-e2af189026b6', '9fd8bed1-14f1-48d1-9f3e-2ab59e6cd047', '6d380486-c2d2-4f18-bfe1-5832d0081ab6', '6f0c1281-7d87-4478-b307-1b1906a7e5b5', '0a005d3c-2c37-43f7-b807-236be462bc5a', '1/1', 'Описание', '1', '1/1', '1/1', '1', '2011-01-20 11:56:40+00', '2011-01-20 11:56:40+00');
INSERT INTO "fascicles_modules" VALUES ('8cdd5d63-49a2-4a73-98d5-851d0f360e71', '9fd8bed1-14f1-48d1-9f3e-2ab59e6cd047', '14f3a987-c6c8-4aa0-b4c4-3c9c4ca47f61', '1f437380-0658-484d-b4a1-c6a8dc742008', 'af0166d9-c421-44b6-b119-55a08d6367f1', '1/1', 'Описание', '1', '1/1', '1/1', '1', '2011-01-11 10:55:13+00', '2011-01-11 10:55:13+00');
INSERT INTO "fascicles_modules" VALUES ('9883a1ea-c6c9-4743-8a54-231723169c4b', '9fd8bed1-14f1-48d1-9f3e-2ab59e6cd047', '6d380486-c2d2-4f18-bfe1-5832d0081ab6', '6f0c1281-7d87-4478-b307-1b1906a7e5b5', '0a005d3c-2c37-43f7-b807-236be462bc5a', '1/1', 'Описание', '1', '1/1', '1/1', '1', '2011-01-20 10:11:40+00', '2011-01-20 10:11:40+00');
INSERT INTO "fascicles_modules" VALUES ('ac4ebaa5-10be-4218-96fa-bf713a9b11c3', '9fd8bed1-14f1-48d1-9f3e-2ab59e6cd047', 'f37ccf31-f9bf-4cf0-8945-6157e40ece01', '20d9d854-a482-4fe7-9787-1f5964749ef0', '3a7e5545-b87f-4645-bfa7-f3ff3d55dbee', '2/1', 'Описание', '2', '1/1', '1/1', '2', '2011-01-12 08:56:29+00', '2011-01-12 08:56:29+00');
INSERT INTO "fascicles_modules" VALUES ('b8a76253-f90b-41bc-ad27-694717543d86', '9fd8bed1-14f1-48d1-9f3e-2ab59e6cd047', '14f3a987-c6c8-4aa0-b4c4-3c9c4ca47f61', '1f437380-0658-484d-b4a1-c6a8dc742008', 'af0166d9-c421-44b6-b119-55a08d6367f1', '1/1', 'Описание', '1', '1/1', '1/1', '1', '2011-01-11 10:56:54+00', '2011-01-11 10:56:54+00');
INSERT INTO "fascicles_modules" VALUES ('b90311e7-1866-4a8d-bc3c-1dd67008df15', '9fd8bed1-14f1-48d1-9f3e-2ab59e6cd047', '6d380486-c2d2-4f18-bfe1-5832d0081ab6', '6f0c1281-7d87-4478-b307-1b1906a7e5b5', 'd4145fcd-10f9-4ea1-b8bf-097e106f869e', '2/1', 'Описание', '2', '1/1', '1/1', '2', '2011-01-20 10:12:17+00', '2011-01-20 10:12:17+00');
INSERT INTO "fascicles_modules" VALUES ('bc02b232-3719-46c1-9998-dfa97c3eec4c', '9fd8bed1-14f1-48d1-9f3e-2ab59e6cd047', '4964960d-d8d0-4857-85d4-09489a743002', 'cd527cc1-c38d-4f6c-bdbf-33fa62c91d4a', '29b5e41a-f157-4249-a850-480196ef2e90', '1/1', 'Описание', '1', '1/1', '1/1', '1', '2011-01-12 15:01:26+00', '2011-01-12 15:01:26+00');
INSERT INTO "fascicles_modules" VALUES ('c13af4eb-1224-46a9-871a-340102d98609', '9fd8bed1-14f1-48d1-9f3e-2ab59e6cd047', 'ba81e912-fa59-455e-ad0b-428cb7bcabbe', 'f5bdff3a-be18-4ca8-8c1c-3b6c7615cd07', '3773d75a-aeb8-47e6-98ec-f8b249dbcb5a', '2/1', 'Описание', '2', '1/1', '1/1', '2', '2011-02-21 09:38:53+00', '2011-02-21 09:38:53+00');
INSERT INTO "fascicles_modules" VALUES ('e0de9250-0a65-4483-aad9-be89ce307562', '9fd8bed1-14f1-48d1-9f3e-2ab59e6cd047', '14f3a987-c6c8-4aa0-b4c4-3c9c4ca47f61', '1f437380-0658-484d-b4a1-c6a8dc742008', 'af0166d9-c421-44b6-b119-55a08d6367f1', '1/1', 'Описание', '1', '1/1', '1/1', '1', '2011-01-11 10:37:27+00', '2011-01-11 10:37:27+00');
INSERT INTO "fascicles_modules" VALUES ('ea4d23dd-20e3-4dc9-b48f-2e5880d340fd', '9fd8bed1-14f1-48d1-9f3e-2ab59e6cd047', 'f37ccf31-f9bf-4cf0-8945-6157e40ece01', '20d9d854-a482-4fe7-9787-1f5964749ef0', '58d9af96-f506-4023-ac78-82587f603b5b', '1/1', 'Описание', '1', '1/1', '1/1', '1', '2011-01-12 08:54:56+00', '2011-01-12 08:54:56+00');
INSERT INTO "fascicles_modules" VALUES ('f4f646cb-2f0f-4ccf-b7a7-c24bb611edde', '9fd8bed1-14f1-48d1-9f3e-2ab59e6cd047', '14f3a987-c6c8-4aa0-b4c4-3c9c4ca47f61', '1f437380-0658-484d-b4a1-c6a8dc742008', 'af0166d9-c421-44b6-b119-55a08d6367f1', '1/1', 'Описание', '1', '1/1', '1/1', '1', '2011-01-11 10:30:46+00', '2011-01-11 10:30:46+00');
INSERT INTO "fascicles_modules" VALUES ('f5d40f68-5838-4eab-a15f-5adc35c2eb3d', '9fd8bed1-14f1-48d1-9f3e-2ab59e6cd047', '14f3a987-c6c8-4aa0-b4c4-3c9c4ca47f61', '1f437380-0658-484d-b4a1-c6a8dc742008', 'af0166d9-c421-44b6-b119-55a08d6367f1', '1/1', 'Описание', '1', '1/1', '1/1', '1', '2011-01-11 10:58:23+00', '2011-01-11 10:58:23+00');
INSERT INTO "fascicles_modules" VALUES ('fc3918c8-3c27-4da6-bd60-2daefdb90c35', '9fd8bed1-14f1-48d1-9f3e-2ab59e6cd047', '4964960d-d8d0-4857-85d4-09489a743002', 'cd527cc1-c38d-4f6c-bdbf-33fa62c91d4a', 'bbaff05a-1f0b-4fe2-89f7-c57c6cbf51d6', '2/1', 'Описание', '2', '1/1', '1/1', '2', '2011-01-12 12:35:46+00', '2011-01-12 12:35:46+00');
COMMIT;

-- ----------------------------
-- Records of fascicles_pages
-- ----------------------------
BEGIN;
INSERT INTO "fascicles_pages" VALUES ('00feea89-1f8c-41dd-8478-b5d4bb36925e', '9fd8bed1-14f1-48d1-9f3e-2ab59e6cd047', '6d380486-c2d2-4f18-bfe1-5832d0081ab6', 'ac9882ec-5dc5-4812-837e-a3550f194404', 'fa5c48ad-836a-4537-889b-40ddc196ff92', '6', '{1/6,2/6,3/6,4/6,5/6}', '{1/6,2/6,3/6,4/6,5/6}', '2011-01-20 10:11:25+00', '2011-01-20 10:11:25+00');
INSERT INTO "fascicles_pages" VALUES ('01bf8623-0374-42e7-815f-36a689526396', '57ea720b-39fb-4e96-bcb6-ae3ebf6d474b', 'ac28dc67-2bca-400f-906b-a6816f626468', '99ef66d3-2410-4dfd-b31f-00af20561f05', '2f56e453-6c01-4409-ae62-30706edfe34c', '4', '{1/6,2/6,3/6,4/6,5/6}', '{1/6,2/6,3/6,4/6,5/6}', '2011-01-21 10:35:03+00', '2011-01-21 10:35:03+00');
INSERT INTO "fascicles_pages" VALUES ('0ddd9650-bf7d-4fdb-b0c6-9e4c5ef04be8', '9fd8bed1-14f1-48d1-9f3e-2ab59e6cd047', '6d380486-c2d2-4f18-bfe1-5832d0081ab6', 'ac9882ec-5dc5-4812-837e-a3550f194404', 'fa5c48ad-836a-4537-889b-40ddc196ff92', '8', '{1/6,2/6,3/6,4/6,5/6}', '{1/6,2/6,3/6,4/6,5/6}', '2011-01-20 10:11:25+00', '2011-01-20 10:11:25+00');
INSERT INTO "fascicles_pages" VALUES ('124c0f33-9189-4129-8c55-aecd8c73ca64', '9fd8bed1-14f1-48d1-9f3e-2ab59e6cd047', 'c979190a-02cb-4c0a-a194-08abfe18f1df', 'ad58a202-8e2f-4a2d-8fa9-851e2c5a93d3', '774cbd79-1480-46c2-850d-e433d4cc4800', '20', '{1/6,2/6,3/6,4/6,5/6}', '{1/6,2/6,3/6,4/6,5/6}', '2011-02-18 12:22:20+00', '2011-02-18 12:22:20+00');
INSERT INTO "fascicles_pages" VALUES ('1359386c-a9ba-4fa2-8dfa-e5d90138731a', '9fd8bed1-14f1-48d1-9f3e-2ab59e6cd047', '14f3a987-c6c8-4aa0-b4c4-3c9c4ca47f61', '5a8b8f85-cedf-4cea-ae71-57042a46132d', '367ae01f-eb22-4e25-a89a-0521dd649af6', '2', '{1/6,2/6,3/6,4/6,5/6}', '{1/6,2/6,3/6,4/6,5/6}', '2011-01-11 10:36:33+00', '2011-01-11 10:36:33+00');
INSERT INTO "fascicles_pages" VALUES ('148224cb-2149-4da6-9be0-2e129af5f700', '9fd8bed1-14f1-48d1-9f3e-2ab59e6cd047', 'ba81e912-fa59-455e-ad0b-428cb7bcabbe', '07b1d541-8bb9-4245-990a-dc0af916ddbf', '814805c5-20fe-4103-b630-8dd63e01e989', '8', '{1/6,2/6,3/6,4/6,5/6}', '{1/6,2/6,3/6,4/6,5/6}', '2011-02-21 09:38:38+00', '2011-02-21 09:38:38+00');
INSERT INTO "fascicles_pages" VALUES ('17e057d5-336a-4dc6-84a4-90a8eeded936', '9fd8bed1-14f1-48d1-9f3e-2ab59e6cd047', 'f37ccf31-f9bf-4cf0-8945-6157e40ece01', '7a992ef5-5eb0-46da-a5e7-6ec0c72b9287', '039d0f05-b471-4e7b-87be-0d04f8070276', '5', '{1/6,2/6,3/6,4/6,5/6}', '{1/6,2/6,3/6,4/6,5/6}', '2011-01-12 08:51:25+00', '2011-01-12 08:51:25+00');
INSERT INTO "fascicles_pages" VALUES ('17f8ad00-155b-4c81-bb74-f84b6e4a5704', '57ea720b-39fb-4e96-bcb6-ae3ebf6d474b', 'ac28dc67-2bca-400f-906b-a6816f626468', '99ef66d3-2410-4dfd-b31f-00af20561f05', '2f56e453-6c01-4409-ae62-30706edfe34c', '1', '{1/6,2/6,3/6,4/6,5/6}', '{1/6,2/6,3/6,4/6,5/6}', '2011-01-21 10:35:03+00', '2011-01-21 10:35:03+00');
INSERT INTO "fascicles_pages" VALUES ('18f509fb-52fc-4ef0-849c-4c24bbeb2ef5', '9fd8bed1-14f1-48d1-9f3e-2ab59e6cd047', '5703c5ae-2794-48a6-aa4e-8b19b37aca67', 'a3ecac24-ae39-4a30-89c0-7bee3ab10777', 'a16dfd8c-c4e9-4a61-a0d4-69337c648564', '6', '{1/6,2/6,3/6,4/6,5/6}', '{1/6,2/6,3/6,4/6,5/6}', '2011-02-08 08:36:30+00', '2011-02-08 08:36:30+00');
INSERT INTO "fascicles_pages" VALUES ('1c783015-9985-4c5d-8d5a-b61d9f95df4f', '9fd8bed1-14f1-48d1-9f3e-2ab59e6cd047', 'ba81e912-fa59-455e-ad0b-428cb7bcabbe', '07b1d541-8bb9-4245-990a-dc0af916ddbf', '814805c5-20fe-4103-b630-8dd63e01e989', '1', '{1/6,2/6,3/6,4/6,5/6}', '{1/6,2/6,3/6,4/6,5/6}', '2011-02-21 09:38:38+00', '2011-02-21 09:38:38+00');
INSERT INTO "fascicles_pages" VALUES ('1d2d4d2f-d259-46cd-8af8-0f544eee6838', '9fd8bed1-14f1-48d1-9f3e-2ab59e6cd047', 'f37ccf31-f9bf-4cf0-8945-6157e40ece01', '7a992ef5-5eb0-46da-a5e7-6ec0c72b9287', '039d0f05-b471-4e7b-87be-0d04f8070276', '9', '{1/6,2/6,3/6,4/6,5/6}', '{1/6,2/6,3/6,4/6,5/6}', '2011-01-12 08:51:25+00', '2011-01-12 08:51:25+00');
INSERT INTO "fascicles_pages" VALUES ('2604a7d3-7af9-4ff5-9fe1-4b86cf4f7b31', '9fd8bed1-14f1-48d1-9f3e-2ab59e6cd047', '6d380486-c2d2-4f18-bfe1-5832d0081ab6', 'ac9882ec-5dc5-4812-837e-a3550f194404', 'fa5c48ad-836a-4537-889b-40ddc196ff92', '9', '{1/6,2/6,3/6,4/6,5/6}', '{1/6,2/6,3/6,4/6,5/6}', '2011-01-20 10:11:25+00', '2011-01-20 10:11:25+00');
INSERT INTO "fascicles_pages" VALUES ('2a07a558-2664-40ca-bc4a-e4cc0040fc96', '9fd8bed1-14f1-48d1-9f3e-2ab59e6cd047', '5703c5ae-2794-48a6-aa4e-8b19b37aca67', 'a3ecac24-ae39-4a30-89c0-7bee3ab10777', 'a16dfd8c-c4e9-4a61-a0d4-69337c648564', '5', '{1/6,2/6,3/6,4/6,5/6}', '{1/6,2/6,3/6,4/6,5/6}', '2011-02-08 08:36:30+00', '2011-02-08 08:36:30+00');
INSERT INTO "fascicles_pages" VALUES ('2d6c93a9-00a8-4579-aa30-3be18f6a2ad7', '9fd8bed1-14f1-48d1-9f3e-2ab59e6cd047', 'f37ccf31-f9bf-4cf0-8945-6157e40ece01', '7a992ef5-5eb0-46da-a5e7-6ec0c72b9287', '1b86a135-d45f-4f00-9d17-2577ec6fe364', '2', '{1/6,2/6,3/6,4/6,5/6}', '{1/6,2/6,3/6,4/6,5/6}', '2011-01-12 08:51:25+00', '2011-01-12 08:51:25+00');
INSERT INTO "fascicles_pages" VALUES ('41b5c560-d84f-435e-a02e-6aa57a648acb', '57ea720b-39fb-4e96-bcb6-ae3ebf6d474b', 'ac28dc67-2bca-400f-906b-a6816f626468', '99ef66d3-2410-4dfd-b31f-00af20561f05', '2f56e453-6c01-4409-ae62-30706edfe34c', '3', '{1/6,2/6,3/6,4/6,5/6}', '{1/6,2/6,3/6,4/6,5/6}', '2011-01-21 10:35:03+00', '2011-01-21 10:35:03+00');
INSERT INTO "fascicles_pages" VALUES ('41f1a578-2d92-477d-9815-74cd26f05dda', '9fd8bed1-14f1-48d1-9f3e-2ab59e6cd047', '4964960d-d8d0-4857-85d4-09489a743002', 'f04e0e17-9e7e-442f-97cd-646a3c241e29', 'dea8836a-3cfa-42f8-af63-1da43575c6e1', '4', '{1/6,2/6,3/6,4/6,5/6}', '{1/6,2/6,3/6,4/6,5/6}', '2011-01-12 11:16:34+00', '2011-01-12 11:16:34+00');
INSERT INTO "fascicles_pages" VALUES ('4c0416e3-dda2-4264-a634-c86a4f368099', '57ea720b-39fb-4e96-bcb6-ae3ebf6d474b', 'ac28dc67-2bca-400f-906b-a6816f626468', '99ef66d3-2410-4dfd-b31f-00af20561f05', '2f56e453-6c01-4409-ae62-30706edfe34c', '2', '{1/6,2/6,3/6,4/6,5/6}', '{1/6,2/6,3/6,4/6,5/6}', '2011-01-21 10:35:03+00', '2011-01-21 10:35:03+00');
INSERT INTO "fascicles_pages" VALUES ('501ba761-7b6d-422e-971e-6662e6e622d3', '9fd8bed1-14f1-48d1-9f3e-2ab59e6cd047', '6d380486-c2d2-4f18-bfe1-5832d0081ab6', 'ac9882ec-5dc5-4812-837e-a3550f194404', 'fa5c48ad-836a-4537-889b-40ddc196ff92', '4', '{1/6,2/6,3/6,4/6,5/6}', '{1/6,2/6,3/6,4/6,5/6}', '2011-01-20 10:11:25+00', '2011-01-20 10:11:25+00');
INSERT INTO "fascicles_pages" VALUES ('541fc620-39fc-4864-a03b-f447df0c3f31', '9fd8bed1-14f1-48d1-9f3e-2ab59e6cd047', '5703c5ae-2794-48a6-aa4e-8b19b37aca67', 'a3ecac24-ae39-4a30-89c0-7bee3ab10777', 'a16dfd8c-c4e9-4a61-a0d4-69337c648564', '2', '{1/6,2/6,3/6,4/6,5/6}', '{1/6,2/6,3/6,4/6,5/6}', '2011-02-08 08:36:30+00', '2011-02-08 08:36:30+00');
INSERT INTO "fascicles_pages" VALUES ('57dfda22-7a18-4330-882f-0d3d3bd99e3a', '9fd8bed1-14f1-48d1-9f3e-2ab59e6cd047', '14f3a987-c6c8-4aa0-b4c4-3c9c4ca47f61', '5a8b8f85-cedf-4cea-ae71-57042a46132d', '367ae01f-eb22-4e25-a89a-0521dd649af6', '3', '{1/6,2/6,3/6,4/6,5/6}', '{1/6,2/6,3/6,4/6,5/6}', '2011-01-11 10:36:33+00', '2011-01-11 10:36:33+00');
INSERT INTO "fascicles_pages" VALUES ('5afcf123-d926-4fa5-b191-71e1a475b5a7', '9fd8bed1-14f1-48d1-9f3e-2ab59e6cd047', 'ba81e912-fa59-455e-ad0b-428cb7bcabbe', '07b1d541-8bb9-4245-990a-dc0af916ddbf', '814805c5-20fe-4103-b630-8dd63e01e989', '5', '{1/6,2/6,3/6,4/6,5/6}', '{1/6,2/6,3/6,4/6,5/6}', '2011-02-21 09:38:38+00', '2011-02-21 09:38:38+00');
INSERT INTO "fascicles_pages" VALUES ('5b34236d-5a71-4f0f-84a9-e10311c22d17', '9fd8bed1-14f1-48d1-9f3e-2ab59e6cd047', 'f37ccf31-f9bf-4cf0-8945-6157e40ece01', '7a992ef5-5eb0-46da-a5e7-6ec0c72b9287', '039d0f05-b471-4e7b-87be-0d04f8070276', '1', '{1/6,2/6,3/6,4/6,5/6}', '{1/6,2/6,3/6,4/6,5/6}', '2011-01-12 08:51:25+00', '2011-01-12 08:51:25+00');
INSERT INTO "fascicles_pages" VALUES ('5e26acf1-be35-4617-8fc3-944d59e5d18d', '9fd8bed1-14f1-48d1-9f3e-2ab59e6cd047', '6d380486-c2d2-4f18-bfe1-5832d0081ab6', 'ac9882ec-5dc5-4812-837e-a3550f194404', 'fa5c48ad-836a-4537-889b-40ddc196ff92', '2', '{1/6,2/6,3/6,4/6,5/6}', '{1/6,2/6,3/6,4/6,5/6}', '2011-01-20 10:11:25+00', '2011-01-20 10:11:25+00');
INSERT INTO "fascicles_pages" VALUES ('5e87fc2a-9696-4576-b376-790dd3d48b44', '9fd8bed1-14f1-48d1-9f3e-2ab59e6cd047', '4964960d-d8d0-4857-85d4-09489a743002', 'f04e0e17-9e7e-442f-97cd-646a3c241e29', 'dea8836a-3cfa-42f8-af63-1da43575c6e1', '9', '{1/6,2/6,3/6,4/6,5/6}', '{1/6,2/6,3/6,4/6,5/6}', '2011-01-12 11:58:29+00', '2011-01-12 11:58:29+00');
INSERT INTO "fascicles_pages" VALUES ('6361e0f0-1d6f-4901-921b-0355a4001cf5', '57ea720b-39fb-4e96-bcb6-ae3ebf6d474b', 'ac28dc67-2bca-400f-906b-a6816f626468', '99ef66d3-2410-4dfd-b31f-00af20561f05', '2f56e453-6c01-4409-ae62-30706edfe34c', '5', '{1/6,2/6,3/6,4/6,5/6}', '{1/6,2/6,3/6,4/6,5/6}', '2011-01-21 10:35:03+00', '2011-01-21 10:35:03+00');
INSERT INTO "fascicles_pages" VALUES ('6368ecc4-b799-4dce-b04f-9ae20753e0a0', '9fd8bed1-14f1-48d1-9f3e-2ab59e6cd047', 'ba81e912-fa59-455e-ad0b-428cb7bcabbe', '07b1d541-8bb9-4245-990a-dc0af916ddbf', '814805c5-20fe-4103-b630-8dd63e01e989', '2', '{1/6,2/6,3/6,4/6,5/6}', '{1/6,2/6,3/6,4/6,5/6}', '2011-02-21 09:38:38+00', '2011-02-21 09:38:38+00');
INSERT INTO "fascicles_pages" VALUES ('6aa7c4fd-304b-4396-ac5f-250c1b0cf8e5', '9fd8bed1-14f1-48d1-9f3e-2ab59e6cd047', '14f3a987-c6c8-4aa0-b4c4-3c9c4ca47f61', '5a8b8f85-cedf-4cea-ae71-57042a46132d', '367ae01f-eb22-4e25-a89a-0521dd649af6', '9', '{1/6,2/6,3/6,4/6,5/6}', '{1/6,2/6,3/6,4/6,5/6}', '2011-01-11 10:36:33+00', '2011-01-11 10:36:33+00');
INSERT INTO "fascicles_pages" VALUES ('6af4d269-84df-4732-99ad-86ddd65b06f3', '9fd8bed1-14f1-48d1-9f3e-2ab59e6cd047', '4964960d-d8d0-4857-85d4-09489a743002', 'f04e0e17-9e7e-442f-97cd-646a3c241e29', 'dea8836a-3cfa-42f8-af63-1da43575c6e1', '1', '{1/6,2/6,3/6,4/6,5/6}', '{1/6,2/6,3/6,4/6,5/6}', '2011-01-12 11:16:34+00', '2011-01-12 11:16:34+00');
INSERT INTO "fascicles_pages" VALUES ('6fdea464-bb3b-4270-8241-6110048c2688', '9fd8bed1-14f1-48d1-9f3e-2ab59e6cd047', '4964960d-d8d0-4857-85d4-09489a743002', 'f04e0e17-9e7e-442f-97cd-646a3c241e29', 'dea8836a-3cfa-42f8-af63-1da43575c6e1', '5', '{1/6,2/6,3/6,4/6,5/6}', '{1/6,2/6,3/6,4/6,5/6}', '2011-01-12 11:16:34+00', '2011-01-12 11:16:34+00');
INSERT INTO "fascicles_pages" VALUES ('7452f6e1-5082-45a3-a3c6-1f4e855e5380', '9fd8bed1-14f1-48d1-9f3e-2ab59e6cd047', '6d380486-c2d2-4f18-bfe1-5832d0081ab6', 'ac9882ec-5dc5-4812-837e-a3550f194404', 'fa5c48ad-836a-4537-889b-40ddc196ff92', '7', '{1/6,2/6,3/6,4/6,5/6}', '{1/6,2/6,3/6,4/6,5/6}', '2011-01-20 10:11:25+00', '2011-01-20 10:11:25+00');
INSERT INTO "fascicles_pages" VALUES ('7f5ae90e-ddd3-4a14-83f2-d7bac0db4257', '9fd8bed1-14f1-48d1-9f3e-2ab59e6cd047', 'c979190a-02cb-4c0a-a194-08abfe18f1df', 'ad58a202-8e2f-4a2d-8fa9-851e2c5a93d3', '774cbd79-1480-46c2-850d-e433d4cc4800', '19', '{1/6,2/6,3/6,4/6,5/6}', '{1/6,2/6,3/6,4/6,5/6}', '2011-02-18 12:22:20+00', '2011-02-18 12:22:20+00');
INSERT INTO "fascicles_pages" VALUES ('8065ee8f-466e-4dec-a098-17631234cca6', '9fd8bed1-14f1-48d1-9f3e-2ab59e6cd047', '5703c5ae-2794-48a6-aa4e-8b19b37aca67', 'a3ecac24-ae39-4a30-89c0-7bee3ab10777', 'a16dfd8c-c4e9-4a61-a0d4-69337c648564', '3', '{1/6,2/6,3/6,4/6,5/6}', '{1/6,2/6,3/6,4/6,5/6}', '2011-02-08 08:36:30+00', '2011-02-08 08:36:30+00');
INSERT INTO "fascicles_pages" VALUES ('84669a44-f291-41c9-91ef-11e2580ff884', '9fd8bed1-14f1-48d1-9f3e-2ab59e6cd047', 'c979190a-02cb-4c0a-a194-08abfe18f1df', 'ad58a202-8e2f-4a2d-8fa9-851e2c5a93d3', '774cbd79-1480-46c2-850d-e433d4cc4800', '18', '{1/6,2/6,3/6,4/6,5/6}', '{1/6,2/6,3/6,4/6,5/6}', '2011-02-18 12:22:20+00', '2011-02-18 12:22:20+00');
INSERT INTO "fascicles_pages" VALUES ('85fa1e86-da0f-4974-86b5-e84cbd62962f', '9fd8bed1-14f1-48d1-9f3e-2ab59e6cd047', 'f37ccf31-f9bf-4cf0-8945-6157e40ece01', '7a992ef5-5eb0-46da-a5e7-6ec0c72b9287', '039d0f05-b471-4e7b-87be-0d04f8070276', '3', '{1/6,2/6,3/6,4/6,5/6}', '{1/6,2/6,3/6,4/6,5/6}', '2011-01-12 08:51:25+00', '2011-01-12 08:51:25+00');
INSERT INTO "fascicles_pages" VALUES ('8db75d3f-f665-4bbe-a14a-d9e90ab7d642', '9fd8bed1-14f1-48d1-9f3e-2ab59e6cd047', 'f37ccf31-f9bf-4cf0-8945-6157e40ece01', '7a992ef5-5eb0-46da-a5e7-6ec0c72b9287', '039d0f05-b471-4e7b-87be-0d04f8070276', '8', '{1/6,2/6,3/6,4/6,5/6}', '{1/6,2/6,3/6,4/6,5/6}', '2011-01-12 08:51:25+00', '2011-01-12 08:51:25+00');
INSERT INTO "fascicles_pages" VALUES ('8eab7f9b-a4e6-4671-a06b-bc5bfb1f7111', '9fd8bed1-14f1-48d1-9f3e-2ab59e6cd047', '14f3a987-c6c8-4aa0-b4c4-3c9c4ca47f61', '5a8b8f85-cedf-4cea-ae71-57042a46132d', '367ae01f-eb22-4e25-a89a-0521dd649af6', '7', '{1/6,2/6,3/6,4/6,5/6}', '{1/6,2/6,3/6,4/6,5/6}', '2011-01-11 10:36:33+00', '2011-01-11 10:36:33+00');
INSERT INTO "fascicles_pages" VALUES ('8f0fcdb3-5d3c-4bdc-a964-f8167c5d7b58', '9fd8bed1-14f1-48d1-9f3e-2ab59e6cd047', 'f37ccf31-f9bf-4cf0-8945-6157e40ece01', '7a992ef5-5eb0-46da-a5e7-6ec0c72b9287', 'a2216046-05f4-4121-83b6-bfcfc6e0d47a', '10', '{1/6,2/6,3/6,4/6,5/6}', '{1/6,2/6,3/6,4/6,5/6}', '2011-01-12 08:51:25+00', '2011-01-12 08:51:25+00');
INSERT INTO "fascicles_pages" VALUES ('8f2b743f-9ef6-429c-aa30-88bc5868c9e8', '9fd8bed1-14f1-48d1-9f3e-2ab59e6cd047', '5703c5ae-2794-48a6-aa4e-8b19b37aca67', 'a3ecac24-ae39-4a30-89c0-7bee3ab10777', 'a16dfd8c-c4e9-4a61-a0d4-69337c648564', '1', '{1/6,2/6,3/6,4/6,5/6}', '{1/6,2/6,3/6,4/6,5/6}', '2011-02-08 08:36:30+00', '2011-02-08 08:36:30+00');
INSERT INTO "fascicles_pages" VALUES ('90dbe03a-7a87-470d-be28-b42e79e12ce6', '9fd8bed1-14f1-48d1-9f3e-2ab59e6cd047', '5703c5ae-2794-48a6-aa4e-8b19b37aca67', 'a3ecac24-ae39-4a30-89c0-7bee3ab10777', 'a16dfd8c-c4e9-4a61-a0d4-69337c648564', '9', '{1/6,2/6,3/6,4/6,5/6}', '{1/6,2/6,3/6,4/6,5/6}', '2011-02-08 08:36:30+00', '2011-02-08 08:36:30+00');
INSERT INTO "fascicles_pages" VALUES ('9343f9ec-8dd1-4c49-bff7-4349d5ffa821', '9fd8bed1-14f1-48d1-9f3e-2ab59e6cd047', '5703c5ae-2794-48a6-aa4e-8b19b37aca67', 'a3ecac24-ae39-4a30-89c0-7bee3ab10777', 'a16dfd8c-c4e9-4a61-a0d4-69337c648564', '4', '{1/6,2/6,3/6,4/6,5/6}', '{1/6,2/6,3/6,4/6,5/6}', '2011-02-08 08:36:30+00', '2011-02-08 08:36:30+00');
INSERT INTO "fascicles_pages" VALUES ('93543266-076d-4a0f-9bba-0c7c7763a146', '9fd8bed1-14f1-48d1-9f3e-2ab59e6cd047', '14f3a987-c6c8-4aa0-b4c4-3c9c4ca47f61', '5a8b8f85-cedf-4cea-ae71-57042a46132d', '367ae01f-eb22-4e25-a89a-0521dd649af6', '5', '{1/6,2/6,3/6,4/6,5/6}', '{1/6,2/6,3/6,4/6,5/6}', '2011-01-11 10:36:33+00', '2011-01-11 10:36:33+00');
INSERT INTO "fascicles_pages" VALUES ('9bd06d21-bc13-4ced-8098-5e8d592eccb2', '9fd8bed1-14f1-48d1-9f3e-2ab59e6cd047', '6d380486-c2d2-4f18-bfe1-5832d0081ab6', 'ac9882ec-5dc5-4812-837e-a3550f194404', 'fa5c48ad-836a-4537-889b-40ddc196ff92', '1', '{1/6,2/6,3/6,4/6,5/6}', '{1/6,2/6,3/6,4/6,5/6}', '2011-01-20 10:11:25+00', '2011-01-20 10:11:25+00');
INSERT INTO "fascicles_pages" VALUES ('9bd90b82-71ca-4a5a-903c-4df3f9d54235', '9fd8bed1-14f1-48d1-9f3e-2ab59e6cd047', 'ba81e912-fa59-455e-ad0b-428cb7bcabbe', '07b1d541-8bb9-4245-990a-dc0af916ddbf', '814805c5-20fe-4103-b630-8dd63e01e989', '6', '{1/6,2/6,3/6,4/6,5/6}', '{1/6,2/6,3/6,4/6,5/6}', '2011-02-21 09:38:38+00', '2011-02-21 09:38:38+00');
INSERT INTO "fascicles_pages" VALUES ('a9418c53-3f2c-42d3-88d5-3f5e4777f60b', '9fd8bed1-14f1-48d1-9f3e-2ab59e6cd047', '4964960d-d8d0-4857-85d4-09489a743002', 'f04e0e17-9e7e-442f-97cd-646a3c241e29', 'dea8836a-3cfa-42f8-af63-1da43575c6e1', '10', '{1/6,2/6,3/6,4/6,5/6}', '{1/6,2/6,3/6,4/6,5/6}', '2011-01-12 11:16:34+00', '2011-01-12 11:16:34+00');
INSERT INTO "fascicles_pages" VALUES ('aa33920c-08ec-4532-8ab3-6386b9af17b4', '9fd8bed1-14f1-48d1-9f3e-2ab59e6cd047', 'f37ccf31-f9bf-4cf0-8945-6157e40ece01', '7a992ef5-5eb0-46da-a5e7-6ec0c72b9287', '039d0f05-b471-4e7b-87be-0d04f8070276', '4', '{1/6,2/6,3/6,4/6,5/6}', '{1/6,2/6,3/6,4/6,5/6}', '2011-01-12 08:51:25+00', '2011-01-12 08:51:25+00');
INSERT INTO "fascicles_pages" VALUES ('aa8d6478-0643-496e-99ed-c11f64a6d3fe', '9fd8bed1-14f1-48d1-9f3e-2ab59e6cd047', '14f3a987-c6c8-4aa0-b4c4-3c9c4ca47f61', '5a8b8f85-cedf-4cea-ae71-57042a46132d', '367ae01f-eb22-4e25-a89a-0521dd649af6', '8', '{1/6,2/6,3/6,4/6,5/6}', '{1/6,2/6,3/6,4/6,5/6}', '2011-01-11 10:36:33+00', '2011-01-11 10:36:33+00');
INSERT INTO "fascicles_pages" VALUES ('ac74b2f8-2c96-4cd3-8de8-5b1b131a8cdb', '9fd8bed1-14f1-48d1-9f3e-2ab59e6cd047', '6d380486-c2d2-4f18-bfe1-5832d0081ab6', 'ac9882ec-5dc5-4812-837e-a3550f194404', 'fa5c48ad-836a-4537-889b-40ddc196ff92', '3', '{1/6,2/6,3/6,4/6,5/6}', '{1/6,2/6,3/6,4/6,5/6}', '2011-01-20 10:11:25+00', '2011-01-20 10:11:25+00');
INSERT INTO "fascicles_pages" VALUES ('b1b458d3-3a95-40ee-8d9f-893a9b21dd87', '9fd8bed1-14f1-48d1-9f3e-2ab59e6cd047', '5703c5ae-2794-48a6-aa4e-8b19b37aca67', 'a3ecac24-ae39-4a30-89c0-7bee3ab10777', 'a16dfd8c-c4e9-4a61-a0d4-69337c648564', '10', '{1/6,2/6,3/6,4/6,5/6}', '{1/6,2/6,3/6,4/6,5/6}', '2011-02-08 08:36:30+00', '2011-02-08 08:36:30+00');
INSERT INTO "fascicles_pages" VALUES ('b5bcaf00-c937-4ef3-a00e-b472f5007361', '9fd8bed1-14f1-48d1-9f3e-2ab59e6cd047', '4964960d-d8d0-4857-85d4-09489a743002', 'f04e0e17-9e7e-442f-97cd-646a3c241e29', 'dea8836a-3cfa-42f8-af63-1da43575c6e1', '7', '{1/6,2/6,3/6,4/6,5/6}', '{1/6,2/6,3/6,4/6,5/6}', '2011-01-12 11:16:34+00', '2011-01-12 11:16:34+00');
INSERT INTO "fascicles_pages" VALUES ('b6020a10-2c40-4e4f-9ac0-3a083f4e7a87', '9fd8bed1-14f1-48d1-9f3e-2ab59e6cd047', '6d380486-c2d2-4f18-bfe1-5832d0081ab6', 'ac9882ec-5dc5-4812-837e-a3550f194404', 'fa5c48ad-836a-4537-889b-40ddc196ff92', '5', '{1/6,2/6,3/6,4/6,5/6}', '{1/6,2/6,3/6,4/6,5/6}', '2011-01-20 10:11:25+00', '2011-01-20 10:11:25+00');
INSERT INTO "fascicles_pages" VALUES ('b7bf26dd-3e5b-4275-8420-86f3bdabcd91', '57ea720b-39fb-4e96-bcb6-ae3ebf6d474b', 'ac28dc67-2bca-400f-906b-a6816f626468', '99ef66d3-2410-4dfd-b31f-00af20561f05', '2f56e453-6c01-4409-ae62-30706edfe34c', '8', '{1/6,2/6,3/6,4/6,5/6}', '{1/6,2/6,3/6,4/6,5/6}', '2011-01-21 10:35:03+00', '2011-01-21 10:35:03+00');
INSERT INTO "fascicles_pages" VALUES ('bb3a6679-00a7-4f09-b79a-f2490fe31d66', '57ea720b-39fb-4e96-bcb6-ae3ebf6d474b', 'ac28dc67-2bca-400f-906b-a6816f626468', '99ef66d3-2410-4dfd-b31f-00af20561f05', '2f56e453-6c01-4409-ae62-30706edfe34c', '6', '{1/6,2/6,3/6,4/6,5/6}', '{1/6,2/6,3/6,4/6,5/6}', '2011-01-21 10:35:03+00', '2011-01-21 10:35:03+00');
INSERT INTO "fascicles_pages" VALUES ('bf05a1ae-dfd9-4b43-aec0-6b6944fbca3c', '9fd8bed1-14f1-48d1-9f3e-2ab59e6cd047', '4964960d-d8d0-4857-85d4-09489a743002', 'f04e0e17-9e7e-442f-97cd-646a3c241e29', 'dea8836a-3cfa-42f8-af63-1da43575c6e1', '11', '{1/6,2/6,3/6,4/6,5/6}', '{1/6,2/6,3/6,4/6,5/6}', '2011-01-12 15:01:16+00', '2011-01-12 15:01:16+00');
INSERT INTO "fascicles_pages" VALUES ('bf322607-53de-4b24-bcb5-2977acdcea52', '9fd8bed1-14f1-48d1-9f3e-2ab59e6cd047', '14f3a987-c6c8-4aa0-b4c4-3c9c4ca47f61', '5a8b8f85-cedf-4cea-ae71-57042a46132d', '367ae01f-eb22-4e25-a89a-0521dd649af6', '6', '{1/6,2/6,3/6,4/6,5/6}', '{1/6,2/6,3/6,4/6,5/6}', '2011-01-11 10:36:33+00', '2011-01-11 10:36:33+00');
INSERT INTO "fascicles_pages" VALUES ('c6464bc1-a8b1-4e69-bda2-a9c122ed7cfa', '57ea720b-39fb-4e96-bcb6-ae3ebf6d474b', 'ac28dc67-2bca-400f-906b-a6816f626468', '99ef66d3-2410-4dfd-b31f-00af20561f05', '2f56e453-6c01-4409-ae62-30706edfe34c', '7', '{1/6,2/6,3/6,4/6,5/6}', '{1/6,2/6,3/6,4/6,5/6}', '2011-01-21 10:35:03+00', '2011-01-21 10:35:03+00');
INSERT INTO "fascicles_pages" VALUES ('c803c3cb-7e67-4005-b1ca-875a1e1e52a4', '9fd8bed1-14f1-48d1-9f3e-2ab59e6cd047', '6d380486-c2d2-4f18-bfe1-5832d0081ab6', 'ac9882ec-5dc5-4812-837e-a3550f194404', 'fa5c48ad-836a-4537-889b-40ddc196ff92', '10', '{1/6,2/6,3/6,4/6,5/6}', '{1/6,2/6,3/6,4/6,5/6}', '2011-01-20 10:11:25+00', '2011-01-20 10:11:25+00');
INSERT INTO "fascicles_pages" VALUES ('cd93b3ae-f533-4235-b382-26a540ffeb18', '9fd8bed1-14f1-48d1-9f3e-2ab59e6cd047', '14f3a987-c6c8-4aa0-b4c4-3c9c4ca47f61', '5a8b8f85-cedf-4cea-ae71-57042a46132d', '367ae01f-eb22-4e25-a89a-0521dd649af6', '4', '{1/6,2/6,3/6,4/6,5/6}', '{1/6,2/6,3/6,4/6,5/6}', '2011-01-11 10:36:33+00', '2011-01-11 10:36:33+00');
INSERT INTO "fascicles_pages" VALUES ('d17ad290-b309-4be5-a7bf-aafa5ceb8697', '9fd8bed1-14f1-48d1-9f3e-2ab59e6cd047', '14f3a987-c6c8-4aa0-b4c4-3c9c4ca47f61', '5a8b8f85-cedf-4cea-ae71-57042a46132d', '367ae01f-eb22-4e25-a89a-0521dd649af6', '10', '{1/6,2/6,3/6,4/6,5/6}', '{1/6,2/6,3/6,4/6,5/6}', '2011-01-11 10:36:33+00', '2011-01-11 10:36:33+00');
INSERT INTO "fascicles_pages" VALUES ('d1d16e4e-6b45-464b-9d4f-3855fffd5a81', '9fd8bed1-14f1-48d1-9f3e-2ab59e6cd047', 'c979190a-02cb-4c0a-a194-08abfe18f1df', 'ad58a202-8e2f-4a2d-8fa9-851e2c5a93d3', '774cbd79-1480-46c2-850d-e433d4cc4800', '5', '{1/6,2/6,3/6,4/6,5/6}', '{1/6,2/6,3/6,4/6,5/6}', '2011-02-18 12:22:20+00', '2011-02-18 12:22:20+00');
INSERT INTO "fascicles_pages" VALUES ('d31f8365-5342-44bf-9b5d-079ed3ca9c49', '9fd8bed1-14f1-48d1-9f3e-2ab59e6cd047', '8b06be12-66bb-492f-a93f-a3a733f8cd35', '6d7a0280-4521-45b6-9add-06c62284121d', '029a4234-3d00-4b2f-b939-f89b9eede59d', '1', '{1/6,2/6,3/6,4/6,5/6}', '{1/6,2/6,3/6,4/6,5/6}', '2011-01-12 10:56:24+00', '2011-01-12 10:56:24+00');
INSERT INTO "fascicles_pages" VALUES ('d321e33a-1c29-4812-8ff3-624767032113', '9fd8bed1-14f1-48d1-9f3e-2ab59e6cd047', '4964960d-d8d0-4857-85d4-09489a743002', 'f04e0e17-9e7e-442f-97cd-646a3c241e29', 'dea8836a-3cfa-42f8-af63-1da43575c6e1', '8', '{1/6,2/6,3/6,4/6,5/6}', '{1/6,2/6,3/6,4/6,5/6}', '2011-01-12 11:58:00+00', '2011-01-12 11:58:00+00');
INSERT INTO "fascicles_pages" VALUES ('d44ab344-002c-4b92-bde9-fb1f85f2c008', '9fd8bed1-14f1-48d1-9f3e-2ab59e6cd047', '5703c5ae-2794-48a6-aa4e-8b19b37aca67', 'a3ecac24-ae39-4a30-89c0-7bee3ab10777', 'a16dfd8c-c4e9-4a61-a0d4-69337c648564', '7', '{1/6,2/6,3/6,4/6,5/6}', '{1/6,2/6,3/6,4/6,5/6}', '2011-02-08 08:36:30+00', '2011-02-08 08:36:30+00');
INSERT INTO "fascicles_pages" VALUES ('d61d179e-4a5c-4e7e-a06b-bfb59d6481c1', '9fd8bed1-14f1-48d1-9f3e-2ab59e6cd047', '5703c5ae-2794-48a6-aa4e-8b19b37aca67', 'a3ecac24-ae39-4a30-89c0-7bee3ab10777', 'a16dfd8c-c4e9-4a61-a0d4-69337c648564', '8', '{1/6,2/6,3/6,4/6,5/6}', '{1/6,2/6,3/6,4/6,5/6}', '2011-02-08 08:36:30+00', '2011-02-08 08:36:30+00');
INSERT INTO "fascicles_pages" VALUES ('db67bdd1-b58e-45af-bbbd-70faab86a889', '9fd8bed1-14f1-48d1-9f3e-2ab59e6cd047', '4964960d-d8d0-4857-85d4-09489a743002', 'f04e0e17-9e7e-442f-97cd-646a3c241e29', 'dea8836a-3cfa-42f8-af63-1da43575c6e1', '2', '{1/6,2/6,3/6,4/6,5/6}', '{1/6,2/6,3/6,4/6,5/6}', '2011-01-12 11:16:34+00', '2011-01-12 11:16:34+00');
INSERT INTO "fascicles_pages" VALUES ('dbedc9d8-06a7-41d2-be65-2ae8c9bcbee2', '9fd8bed1-14f1-48d1-9f3e-2ab59e6cd047', 'ba81e912-fa59-455e-ad0b-428cb7bcabbe', '07b1d541-8bb9-4245-990a-dc0af916ddbf', '814805c5-20fe-4103-b630-8dd63e01e989', '7', '{1/6,2/6,3/6,4/6,5/6}', '{1/6,2/6,3/6,4/6,5/6}', '2011-02-21 09:38:38+00', '2011-02-21 09:38:38+00');
INSERT INTO "fascicles_pages" VALUES ('e128fffc-b862-437e-8e12-a6f7ef126603', '9fd8bed1-14f1-48d1-9f3e-2ab59e6cd047', 'ba81e912-fa59-455e-ad0b-428cb7bcabbe', '07b1d541-8bb9-4245-990a-dc0af916ddbf', '814805c5-20fe-4103-b630-8dd63e01e989', '3', '{1/6,2/6,3/6,4/6,5/6}', '{1/6,2/6,3/6,4/6,5/6}', '2011-02-21 09:38:38+00', '2011-02-21 09:38:38+00');
INSERT INTO "fascicles_pages" VALUES ('e2960525-21ad-4eee-949a-44f3512229fa', '9fd8bed1-14f1-48d1-9f3e-2ab59e6cd047', '4964960d-d8d0-4857-85d4-09489a743002', 'f04e0e17-9e7e-442f-97cd-646a3c241e29', 'dea8836a-3cfa-42f8-af63-1da43575c6e1', '3', '{1/6,2/6,3/6,4/6,5/6}', '{1/6,2/6,3/6,4/6,5/6}', '2011-01-12 11:16:34+00', '2011-01-12 11:16:34+00');
INSERT INTO "fascicles_pages" VALUES ('e3312468-e1db-484f-ad20-f7c30bfcfb12', '9fd8bed1-14f1-48d1-9f3e-2ab59e6cd047', 'ba81e912-fa59-455e-ad0b-428cb7bcabbe', '07b1d541-8bb9-4245-990a-dc0af916ddbf', '814805c5-20fe-4103-b630-8dd63e01e989', '4', '{1/6,2/6,3/6,4/6,5/6}', '{1/6,2/6,3/6,4/6,5/6}', '2011-02-21 09:38:38+00', '2011-02-21 09:38:38+00');
INSERT INTO "fascicles_pages" VALUES ('e9200abd-b6b5-4d79-9d2a-92f16436ba8b', '9fd8bed1-14f1-48d1-9f3e-2ab59e6cd047', 'c979190a-02cb-4c0a-a194-08abfe18f1df', 'ad58a202-8e2f-4a2d-8fa9-851e2c5a93d3', '774cbd79-1480-46c2-850d-e433d4cc4800', '4', '{1/6,2/6,3/6,4/6,5/6}', '{1/6,2/6,3/6,4/6,5/6}', '2011-02-18 12:22:20+00', '2011-02-18 12:22:20+00');
INSERT INTO "fascicles_pages" VALUES ('eef728e3-accc-40f8-914e-4cea3cbe1851', '57ea720b-39fb-4e96-bcb6-ae3ebf6d474b', 'ac28dc67-2bca-400f-906b-a6816f626468', '99ef66d3-2410-4dfd-b31f-00af20561f05', '2f56e453-6c01-4409-ae62-30706edfe34c', '10', '{1/6,2/6,3/6,4/6,5/6}', '{1/6,2/6,3/6,4/6,5/6}', '2011-01-21 10:35:03+00', '2011-01-21 10:35:03+00');
INSERT INTO "fascicles_pages" VALUES ('f404cd62-5055-45ad-8ff2-9ee1a36d24d4', '9fd8bed1-14f1-48d1-9f3e-2ab59e6cd047', '4964960d-d8d0-4857-85d4-09489a743002', 'f04e0e17-9e7e-442f-97cd-646a3c241e29', 'dea8836a-3cfa-42f8-af63-1da43575c6e1', '6', '{1/6,2/6,3/6,4/6,5/6}', '{1/6,2/6,3/6,4/6,5/6}', '2011-01-12 11:16:34+00', '2011-01-12 11:16:34+00');
INSERT INTO "fascicles_pages" VALUES ('f467e3d4-ab72-49a4-9bee-7773dc2a324f', '9fd8bed1-14f1-48d1-9f3e-2ab59e6cd047', '14f3a987-c6c8-4aa0-b4c4-3c9c4ca47f61', '5a8b8f85-cedf-4cea-ae71-57042a46132d', '367ae01f-eb22-4e25-a89a-0521dd649af6', '1', '{1/6,2/6,3/6,4/6,5/6}', '{1/6,2/6,3/6,4/6,5/6}', '2011-01-11 10:36:33+00', '2011-01-11 10:36:33+00');
INSERT INTO "fascicles_pages" VALUES ('fb471b2d-e110-46eb-b917-549f08c37486', '57ea720b-39fb-4e96-bcb6-ae3ebf6d474b', 'ac28dc67-2bca-400f-906b-a6816f626468', '99ef66d3-2410-4dfd-b31f-00af20561f05', '2f56e453-6c01-4409-ae62-30706edfe34c', '9', '{1/6,2/6,3/6,4/6,5/6}', '{1/6,2/6,3/6,4/6,5/6}', '2011-01-21 10:35:03+00', '2011-01-21 10:35:03+00');
COMMIT;

-- ----------------------------
-- Records of fascicles_requests
-- ----------------------------
BEGIN;
INSERT INTO "fascicles_requests" VALUES ('0c300185-65be-4fea-a48d-ba0b1b3b443b', '4', '9fd8bed1-14f1-48d1-9f3e-2ab59e6cd047', 'f37ccf31-f9bf-4cf0-8945-6157e40ece01', '3d077190-ac9b-43f0-a556-13af72048e5b', '"МедиаКом СИС ГмбХ"', '20d9d854-a482-4fe7-9787-1f5964749ef0', '1', '39d40812-fc54-4342-9b98-e1c1f4222d22', 'Root', '1', '58d9af96-f506-4023-ac78-82587f603b5b', '1/1', '1', '0/1', '0/1', '1/1', '1/1', '6aa16c68-d886-4ef1-80ab-a9f59dea6199', '9', '9', '22222', 'Описание', 'reservation', 'no', 'no', 'no', '2011-01-12 08:55:27+00', '2011-01-12 08:55:27+00');
INSERT INTO "fascicles_requests" VALUES ('2a98a1b7-ef4e-4010-81cd-21451bb555b1', '5', '9fd8bed1-14f1-48d1-9f3e-2ab59e6cd047', '4964960d-d8d0-4857-85d4-09489a743002', '7a9bbe5a-d5db-46ce-9822-2d304c8223a5', 'За рулем', 'cd527cc1-c38d-4f6c-bdbf-33fa62c91d4a', '2', '39d40812-fc54-4342-9b98-e1c1f4222d22', 'Root', '1', '29b5e41a-f157-4249-a850-480196ef2e90', '1/1', '1', '0/1', '0/1', '1/1', '1/1', '3f27667d-2913-4638-bcf6-625cb23e9096', '10', '10', 'ппппппппппппппппп', 'Описание', 'active', 'no', 'on', 'no', '2011-01-12 12:31:42+00', '2011-01-12 12:31:42+00');
INSERT INTO "fascicles_requests" VALUES ('5a9d6de8-1e14-4ef6-94d2-e08f4c7e7f72', '1', '9fd8bed1-14f1-48d1-9f3e-2ab59e6cd047', 'ba81e912-fa59-455e-ad0b-428cb7bcabbe', 'a19f8a3e-833d-441a-9ed2-df5866dd7da2', 'СОРОКИН', 'f5bdff3a-be18-4ca8-8c1c-3b6c7615cd07', '2', 'b0e57330-1df3-4514-b983-e8aa1f8ece02', 'Журавская И.', '1', 'c2be4dc3-3b84-4d3d-8fb2-0330f97c3eeb', '1/1', '1', '0/1', '0/1', '1/1', '1/1', null, null, null, 'фылвдоаджлфыова123', 'Описание', 'possible', 'yes', 'on', 'no', '2011-02-21 09:43:37+00', '2011-02-21 09:43:37+00');
INSERT INTO "fascicles_requests" VALUES ('5d76b0d6-c44c-4733-aeef-47874f35f468', '8', '9fd8bed1-14f1-48d1-9f3e-2ab59e6cd047', '4964960d-d8d0-4857-85d4-09489a743002', 'a19f8a3e-833d-441a-9ed2-df5866dd7da2', 'СОРОКИН', 'cd527cc1-c38d-4f6c-bdbf-33fa62c91d4a', '2', 'b0e57330-1df3-4514-b983-e8aa1f8ece02', 'Журавская И.', '1', '29b5e41a-f157-4249-a850-480196ef2e90', '1/1', '1', '0/1', '0/1', '1/1', '1/1', 'c93214d9-6ebc-4296-b714-75f9da953ac5', '', null, '121212', 'Описание', 'active', 'no', 'on', 'no', '2011-01-12 15:40:54+00', '2011-01-12 15:40:54+00');
INSERT INTO "fascicles_requests" VALUES ('6c9e9353-e6f6-4507-87ec-457b6629c337', '2', '9fd8bed1-14f1-48d1-9f3e-2ab59e6cd047', '14f3a987-c6c8-4aa0-b4c4-3c9c4ca47f61', '451ffe3c-60be-40e6-bb69-478381b2af9d', 'Книжное издательство', '1f437380-0658-484d-b4a1-c6a8dc742008', '2', 'b0e57330-1df3-4514-b983-e8aa1f8ece02', 'Журавская И.', '2', '30ba340e-0dd6-4540-99f1-ebc616ebbff9', '2/1', '2', '0/1', '0/1', '1/1', '1/1', '374e7627-2ad3-40c8-ae01-a461bf4f59b2', '', null, '444', 'Описание', 'possible', 'yes', 'on', 'no', '2011-01-11 10:48:38+00', '2011-01-11 10:48:38+00');
INSERT INTO "fascicles_requests" VALUES ('6d631554-0937-4db4-8cff-1045e0b49932', '6', '9fd8bed1-14f1-48d1-9f3e-2ab59e6cd047', '4964960d-d8d0-4857-85d4-09489a743002', '881686d6-7c30-4e12-b16a-95bac0a91536', 'МОТО', 'cd527cc1-c38d-4f6c-bdbf-33fa62c91d4a', '2', '39d40812-fc54-4342-9b98-e1c1f4222d22', 'Root', '2', 'bbaff05a-1f0b-4fe2-89f7-c57c6cbf51d6', '2/1', '2', '0/1', '0/1', '1/1', '1/1', 'fc3918c8-3c27-4da6-bd60-2daefdb90c35', '2,3', '2', '22222', 'Описание', 'reservation', 'no', 'no', 'no', '2011-01-12 12:35:58+00', '2011-01-12 12:35:58+00');
INSERT INTO "fascicles_requests" VALUES ('fcc9b031-b88c-4376-afc6-31bc354a0eb9', '3', '9fd8bed1-14f1-48d1-9f3e-2ab59e6cd047', '14f3a987-c6c8-4aa0-b4c4-3c9c4ca47f61', '3595a2b7-f1a0-4ebb-82a6-913a24ed0eed', 'Торговый Дом', '1f437380-0658-484d-b4a1-c6a8dc742008', '2', 'b0e57330-1df3-4514-b983-e8aa1f8ece02', 'Журавская И.', '1', 'af0166d9-c421-44b6-b119-55a08d6367f1', '1/1', '1', '0/1', '0/1', '1/1', '1/1', 'f5d40f68-5838-4eab-a15f-5adc35c2eb3d', '5', '5', '888', '888', 'active', 'no', 'on', 'no', '2011-01-11 10:58:39+00', '2011-01-11 10:58:39+00');
INSERT INTO "fascicles_requests" VALUES ('fecf8a89-dbc2-48eb-aea4-883fd599e7a7', '14', '9fd8bed1-14f1-48d1-9f3e-2ab59e6cd047', '5703c5ae-2794-48a6-aa4e-8b19b37aca67', '3d077190-ac9b-43f0-a556-13af72048e5b', '"МедиаКом СИС ГмбХ"', '2b4171f6-5022-47f5-a73e-3b1e511f6b7d', '2', '39d40812-fc54-4342-9b98-e1c1f4222d22', 'Root', '1', 'e7e30324-2069-4fb4-8d9f-636a72551027', '1/1', '1', '0/1', '0/1', '1/1', '1/1', null, null, null, '1 //', '33333', 'active', 'no', 'on', 'no', '2011-02-08 08:39:08+00', '2011-02-08 08:39:08+00');
COMMIT;

-- ----------------------------
-- Records of fascicles_tmpl_index
-- ----------------------------
BEGIN;
INSERT INTO "fascicles_tmpl_index" VALUES ('004489b4-35d4-4f0c-8c50-7cc7e98ebb7a', '9fd8bed1-14f1-48d1-9f3e-2ab59e6cd047', '5703c5ae-2794-48a6-aa4e-8b19b37aca67', '2b4171f6-5022-47f5-a73e-3b1e511f6b7d', 'headline', '84fe7d11-5595-4258-aac0-aa25ea0e8df1', '2011-02-08 08:36:06+00', '2011-02-08 08:36:06+00');
INSERT INTO "fascicles_tmpl_index" VALUES ('00fae999-2751-491b-bd5c-d4c55276905b', '9fd8bed1-14f1-48d1-9f3e-2ab59e6cd047', 'd391ac6b-02d1-498c-9a65-5a13fe1ec9ed', '9c40f64f-e753-47d8-a8a1-4ce0eabcb5cf', 'headline', '201fb6a2-937f-44f1-a383-d05611d82a9c', '2011-01-19 10:13:55+00', '2011-01-19 10:13:55+00');
INSERT INTO "fascicles_tmpl_index" VALUES ('0164385c-dff2-45d1-a6cc-1a02d23a217f', '9fd8bed1-14f1-48d1-9f3e-2ab59e6cd047', 'ba81e912-fa59-455e-ad0b-428cb7bcabbe', 'f5bdff3a-be18-4ca8-8c1c-3b6c7615cd07', 'headline', 'b44b5a98-9de1-47cb-b0c4-e7ba3f60f849', '2011-02-21 09:38:05+00', '2011-02-21 09:38:05+00');
INSERT INTO "fascicles_tmpl_index" VALUES ('02666595-9900-4063-88d0-7ce2539380f8', '9fd8bed1-14f1-48d1-9f3e-2ab59e6cd047', '4964960d-d8d0-4857-85d4-09489a743002', 'cd527cc1-c38d-4f6c-bdbf-33fa62c91d4a', 'headline', '44fc98d2-1586-457a-955e-0a57349e851d', '2011-01-12 11:16:55+00', '2011-01-12 11:16:55+00');
INSERT INTO "fascicles_tmpl_index" VALUES ('02d3c692-a701-4bd5-9196-787a66d2d587', '9fd8bed1-14f1-48d1-9f3e-2ab59e6cd047', 'ed8069dc-203d-4c36-a2ff-8d10e8448d90', 'ea5d3c64-e1fa-4c29-9e03-283964efac07', 'headline', '037c3c15-5ef7-4263-8048-0ab786f233d4', '2011-01-12 13:54:40+00', '2011-01-12 13:54:40+00');
INSERT INTO "fascicles_tmpl_index" VALUES ('02f0d865-4b8e-4777-9f16-1fa8acf68d5f', '9fd8bed1-14f1-48d1-9f3e-2ab59e6cd047', '5703c5ae-2794-48a6-aa4e-8b19b37aca67', '2b4171f6-5022-47f5-a73e-3b1e511f6b7d', 'headline', '2f58180f-26b7-4884-99fa-70bdbe25be49', '2011-02-08 08:36:06+00', '2011-02-08 08:36:06+00');
INSERT INTO "fascicles_tmpl_index" VALUES ('0302ab27-2e41-455f-bb6b-673d60c4dcdf', '9fd8bed1-14f1-48d1-9f3e-2ab59e6cd047', 'f37ccf31-f9bf-4cf0-8945-6157e40ece01', '20d9d854-a482-4fe7-9787-1f5964749ef0', 'headline', '80eb94dd-be73-45bf-8a22-197879df18b0', '2011-01-12 08:54:42+00', '2011-01-12 08:54:42+00');
INSERT INTO "fascicles_tmpl_index" VALUES ('05913a0e-f191-4131-85c9-eebfc348220f', '9fd8bed1-14f1-48d1-9f3e-2ab59e6cd047', 'ba81e912-fa59-455e-ad0b-428cb7bcabbe', 'f5bdff3a-be18-4ca8-8c1c-3b6c7615cd07', 'headline', '068529fb-e575-4b13-967f-6e2c38731356', '2011-02-21 09:38:05+00', '2011-02-21 09:38:05+00');
INSERT INTO "fascicles_tmpl_index" VALUES ('0770f4fe-c151-4ae8-a5e1-80db7044463a', '9fd8bed1-14f1-48d1-9f3e-2ab59e6cd047', 'd391ac6b-02d1-498c-9a65-5a13fe1ec9ed', '9c40f64f-e753-47d8-a8a1-4ce0eabcb5cf', 'headline', '81586bb9-e58c-4646-8dee-e8ad40deff3a', '2011-01-19 10:13:55+00', '2011-01-19 10:13:55+00');
INSERT INTO "fascicles_tmpl_index" VALUES ('07ad3d91-2d31-478e-940a-ce1e03a9f260', '9fd8bed1-14f1-48d1-9f3e-2ab59e6cd047', 'c979190a-02cb-4c0a-a194-08abfe18f1df', '660c4f5c-7361-43d0-a2b2-97cbd787a5b6', 'headline', 'd04398a7-81df-476e-bd23-675eec8b569d', '2011-02-18 12:21:54+00', '2011-02-18 12:21:54+00');
INSERT INTO "fascicles_tmpl_index" VALUES ('07c8eaf2-aca6-4f3b-b54d-7c06ecf8938a', '9fd8bed1-14f1-48d1-9f3e-2ab59e6cd047', 'c979190a-02cb-4c0a-a194-08abfe18f1df', 'fa003aa9-74f8-4634-ae7b-5c9805e14405', 'headline', '7b817f93-957e-49e5-a457-b37db22f2acb', '2011-02-18 12:21:54+00', '2011-02-18 12:21:54+00');
INSERT INTO "fascicles_tmpl_index" VALUES ('0834810f-42fb-4e65-aa89-1b2128187ab5', '9fd8bed1-14f1-48d1-9f3e-2ab59e6cd047', '4964960d-d8d0-4857-85d4-09489a743002', 'cd527cc1-c38d-4f6c-bdbf-33fa62c91d4a', 'headline', '3fab8296-f6eb-42a0-878b-d9b36e814aed', '2011-01-12 11:16:55+00', '2011-01-12 11:16:55+00');
INSERT INTO "fascicles_tmpl_index" VALUES ('085aa526-7c68-4e62-95c9-f1912f0cf4ce', '9fd8bed1-14f1-48d1-9f3e-2ab59e6cd047', 'c747d89d-4941-491f-b0f8-bd967116dd93', 'f62af95c-3e4e-45c0-aa3e-0220fb86cf62', 'module', '2ec5a317-b5e5-48a7-abee-4dd496f37182', '2011-01-21 10:27:15+00', '2011-01-21 10:27:15+00');
INSERT INTO "fascicles_tmpl_index" VALUES ('0908c2db-6054-4f11-856f-dbf9d2c9f77b', '9fd8bed1-14f1-48d1-9f3e-2ab59e6cd047', 'f37ccf31-f9bf-4cf0-8945-6157e40ece01', '20d9d854-a482-4fe7-9787-1f5964749ef0', 'module', '3a7e5545-b87f-4645-bfa7-f3ff3d55dbee', '2011-01-12 08:54:37+00', '2011-01-12 08:54:37+00');
INSERT INTO "fascicles_tmpl_index" VALUES ('0965b1e4-612b-4c70-adaa-a8b81a135b10', '9fd8bed1-14f1-48d1-9f3e-2ab59e6cd047', '0b1e2add-e10f-4b5a-bb2d-08fa18a32cd6', '9d9cd0d3-1229-42cf-a8e1-20c07d881392', 'headline', '26e18164-ccf6-4154-ac39-a5ab9f62f188', '2011-02-18 07:49:49+00', '2011-02-18 07:49:49+00');
INSERT INTO "fascicles_tmpl_index" VALUES ('0a4ec33b-a986-4c3f-871c-f58240f4386d', '9fd8bed1-14f1-48d1-9f3e-2ab59e6cd047', 'ed8069dc-203d-4c36-a2ff-8d10e8448d90', 'e1a2b669-13f4-411f-adc4-b19452ef1283', 'module', '33797bf3-69d5-4980-b294-b5dd298b3bc5', '2011-01-12 13:54:40+00', '2011-01-12 13:54:40+00');
INSERT INTO "fascicles_tmpl_index" VALUES ('0b9f6ffa-f8ea-4210-b6d5-141cf6c00769', '9fd8bed1-14f1-48d1-9f3e-2ab59e6cd047', '11e06c53-6428-4767-a153-cbc65c961a09', 'ccfe600c-cb75-4372-a0c5-6cdc210fdf99', 'headline', 'ebb230c2-11b8-403e-b877-7651ae63d61b', '2011-01-13 05:19:50+00', '2011-01-13 05:19:50+00');
INSERT INTO "fascicles_tmpl_index" VALUES ('0cef2116-bdad-4b82-b493-5f84b0c42779', '9fd8bed1-14f1-48d1-9f3e-2ab59e6cd047', '4a2e10f0-6093-4928-8017-d7b71b7cab34', '9fbc04a2-dceb-4285-b872-391f7af871ef', 'headline', '31aa5445-697f-43af-8fd2-6d4868e4de72', '2011-01-20 13:09:31+00', '2011-01-20 13:09:31+00');
INSERT INTO "fascicles_tmpl_index" VALUES ('0d87813f-a8cd-4693-bc45-f3edfca7a19c', '9fd8bed1-14f1-48d1-9f3e-2ab59e6cd047', '0b1e2add-e10f-4b5a-bb2d-08fa18a32cd6', '9d9cd0d3-1229-42cf-a8e1-20c07d881392', 'module', 'ccd3fd15-0fd4-48d9-9031-e834aeee83cb', '2011-02-18 07:49:49+00', '2011-02-18 07:49:49+00');
INSERT INTO "fascicles_tmpl_index" VALUES ('12606785-c4f6-447e-a9a9-750ab154cff8', '9fd8bed1-14f1-48d1-9f3e-2ab59e6cd047', '5703c5ae-2794-48a6-aa4e-8b19b37aca67', '2b4171f6-5022-47f5-a73e-3b1e511f6b7d', 'module', 'e7e30324-2069-4fb4-8d9f-636a72551027', '2011-02-08 08:36:06+00', '2011-02-08 08:36:06+00');
INSERT INTO "fascicles_tmpl_index" VALUES ('140c0a7c-6512-4b8e-9888-d68440ad3a07', '9fd8bed1-14f1-48d1-9f3e-2ab59e6cd047', 'ed8069dc-203d-4c36-a2ff-8d10e8448d90', 'ea5d3c64-e1fa-4c29-9e03-283964efac07', 'headline', '4215eef8-8250-4efc-a849-dbff566d7ec7', '2011-01-12 13:54:40+00', '2011-01-12 13:54:40+00');
INSERT INTO "fascicles_tmpl_index" VALUES ('164adb9e-d582-471a-86c5-872d24a8ed56', '9fd8bed1-14f1-48d1-9f3e-2ab59e6cd047', '5703c5ae-2794-48a6-aa4e-8b19b37aca67', '2b4171f6-5022-47f5-a73e-3b1e511f6b7d', 'headline', '81b2e772-a8ec-45ed-b2a8-8f473ee69f2a', '2011-02-08 08:36:06+00', '2011-02-08 08:36:06+00');
INSERT INTO "fascicles_tmpl_index" VALUES ('1b574459-f929-4aa3-9207-25aa9ab47291', '9fd8bed1-14f1-48d1-9f3e-2ab59e6cd047', '5703c5ae-2794-48a6-aa4e-8b19b37aca67', '7bd5f0a1-b17d-4261-836a-cf4349a6f869', 'headline', '81b2e772-a8ec-45ed-b2a8-8f473ee69f2a', '2011-02-08 08:36:06+00', '2011-02-08 08:36:06+00');
INSERT INTO "fascicles_tmpl_index" VALUES ('1c126be5-c4d0-4c15-a411-43df5741c1f5', '9fd8bed1-14f1-48d1-9f3e-2ab59e6cd047', '5703c5ae-2794-48a6-aa4e-8b19b37aca67', '2b4171f6-5022-47f5-a73e-3b1e511f6b7d', 'module', 'd767cd18-aaad-470b-a5a9-4b2ceac7ac94', '2011-02-08 08:36:06+00', '2011-02-08 08:36:06+00');
INSERT INTO "fascicles_tmpl_index" VALUES ('1d602368-b700-4937-8c28-7bb2309bb86d', '9fd8bed1-14f1-48d1-9f3e-2ab59e6cd047', 'c979190a-02cb-4c0a-a194-08abfe18f1df', '660c4f5c-7361-43d0-a2b2-97cbd787a5b6', 'headline', '774cbd79-1480-46c2-850d-e433d4cc4800', '2011-02-18 12:21:54+00', '2011-02-18 12:21:54+00');
INSERT INTO "fascicles_tmpl_index" VALUES ('1d9072fa-b21f-40bf-8a56-15cccae88327', '9fd8bed1-14f1-48d1-9f3e-2ab59e6cd047', 'ba81e912-fa59-455e-ad0b-428cb7bcabbe', 'f5bdff3a-be18-4ca8-8c1c-3b6c7615cd07', 'headline', '58568d43-2e9c-440a-a0be-bed20c8c229c', '2011-02-21 09:38:05+00', '2011-02-21 09:38:05+00');
INSERT INTO "fascicles_tmpl_index" VALUES ('1fe4c7b7-def3-4fd0-9425-11fe8794e645', '9fd8bed1-14f1-48d1-9f3e-2ab59e6cd047', 'f37ccf31-f9bf-4cf0-8945-6157e40ece01', '20d9d854-a482-4fe7-9787-1f5964749ef0', 'headline', 'a2216046-05f4-4121-83b6-bfcfc6e0d47a', '2011-01-12 08:54:42+00', '2011-01-12 08:54:42+00');
INSERT INTO "fascicles_tmpl_index" VALUES ('21b44b66-85ef-4ed9-b7e4-69cf36ad45f3', '9fd8bed1-14f1-48d1-9f3e-2ab59e6cd047', 'c979190a-02cb-4c0a-a194-08abfe18f1df', '660c4f5c-7361-43d0-a2b2-97cbd787a5b6', 'headline', '03c1f491-2228-4b2d-8941-282246fd3b10', '2011-02-18 12:21:54+00', '2011-02-18 12:21:54+00');
INSERT INTO "fascicles_tmpl_index" VALUES ('23979ea6-ea4f-4d2f-aad6-130d8b249e56', '9fd8bed1-14f1-48d1-9f3e-2ab59e6cd047', '14f3a987-c6c8-4aa0-b4c4-3c9c4ca47f61', '5729e1d8-fb0c-40c7-9d30-824b2136e5fa', 'headline', '367ae01f-eb22-4e25-a89a-0521dd649af6', '2011-01-11 10:28:52+00', '2011-01-11 10:28:52+00');
INSERT INTO "fascicles_tmpl_index" VALUES ('23f6072f-dd38-4ee6-bf46-0ebbbb176de9', '9fd8bed1-14f1-48d1-9f3e-2ab59e6cd047', '5703c5ae-2794-48a6-aa4e-8b19b37aca67', '7bd5f0a1-b17d-4261-836a-cf4349a6f869', 'module', 'e7e30324-2069-4fb4-8d9f-636a72551027', '2011-02-08 08:36:06+00', '2011-02-08 08:36:06+00');
INSERT INTO "fascicles_tmpl_index" VALUES ('24a7e17f-580f-4078-bc81-f65f04dd6d84', '9fd8bed1-14f1-48d1-9f3e-2ab59e6cd047', '4964960d-d8d0-4857-85d4-09489a743002', 'cd527cc1-c38d-4f6c-bdbf-33fa62c91d4a', 'headline', 'dea8836a-3cfa-42f8-af63-1da43575c6e1', '2011-01-12 11:16:55+00', '2011-01-12 11:16:55+00');
INSERT INTO "fascicles_tmpl_index" VALUES ('25def70d-8c08-419a-88c3-4d5f14dc94b0', '9fd8bed1-14f1-48d1-9f3e-2ab59e6cd047', 'd391ac6b-02d1-498c-9a65-5a13fe1ec9ed', '2f6e3faa-1396-40f0-84df-425934c4fdd8', 'headline', '42848223-3a2b-47e3-9b53-a04ee6fd8d11', '2011-01-19 10:13:55+00', '2011-01-19 10:13:55+00');
INSERT INTO "fascicles_tmpl_index" VALUES ('2612c57f-adbd-4efd-ad22-babd51c63bea', '9fd8bed1-14f1-48d1-9f3e-2ab59e6cd047', '11e06c53-6428-4767-a153-cbc65c961a09', 'ccfe600c-cb75-4372-a0c5-6cdc210fdf99', 'module', 'e07482b8-ae67-45a4-8012-0d2b89463913', '2011-01-13 05:19:50+00', '2011-01-13 05:19:50+00');
INSERT INTO "fascicles_tmpl_index" VALUES ('278698a6-20f2-4a29-9ed0-8c149c8c80d0', '9fd8bed1-14f1-48d1-9f3e-2ab59e6cd047', '4a2e10f0-6093-4928-8017-d7b71b7cab34', '9fbc04a2-dceb-4285-b872-391f7af871ef', 'headline', 'c0eb34e0-5b85-45d4-995f-990b24ac9760', '2011-01-20 13:09:31+00', '2011-01-20 13:09:31+00');
INSERT INTO "fascicles_tmpl_index" VALUES ('29c0cb9d-953d-4813-b7b8-2001e32bc756', '9fd8bed1-14f1-48d1-9f3e-2ab59e6cd047', '4964960d-d8d0-4857-85d4-09489a743002', 'cd527cc1-c38d-4f6c-bdbf-33fa62c91d4a', 'headline', 'b1632c57-7978-4401-844b-da4299dfdd9d', '2011-01-12 11:16:56+00', '2011-01-12 11:16:56+00');
INSERT INTO "fascicles_tmpl_index" VALUES ('2eb0b61f-1f06-44a6-8551-1bee1f736f42', '9fd8bed1-14f1-48d1-9f3e-2ab59e6cd047', 'f37ccf31-f9bf-4cf0-8945-6157e40ece01', '20d9d854-a482-4fe7-9787-1f5964749ef0', 'headline', '1b86a135-d45f-4f00-9d17-2577ec6fe364', '2011-01-12 08:54:42+00', '2011-01-12 08:54:42+00');
INSERT INTO "fascicles_tmpl_index" VALUES ('30cae510-18e2-4220-a842-a2b7e75dbdd1', '9fd8bed1-14f1-48d1-9f3e-2ab59e6cd047', '4964960d-d8d0-4857-85d4-09489a743002', '9368956b-718f-4391-a4c1-f1df923bda74', 'headline', '95640819-f758-4992-9ac8-b41a4e040695', '2011-01-12 11:16:05+00', '2011-01-12 11:16:05+00');
INSERT INTO "fascicles_tmpl_index" VALUES ('315025c4-c55f-41c5-aa49-fe03376adf8a', '9fd8bed1-14f1-48d1-9f3e-2ab59e6cd047', 'ba81e912-fa59-455e-ad0b-428cb7bcabbe', 'f5bdff3a-be18-4ca8-8c1c-3b6c7615cd07', 'headline', 'd7831d4c-af4a-4524-9e05-67e8d34a4830', '2011-02-21 09:38:05+00', '2011-02-21 09:38:05+00');
INSERT INTO "fascicles_tmpl_index" VALUES ('31835604-3ebd-4361-821f-831f594f7e99', '9fd8bed1-14f1-48d1-9f3e-2ab59e6cd047', 'd391ac6b-02d1-498c-9a65-5a13fe1ec9ed', '9c40f64f-e753-47d8-a8a1-4ce0eabcb5cf', 'headline', '26d80504-1037-4f9f-950f-2e8d2e86baab', '2011-01-19 10:13:55+00', '2011-01-19 10:13:55+00');
INSERT INTO "fascicles_tmpl_index" VALUES ('324d4b4c-3d11-4184-87ef-7da5e76e8cd9', '9fd8bed1-14f1-48d1-9f3e-2ab59e6cd047', 'f37ccf31-f9bf-4cf0-8945-6157e40ece01', '20d9d854-a482-4fe7-9787-1f5964749ef0', 'module', '58d9af96-f506-4023-ac78-82587f603b5b', '2011-01-12 08:54:37+00', '2011-01-12 08:54:37+00');
INSERT INTO "fascicles_tmpl_index" VALUES ('35f93aa2-a6e9-4381-8c37-06783aaae38e', '9fd8bed1-14f1-48d1-9f3e-2ab59e6cd047', '4964960d-d8d0-4857-85d4-09489a743002', 'cd527cc1-c38d-4f6c-bdbf-33fa62c91d4a', 'module', 'e4a74f39-d7ff-4cb5-8a69-29ca52014bd9', '2011-01-12 15:07:24+00', '2011-01-12 15:07:24+00');
INSERT INTO "fascicles_tmpl_index" VALUES ('380eb681-c9ba-4733-ae5a-3c77a1bc525b', '9fd8bed1-14f1-48d1-9f3e-2ab59e6cd047', '11e06c53-6428-4767-a153-cbc65c961a09', 'ccfe600c-cb75-4372-a0c5-6cdc210fdf99', 'headline', 'a80e9729-34a7-406a-b9c0-4eb37553a5b4', '2011-01-13 05:19:50+00', '2011-01-13 05:19:50+00');
INSERT INTO "fascicles_tmpl_index" VALUES ('38137b9e-b10f-4edd-a8c4-d2afeff9639d', '9fd8bed1-14f1-48d1-9f3e-2ab59e6cd047', '14f3a987-c6c8-4aa0-b4c4-3c9c4ca47f61', '5729e1d8-fb0c-40c7-9d30-824b2136e5fa', 'module', 'af0166d9-c421-44b6-b119-55a08d6367f1', '2011-01-11 10:46:52+00', '2011-01-11 10:46:52+00');
INSERT INTO "fascicles_tmpl_index" VALUES ('386f1cf9-9b9d-4b9d-ae9f-72ba46b1ed74', '9fd8bed1-14f1-48d1-9f3e-2ab59e6cd047', 'ba81e912-fa59-455e-ad0b-428cb7bcabbe', 'f5bdff3a-be18-4ca8-8c1c-3b6c7615cd07', 'headline', '1d034ff1-1dc6-4086-a50b-72aec5bb623d', '2011-02-21 09:38:05+00', '2011-02-21 09:38:05+00');
INSERT INTO "fascicles_tmpl_index" VALUES ('38c489f2-0635-4283-8ce5-bc3707912f65', '9fd8bed1-14f1-48d1-9f3e-2ab59e6cd047', 'ba81e912-fa59-455e-ad0b-428cb7bcabbe', 'f5bdff3a-be18-4ca8-8c1c-3b6c7615cd07', 'headline', '4152463a-214f-4eb1-b4f6-6102156ef554', '2011-02-21 09:38:05+00', '2011-02-21 09:38:05+00');
INSERT INTO "fascicles_tmpl_index" VALUES ('40bb610d-be8d-462d-9c51-f6a63c4e30b7', '9fd8bed1-14f1-48d1-9f3e-2ab59e6cd047', 'ba81e912-fa59-455e-ad0b-428cb7bcabbe', '0840d0db-4daf-443c-8816-49cf00bd34aa', 'headline', 'cd502ae5-57d7-46a1-b35e-a8aa14910edf', '2011-02-21 09:38:05+00', '2011-02-21 09:38:05+00');
INSERT INTO "fascicles_tmpl_index" VALUES ('45aa658c-27a2-4e0f-8c8a-b132b351b2d2', '9fd8bed1-14f1-48d1-9f3e-2ab59e6cd047', 'ed8069dc-203d-4c36-a2ff-8d10e8448d90', 'ea5d3c64-e1fa-4c29-9e03-283964efac07', 'headline', '26159617-828d-4907-99c3-2e2fb77857fc', '2011-01-12 13:54:40+00', '2011-01-12 13:54:40+00');
INSERT INTO "fascicles_tmpl_index" VALUES ('48605499-889f-4c19-bd63-885b3540864a', '9fd8bed1-14f1-48d1-9f3e-2ab59e6cd047', 'c979190a-02cb-4c0a-a194-08abfe18f1df', '660c4f5c-7361-43d0-a2b2-97cbd787a5b6', 'headline', '08d43731-df77-46af-aedc-2f422ad9cc0d', '2011-02-18 12:21:54+00', '2011-02-18 12:21:54+00');
INSERT INTO "fascicles_tmpl_index" VALUES ('4c4ea2a3-6f48-496d-9fa1-2c39dab22659', '9fd8bed1-14f1-48d1-9f3e-2ab59e6cd047', 'c747d89d-4941-491f-b0f8-bd967116dd93', '2107f135-bbde-4699-965c-307b82df9b63', 'headline', '7949b636-d4d5-4180-94ec-a92bf55a2f18', '2011-01-21 10:27:15+00', '2011-01-21 10:27:15+00');
INSERT INTO "fascicles_tmpl_index" VALUES ('4d1b4101-cbaf-4a03-9d51-790b04057126', '9fd8bed1-14f1-48d1-9f3e-2ab59e6cd047', '14f3a987-c6c8-4aa0-b4c4-3c9c4ca47f61', '1f437380-0658-484d-b4a1-c6a8dc742008', 'headline', '95951029-ca4b-4ccc-82da-9cb1673f6221', '2011-01-11 10:28:44+00', '2011-01-11 10:28:44+00');
INSERT INTO "fascicles_tmpl_index" VALUES ('4e339ab7-b7a6-473b-9c28-5ff25d2efca7', '9fd8bed1-14f1-48d1-9f3e-2ab59e6cd047', '14f3a987-c6c8-4aa0-b4c4-3c9c4ca47f61', '1f437380-0658-484d-b4a1-c6a8dc742008', 'headline', 'd1bd7e30-137b-4b92-930e-67068ade31ca', '2011-01-11 10:28:44+00', '2011-01-11 10:28:44+00');
INSERT INTO "fascicles_tmpl_index" VALUES ('4fb47d50-d87c-4ea7-bfce-613aa6a739cb', '9fd8bed1-14f1-48d1-9f3e-2ab59e6cd047', '0b1e2add-e10f-4b5a-bb2d-08fa18a32cd6', '9d9cd0d3-1229-42cf-a8e1-20c07d881392', 'headline', '257e80f8-f068-4d16-af9f-95b6e968f652', '2011-02-18 07:49:49+00', '2011-02-18 07:49:49+00');
INSERT INTO "fascicles_tmpl_index" VALUES ('504dd2b0-80b9-4811-b12a-bc55b087b1d9', '9fd8bed1-14f1-48d1-9f3e-2ab59e6cd047', 'f37ccf31-f9bf-4cf0-8945-6157e40ece01', '20d9d854-a482-4fe7-9787-1f5964749ef0', 'headline', '877ce93c-8c6a-4155-87a0-5c80bc366f6c', '2011-01-12 08:54:42+00', '2011-01-12 08:54:42+00');
INSERT INTO "fascicles_tmpl_index" VALUES ('539e6eb2-0494-4445-bebe-bea48ef93f7f', '9fd8bed1-14f1-48d1-9f3e-2ab59e6cd047', '0b1e2add-e10f-4b5a-bb2d-08fa18a32cd6', '9d9cd0d3-1229-42cf-a8e1-20c07d881392', 'headline', '28e7e970-e943-452b-a949-50059ca65150', '2011-02-18 07:49:49+00', '2011-02-18 07:49:49+00');
INSERT INTO "fascicles_tmpl_index" VALUES ('5440169a-118b-4541-8e17-3d077ff2fff7', '9fd8bed1-14f1-48d1-9f3e-2ab59e6cd047', 'd391ac6b-02d1-498c-9a65-5a13fe1ec9ed', '9c40f64f-e753-47d8-a8a1-4ce0eabcb5cf', 'module', 'b070763c-5fd6-496d-9f99-dee68c65318e', '2011-01-19 10:13:55+00', '2011-01-19 10:13:55+00');
INSERT INTO "fascicles_tmpl_index" VALUES ('570c6a0d-4bff-4b0b-8d27-56d1a84a82e2', '9fd8bed1-14f1-48d1-9f3e-2ab59e6cd047', 'c747d89d-4941-491f-b0f8-bd967116dd93', '2107f135-bbde-4699-965c-307b82df9b63', 'headline', '683ffbf4-8482-42ab-bc5b-6ba6b15bbab1', '2011-01-21 10:27:15+00', '2011-01-21 10:27:15+00');
INSERT INTO "fascicles_tmpl_index" VALUES ('576f4832-13c0-4e44-8835-23fe4a49fb5e', '9fd8bed1-14f1-48d1-9f3e-2ab59e6cd047', 'c979190a-02cb-4c0a-a194-08abfe18f1df', '660c4f5c-7361-43d0-a2b2-97cbd787a5b6', 'headline', 'dc3c234b-05f8-4345-9d1f-1c80f22fe3a2', '2011-02-18 12:21:54+00', '2011-02-18 12:21:54+00');
INSERT INTO "fascicles_tmpl_index" VALUES ('59c89306-0719-4de9-bc61-d54454223d4f', '9fd8bed1-14f1-48d1-9f3e-2ab59e6cd047', 'ed8069dc-203d-4c36-a2ff-8d10e8448d90', 'ea5d3c64-e1fa-4c29-9e03-283964efac07', 'headline', '6f6fd8d1-30e7-47db-943d-0a2f3ccd7c63', '2011-01-12 13:54:40+00', '2011-01-12 13:54:40+00');
INSERT INTO "fascicles_tmpl_index" VALUES ('5a7b5370-2eb4-4ad5-bf25-4485dd00616f', '9fd8bed1-14f1-48d1-9f3e-2ab59e6cd047', '6d380486-c2d2-4f18-bfe1-5832d0081ab6', '6f0c1281-7d87-4478-b307-1b1906a7e5b5', 'headline', '15be9c9a-01c8-4aa9-8085-46574994e6b7', '2011-01-20 10:05:05+00', '2011-01-20 10:05:05+00');
INSERT INTO "fascicles_tmpl_index" VALUES ('5b5beee3-0f1b-4672-928b-9181c7a9b9c1', '9fd8bed1-14f1-48d1-9f3e-2ab59e6cd047', 'f37ccf31-f9bf-4cf0-8945-6157e40ece01', '20d9d854-a482-4fe7-9787-1f5964749ef0', 'headline', '550818c5-f9f4-4536-a71f-240eb02e9174', '2011-01-12 08:54:42+00', '2011-01-12 08:54:42+00');
INSERT INTO "fascicles_tmpl_index" VALUES ('5ce12b30-7bbf-4266-9ac2-29370532dec8', '9fd8bed1-14f1-48d1-9f3e-2ab59e6cd047', '0b1e2add-e10f-4b5a-bb2d-08fa18a32cd6', '97fdb338-9fe8-49b2-9da5-ff823f196e8e', 'headline', '28e7e970-e943-452b-a949-50059ca65150', '2011-02-18 07:49:49+00', '2011-02-18 07:49:49+00');
INSERT INTO "fascicles_tmpl_index" VALUES ('5e5705eb-cfa8-4760-9bb4-fa01819242af', '9fd8bed1-14f1-48d1-9f3e-2ab59e6cd047', 'c747d89d-4941-491f-b0f8-bd967116dd93', '2107f135-bbde-4699-965c-307b82df9b63', 'headline', '48a4e45a-fb02-4ed2-89b4-f43e947764eb', '2011-01-21 10:27:15+00', '2011-01-21 10:27:15+00');
INSERT INTO "fascicles_tmpl_index" VALUES ('606253cc-0d84-49a0-8cfe-70d510b3cd8f', '9fd8bed1-14f1-48d1-9f3e-2ab59e6cd047', '4964960d-d8d0-4857-85d4-09489a743002', '9368956b-718f-4391-a4c1-f1df923bda74', 'module', 'e4a74f39-d7ff-4cb5-8a69-29ca52014bd9', '2011-01-12 15:07:15+00', '2011-01-12 15:07:15+00');
INSERT INTO "fascicles_tmpl_index" VALUES ('61e88ffa-d675-40a8-afb7-ac502edeaa4d', '9fd8bed1-14f1-48d1-9f3e-2ab59e6cd047', 'ed8069dc-203d-4c36-a2ff-8d10e8448d90', 'ea5d3c64-e1fa-4c29-9e03-283964efac07', 'headline', 'ceef23d4-230f-4631-9e70-aeb753177087', '2011-01-12 13:54:40+00', '2011-01-12 13:54:40+00');
INSERT INTO "fascicles_tmpl_index" VALUES ('620d40b5-087b-44ff-b97e-c4d09e4d6415', '9fd8bed1-14f1-48d1-9f3e-2ab59e6cd047', 'd391ac6b-02d1-498c-9a65-5a13fe1ec9ed', '9c40f64f-e753-47d8-a8a1-4ce0eabcb5cf', 'headline', '72e2793c-9377-4110-95cc-b74e25505ceb', '2011-01-19 10:13:55+00', '2011-01-19 10:13:55+00');
INSERT INTO "fascicles_tmpl_index" VALUES ('6429d1e8-867e-4308-8a61-8a0effa84414', '9fd8bed1-14f1-48d1-9f3e-2ab59e6cd047', '0b1e2add-e10f-4b5a-bb2d-08fa18a32cd6', '9d9cd0d3-1229-42cf-a8e1-20c07d881392', 'headline', '864fb754-213c-461c-9aef-788dddd9c69d', '2011-02-18 07:49:49+00', '2011-02-18 07:49:49+00');
INSERT INTO "fascicles_tmpl_index" VALUES ('66360736-f24b-4abe-ae94-ea80ead7a008', '9fd8bed1-14f1-48d1-9f3e-2ab59e6cd047', 'f37ccf31-f9bf-4cf0-8945-6157e40ece01', '20d9d854-a482-4fe7-9787-1f5964749ef0', 'headline', 'd009f2ae-e01b-4867-989b-d61bb8927c5b', '2011-01-12 08:54:42+00', '2011-01-12 08:54:42+00');
INSERT INTO "fascicles_tmpl_index" VALUES ('68ab5031-38d3-4a9e-baf7-5ab979336502', '9fd8bed1-14f1-48d1-9f3e-2ab59e6cd047', '0b1e2add-e10f-4b5a-bb2d-08fa18a32cd6', '9d9cd0d3-1229-42cf-a8e1-20c07d881392', 'headline', '21eb8977-24ce-4175-914f-b30aa00bdd5b', '2011-02-18 07:49:49+00', '2011-02-18 07:49:49+00');
INSERT INTO "fascicles_tmpl_index" VALUES ('69e1d7bc-53e3-4768-a208-7318c6227fe0', '9fd8bed1-14f1-48d1-9f3e-2ab59e6cd047', '11e06c53-6428-4767-a153-cbc65c961a09', 'ccfe600c-cb75-4372-a0c5-6cdc210fdf99', 'headline', '7e05ba24-31d5-490c-bb1e-b50adb3d9a33', '2011-01-13 05:19:50+00', '2011-01-13 05:19:50+00');
INSERT INTO "fascicles_tmpl_index" VALUES ('6e2c2c27-5ba7-4b7e-bd85-9afe9b21e300', '9fd8bed1-14f1-48d1-9f3e-2ab59e6cd047', 'c979190a-02cb-4c0a-a194-08abfe18f1df', '660c4f5c-7361-43d0-a2b2-97cbd787a5b6', 'module', 'e6263437-b045-4109-bd65-46becbda43f8', '2011-02-18 12:21:54+00', '2011-02-18 12:21:54+00');
INSERT INTO "fascicles_tmpl_index" VALUES ('72fd3e12-08fd-4d5a-9184-66f3b246b63c', '9fd8bed1-14f1-48d1-9f3e-2ab59e6cd047', 'c979190a-02cb-4c0a-a194-08abfe18f1df', '660c4f5c-7361-43d0-a2b2-97cbd787a5b6', 'headline', '584dfaad-6b9a-4aae-907f-c327e4a93985', '2011-02-18 12:21:54+00', '2011-02-18 12:21:54+00');
INSERT INTO "fascicles_tmpl_index" VALUES ('74c4f6e9-0ab8-45f9-89fa-a53e7a4917ec', '9fd8bed1-14f1-48d1-9f3e-2ab59e6cd047', '4964960d-d8d0-4857-85d4-09489a743002', 'cd527cc1-c38d-4f6c-bdbf-33fa62c91d4a', 'module', '29b5e41a-f157-4249-a850-480196ef2e90', '2011-01-12 15:07:24+00', '2011-01-12 15:07:24+00');
INSERT INTO "fascicles_tmpl_index" VALUES ('76721c53-603a-4f63-8dee-8975c0c00ed6', '9fd8bed1-14f1-48d1-9f3e-2ab59e6cd047', '14f3a987-c6c8-4aa0-b4c4-3c9c4ca47f61', '5729e1d8-fb0c-40c7-9d30-824b2136e5fa', 'headline', 'cdfed752-68a2-4122-bf6f-24e2226c275c', '2011-01-11 10:28:52+00', '2011-01-11 10:28:52+00');
INSERT INTO "fascicles_tmpl_index" VALUES ('7760d7ab-16f9-49e5-90d7-0647988b4d62', '9fd8bed1-14f1-48d1-9f3e-2ab59e6cd047', '4a2e10f0-6093-4928-8017-d7b71b7cab34', '9fbc04a2-dceb-4285-b872-391f7af871ef', 'headline', '3f73a60e-8876-4916-a4ad-34b3a1e64107', '2011-01-20 13:09:31+00', '2011-01-20 13:09:31+00');
INSERT INTO "fascicles_tmpl_index" VALUES ('7949e876-5a92-4940-b339-233864c952b2', '9fd8bed1-14f1-48d1-9f3e-2ab59e6cd047', 'd391ac6b-02d1-498c-9a65-5a13fe1ec9ed', '9c40f64f-e753-47d8-a8a1-4ce0eabcb5cf', 'headline', '3292c19b-ca36-4c56-bec2-8dc471d1d504', '2011-01-19 10:13:55+00', '2011-01-19 10:13:55+00');
INSERT INTO "fascicles_tmpl_index" VALUES ('7be7427a-bb5b-4d1c-8357-f9dcc70720c7', '9fd8bed1-14f1-48d1-9f3e-2ab59e6cd047', '11e06c53-6428-4767-a153-cbc65c961a09', 'ccfe600c-cb75-4372-a0c5-6cdc210fdf99', 'module', '5ea14ebc-c07d-4a0c-8a3c-91a0e1337977', '2011-01-13 05:19:50+00', '2011-01-13 05:19:50+00');
INSERT INTO "fascicles_tmpl_index" VALUES ('7f593622-d251-4d26-85f8-1cf8bc74d2e3', '9fd8bed1-14f1-48d1-9f3e-2ab59e6cd047', '6d380486-c2d2-4f18-bfe1-5832d0081ab6', '6f0c1281-7d87-4478-b307-1b1906a7e5b5', 'headline', 'd7e0fe7b-4e3d-4bd4-90cf-06a465643791', '2011-01-20 10:05:05+00', '2011-01-20 10:05:05+00');
INSERT INTO "fascicles_tmpl_index" VALUES ('8022d57c-04d5-4961-8555-a24440e76cf1', '9fd8bed1-14f1-48d1-9f3e-2ab59e6cd047', '4a2e10f0-6093-4928-8017-d7b71b7cab34', '9fbc04a2-dceb-4285-b872-391f7af871ef', 'headline', '41561b72-accf-4287-aecc-11f10d3f501c', '2011-01-20 13:09:31+00', '2011-01-20 13:09:31+00');
INSERT INTO "fascicles_tmpl_index" VALUES ('80ecb071-420f-406c-a112-7a2030846def', '9fd8bed1-14f1-48d1-9f3e-2ab59e6cd047', '5703c5ae-2794-48a6-aa4e-8b19b37aca67', '2b4171f6-5022-47f5-a73e-3b1e511f6b7d', 'headline', '1dc92dc6-36b7-4b00-b809-7ddb7b1221da', '2011-02-08 08:36:06+00', '2011-02-08 08:36:06+00');
INSERT INTO "fascicles_tmpl_index" VALUES ('82d1e0ad-943f-4e41-8a5a-f23f0038b66d', '9fd8bed1-14f1-48d1-9f3e-2ab59e6cd047', '6d380486-c2d2-4f18-bfe1-5832d0081ab6', '6f0c1281-7d87-4478-b307-1b1906a7e5b5', 'module', 'd4145fcd-10f9-4ea1-b8bf-097e106f869e', '2011-01-20 10:05:05+00', '2011-01-20 10:05:05+00');
INSERT INTO "fascicles_tmpl_index" VALUES ('835c8cdd-800c-4e47-a9c9-f3a17cc91af0', '9fd8bed1-14f1-48d1-9f3e-2ab59e6cd047', 'f37ccf31-f9bf-4cf0-8945-6157e40ece01', '20d9d854-a482-4fe7-9787-1f5964749ef0', 'headline', '694acc3a-6b4a-446d-ac4b-bfda590274ba', '2011-01-12 08:54:42+00', '2011-01-12 08:54:42+00');
INSERT INTO "fascicles_tmpl_index" VALUES ('887251bc-3cb0-4926-936f-6b39563d16fe', '9fd8bed1-14f1-48d1-9f3e-2ab59e6cd047', 'ed8069dc-203d-4c36-a2ff-8d10e8448d90', 'ea5d3c64-e1fa-4c29-9e03-283964efac07', 'headline', 'b4c136a4-948a-484e-ab60-ae3ab0d2f59a', '2011-01-12 13:54:40+00', '2011-01-12 13:54:40+00');
INSERT INTO "fascicles_tmpl_index" VALUES ('8890b6f5-097c-4bee-9ed8-e8cf91bff6b1', '9fd8bed1-14f1-48d1-9f3e-2ab59e6cd047', '6d380486-c2d2-4f18-bfe1-5832d0081ab6', '6f0c1281-7d87-4478-b307-1b1906a7e5b5', 'headline', '47603e18-c522-4666-b6a5-fbcc6fdd96ce', '2011-01-20 10:05:05+00', '2011-01-20 10:05:05+00');
INSERT INTO "fascicles_tmpl_index" VALUES ('88c11b30-88c5-4b5d-a8f2-4175f995ff9a', '9fd8bed1-14f1-48d1-9f3e-2ab59e6cd047', '14f3a987-c6c8-4aa0-b4c4-3c9c4ca47f61', '5729e1d8-fb0c-40c7-9d30-824b2136e5fa', 'module', '30ba340e-0dd6-4540-99f1-ebc616ebbff9', '2011-01-11 10:46:52+00', '2011-01-11 10:46:52+00');
INSERT INTO "fascicles_tmpl_index" VALUES ('8aab71d0-4e53-4ad8-81a8-7d8b5ffe43ad', '9fd8bed1-14f1-48d1-9f3e-2ab59e6cd047', 'ba81e912-fa59-455e-ad0b-428cb7bcabbe', 'f5bdff3a-be18-4ca8-8c1c-3b6c7615cd07', 'module', 'c2be4dc3-3b84-4d3d-8fb2-0330f97c3eeb', '2011-02-21 09:38:05+00', '2011-02-21 09:38:05+00');
INSERT INTO "fascicles_tmpl_index" VALUES ('905a4ff0-5106-46d6-82ad-ae433598b1d7', '9fd8bed1-14f1-48d1-9f3e-2ab59e6cd047', 'c747d89d-4941-491f-b0f8-bd967116dd93', '2107f135-bbde-4699-965c-307b82df9b63', 'headline', 'aabee929-f972-495b-a285-b44bc6c12556', '2011-01-21 10:27:15+00', '2011-01-21 10:27:15+00');
INSERT INTO "fascicles_tmpl_index" VALUES ('9149d581-f4af-4b91-8ef3-c72f4c7a60d3', '9fd8bed1-14f1-48d1-9f3e-2ab59e6cd047', '14f3a987-c6c8-4aa0-b4c4-3c9c4ca47f61', '5729e1d8-fb0c-40c7-9d30-824b2136e5fa', 'headline', 'b4958bb5-d1ce-4257-be23-172b5e3d3383', '2011-01-11 10:28:52+00', '2011-01-11 10:28:52+00');
INSERT INTO "fascicles_tmpl_index" VALUES ('9163701b-594b-4d18-b64d-8d743f6967e2', '9fd8bed1-14f1-48d1-9f3e-2ab59e6cd047', '6d380486-c2d2-4f18-bfe1-5832d0081ab6', '6f0c1281-7d87-4478-b307-1b1906a7e5b5', 'headline', 'bc41637c-19a0-4bfa-9953-9c4ab32ffd8d', '2011-01-20 10:05:05+00', '2011-01-20 10:05:05+00');
INSERT INTO "fascicles_tmpl_index" VALUES ('93b902ee-ec43-4871-8c52-25456363779d', '9fd8bed1-14f1-48d1-9f3e-2ab59e6cd047', '11e06c53-6428-4767-a153-cbc65c961a09', '9a19e6d0-0513-40ad-b2a5-95db453ed989', 'module', '5ea14ebc-c07d-4a0c-8a3c-91a0e1337977', '2011-01-13 05:19:50+00', '2011-01-13 05:19:50+00');
INSERT INTO "fascicles_tmpl_index" VALUES ('9471acce-1f1f-4262-a918-c7db5a7e4055', '9fd8bed1-14f1-48d1-9f3e-2ab59e6cd047', 'd391ac6b-02d1-498c-9a65-5a13fe1ec9ed', '2f6e3faa-1396-40f0-84df-425934c4fdd8', 'module', '0e12a1a4-7f5b-4ed6-bd19-d3dfa9e06f81', '2011-01-19 10:13:55+00', '2011-01-19 10:13:55+00');
INSERT INTO "fascicles_tmpl_index" VALUES ('95455c6d-ca32-486b-a23f-593dbee835c5', '9fd8bed1-14f1-48d1-9f3e-2ab59e6cd047', 'ed8069dc-203d-4c36-a2ff-8d10e8448d90', 'ea5d3c64-e1fa-4c29-9e03-283964efac07', 'headline', 'ca1edb1a-5ec4-4f8c-93d0-70b2f139ecbf', '2011-01-12 13:54:40+00', '2011-01-12 13:54:40+00');
INSERT INTO "fascicles_tmpl_index" VALUES ('9e70b03e-fb21-4d8b-936c-02a89c56e6f3', '9fd8bed1-14f1-48d1-9f3e-2ab59e6cd047', 'c979190a-02cb-4c0a-a194-08abfe18f1df', 'fa003aa9-74f8-4634-ae7b-5c9805e14405', 'module', '5b2d8edb-6b7a-4549-bb89-5036f807a22c', '2011-02-18 12:21:54+00', '2011-02-18 12:21:54+00');
INSERT INTO "fascicles_tmpl_index" VALUES ('9eccfde1-617e-418b-8ae9-d5d67a970ab5', '9fd8bed1-14f1-48d1-9f3e-2ab59e6cd047', 'ed8069dc-203d-4c36-a2ff-8d10e8448d90', 'ea5d3c64-e1fa-4c29-9e03-283964efac07', 'headline', 'ce2c8c28-2e52-4248-8027-f8e927a44f77', '2011-01-12 13:54:40+00', '2011-01-12 13:54:40+00');
INSERT INTO "fascicles_tmpl_index" VALUES ('a011f0be-2a6f-4d3b-8901-7389cbecae60', '9fd8bed1-14f1-48d1-9f3e-2ab59e6cd047', 'd391ac6b-02d1-498c-9a65-5a13fe1ec9ed', '9c40f64f-e753-47d8-a8a1-4ce0eabcb5cf', 'headline', 'fbac4ce3-3d58-445b-bd13-72be69c0179f', '2011-01-19 10:13:55+00', '2011-01-19 10:13:55+00');
INSERT INTO "fascicles_tmpl_index" VALUES ('a0767707-f3d0-4008-a80b-c5645f470888', '9fd8bed1-14f1-48d1-9f3e-2ab59e6cd047', 'ba81e912-fa59-455e-ad0b-428cb7bcabbe', '0840d0db-4daf-443c-8816-49cf00bd34aa', 'module', 'c2be4dc3-3b84-4d3d-8fb2-0330f97c3eeb', '2011-02-21 09:38:05+00', '2011-02-21 09:38:05+00');
INSERT INTO "fascicles_tmpl_index" VALUES ('a0b65e74-c130-4df9-a1b7-27e54c5b8b7b', '9fd8bed1-14f1-48d1-9f3e-2ab59e6cd047', 'ba81e912-fa59-455e-ad0b-428cb7bcabbe', 'f5bdff3a-be18-4ca8-8c1c-3b6c7615cd07', 'headline', 'cd502ae5-57d7-46a1-b35e-a8aa14910edf', '2011-02-21 09:38:05+00', '2011-02-21 09:38:05+00');
INSERT INTO "fascicles_tmpl_index" VALUES ('a2406d20-521a-48ec-9f6c-850719e8ffbe', '9fd8bed1-14f1-48d1-9f3e-2ab59e6cd047', '4a2e10f0-6093-4928-8017-d7b71b7cab34', '2b03b8fa-433a-419b-8095-1d2f37d88307', 'headline', '93048692-eb38-4d0d-8993-7e674e9c3cb4', '2011-01-20 13:09:31+00', '2011-01-20 13:09:31+00');
INSERT INTO "fascicles_tmpl_index" VALUES ('a25ac486-65a0-45af-9539-0edff4e4702f', '9fd8bed1-14f1-48d1-9f3e-2ab59e6cd047', '4a2e10f0-6093-4928-8017-d7b71b7cab34', '9fbc04a2-dceb-4285-b872-391f7af871ef', 'headline', '93048692-eb38-4d0d-8993-7e674e9c3cb4', '2011-01-20 13:09:31+00', '2011-01-20 13:09:31+00');
INSERT INTO "fascicles_tmpl_index" VALUES ('a31a9cca-2cce-4fde-a8ca-b02ac76a22e2', '9fd8bed1-14f1-48d1-9f3e-2ab59e6cd047', '11e06c53-6428-4767-a153-cbc65c961a09', 'ccfe600c-cb75-4372-a0c5-6cdc210fdf99', 'headline', 'df434d4b-a98c-4981-8ce6-153b4f893031', '2011-01-13 05:19:50+00', '2011-01-13 05:19:50+00');
INSERT INTO "fascicles_tmpl_index" VALUES ('a66a7f76-0e25-4062-9383-e2a9d8382d62', '9fd8bed1-14f1-48d1-9f3e-2ab59e6cd047', 'c747d89d-4941-491f-b0f8-bd967116dd93', 'f62af95c-3e4e-45c0-aa3e-0220fb86cf62', 'headline', 'bef24ced-063c-4411-9ec3-9e238c5d2eec', '2011-01-21 10:27:15+00', '2011-01-21 10:27:15+00');
INSERT INTO "fascicles_tmpl_index" VALUES ('a7a579bf-d4ff-409a-b9cc-84a1ee18cc1d', '9fd8bed1-14f1-48d1-9f3e-2ab59e6cd047', '6d380486-c2d2-4f18-bfe1-5832d0081ab6', 'b04eef7f-4b3c-4946-94b4-9761fb009b0c', 'module', '0a005d3c-2c37-43f7-b807-236be462bc5a', '2011-01-20 10:05:05+00', '2011-01-20 10:05:05+00');
INSERT INTO "fascicles_tmpl_index" VALUES ('ada5f7e3-7013-4d87-8412-5828cfa24933', '9fd8bed1-14f1-48d1-9f3e-2ab59e6cd047', 'c747d89d-4941-491f-b0f8-bd967116dd93', '2107f135-bbde-4699-965c-307b82df9b63', 'module', '2ec5a317-b5e5-48a7-abee-4dd496f37182', '2011-01-21 10:27:15+00', '2011-01-21 10:27:15+00');
INSERT INTO "fascicles_tmpl_index" VALUES ('af1b6fd8-9a8d-4412-b0be-08c7a78befc0', '9fd8bed1-14f1-48d1-9f3e-2ab59e6cd047', 'd391ac6b-02d1-498c-9a65-5a13fe1ec9ed', '9c40f64f-e753-47d8-a8a1-4ce0eabcb5cf', 'headline', 'df1ab62a-ec72-4376-bb07-7d16ee7d3ced', '2011-01-19 10:13:55+00', '2011-01-19 10:13:55+00');
INSERT INTO "fascicles_tmpl_index" VALUES ('b32e20a0-669c-4fdc-991b-528b072ac829', '9fd8bed1-14f1-48d1-9f3e-2ab59e6cd047', '5703c5ae-2794-48a6-aa4e-8b19b37aca67', '2b4171f6-5022-47f5-a73e-3b1e511f6b7d', 'headline', 'f288ef8f-32bb-4d7f-ae19-49e57c880302', '2011-02-08 08:36:06+00', '2011-02-08 08:36:06+00');
INSERT INTO "fascicles_tmpl_index" VALUES ('b581c963-ceb0-4e09-9c00-85f1eec7bab8', '9fd8bed1-14f1-48d1-9f3e-2ab59e6cd047', '4a2e10f0-6093-4928-8017-d7b71b7cab34', '2b03b8fa-433a-419b-8095-1d2f37d88307', 'module', '6be31f70-c691-4970-bba4-040c31bd5ef4', '2011-01-20 13:09:31+00', '2011-01-20 13:09:31+00');
INSERT INTO "fascicles_tmpl_index" VALUES ('b61b2fc0-7235-4a83-bd35-9f08c632fad1', '9fd8bed1-14f1-48d1-9f3e-2ab59e6cd047', '4a2e10f0-6093-4928-8017-d7b71b7cab34', '9fbc04a2-dceb-4285-b872-391f7af871ef', 'module', '6be31f70-c691-4970-bba4-040c31bd5ef4', '2011-01-20 13:09:31+00', '2011-01-20 13:09:31+00');
INSERT INTO "fascicles_tmpl_index" VALUES ('bd3a4b05-eeda-40f2-9a6f-46b687d6609c', '9fd8bed1-14f1-48d1-9f3e-2ab59e6cd047', 'c747d89d-4941-491f-b0f8-bd967116dd93', '2107f135-bbde-4699-965c-307b82df9b63', 'module', 'edfde5bf-5bf5-496e-9af1-00e70f9552bd', '2011-01-21 10:27:15+00', '2011-01-21 10:27:15+00');
INSERT INTO "fascicles_tmpl_index" VALUES ('bd507fa8-4cc4-46a5-bc6b-5b0e94f27e46', '9fd8bed1-14f1-48d1-9f3e-2ab59e6cd047', 'c979190a-02cb-4c0a-a194-08abfe18f1df', '660c4f5c-7361-43d0-a2b2-97cbd787a5b6', 'headline', '7b817f93-957e-49e5-a457-b37db22f2acb', '2011-02-18 12:21:54+00', '2011-02-18 12:21:54+00');
INSERT INTO "fascicles_tmpl_index" VALUES ('bded1d6d-73b2-4472-b120-57c07c8a21bc', '9fd8bed1-14f1-48d1-9f3e-2ab59e6cd047', '4a2e10f0-6093-4928-8017-d7b71b7cab34', '9fbc04a2-dceb-4285-b872-391f7af871ef', 'module', 'cebbefa1-b08a-4390-827a-5ab4744bf330', '2011-01-20 13:09:31+00', '2011-01-20 13:09:31+00');
INSERT INTO "fascicles_tmpl_index" VALUES ('c12940e8-e1d5-4a3a-9e82-abc3c0be470e', '9fd8bed1-14f1-48d1-9f3e-2ab59e6cd047', 'ba81e912-fa59-455e-ad0b-428cb7bcabbe', 'f5bdff3a-be18-4ca8-8c1c-3b6c7615cd07', 'module', '3773d75a-aeb8-47e6-98ec-f8b249dbcb5a', '2011-02-21 09:38:05+00', '2011-02-21 09:38:05+00');
INSERT INTO "fascicles_tmpl_index" VALUES ('c2388864-d8b4-44f9-b9ca-91e24e354b53', '9fd8bed1-14f1-48d1-9f3e-2ab59e6cd047', '11e06c53-6428-4767-a153-cbc65c961a09', '9a19e6d0-0513-40ad-b2a5-95db453ed989', 'headline', '5766fbd8-6210-4d77-9120-ce6f95f8e7d0', '2011-01-13 05:19:50+00', '2011-01-13 05:19:50+00');
INSERT INTO "fascicles_tmpl_index" VALUES ('c30fab09-1f2b-41ff-a7af-e838f76b4c7d', '9fd8bed1-14f1-48d1-9f3e-2ab59e6cd047', '0b1e2add-e10f-4b5a-bb2d-08fa18a32cd6', '9d9cd0d3-1229-42cf-a8e1-20c07d881392', 'headline', 'd6405872-3047-4edb-8b1b-fa20d4726f07', '2011-02-18 07:49:49+00', '2011-02-18 07:49:49+00');
INSERT INTO "fascicles_tmpl_index" VALUES ('c45fce88-f282-4a47-939d-32b3bae32d64', '9fd8bed1-14f1-48d1-9f3e-2ab59e6cd047', '5703c5ae-2794-48a6-aa4e-8b19b37aca67', '2b4171f6-5022-47f5-a73e-3b1e511f6b7d', 'headline', '0e776ea2-ec21-4100-98ee-7560b5357098', '2011-02-08 08:36:06+00', '2011-02-08 08:36:06+00');
INSERT INTO "fascicles_tmpl_index" VALUES ('c55d3bd7-b887-4e6b-87f2-dc5aa703eb07', '9fd8bed1-14f1-48d1-9f3e-2ab59e6cd047', '4a2e10f0-6093-4928-8017-d7b71b7cab34', '9fbc04a2-dceb-4285-b872-391f7af871ef', 'headline', 'a2ac750d-bdbc-4034-8a36-999f7047ee47', '2011-01-20 13:09:31+00', '2011-01-20 13:09:31+00');
INSERT INTO "fascicles_tmpl_index" VALUES ('c5ecfc58-711d-40ff-83ab-f62f679355c7', '9fd8bed1-14f1-48d1-9f3e-2ab59e6cd047', 'd391ac6b-02d1-498c-9a65-5a13fe1ec9ed', '9c40f64f-e753-47d8-a8a1-4ce0eabcb5cf', 'module', '0e12a1a4-7f5b-4ed6-bd19-d3dfa9e06f81', '2011-01-19 10:13:55+00', '2011-01-19 10:13:55+00');
INSERT INTO "fascicles_tmpl_index" VALUES ('c75166c7-9834-432a-8d7b-331be34faf32', '9fd8bed1-14f1-48d1-9f3e-2ab59e6cd047', '4964960d-d8d0-4857-85d4-09489a743002', 'cd527cc1-c38d-4f6c-bdbf-33fa62c91d4a', 'headline', '31dbd42d-8f8d-4070-b502-c10f7e5dde5e', '2011-01-12 11:16:56+00', '2011-01-12 11:16:56+00');
INSERT INTO "fascicles_tmpl_index" VALUES ('c7e9811f-f7fc-43c0-8369-3a638bdc5796', '9fd8bed1-14f1-48d1-9f3e-2ab59e6cd047', '14f3a987-c6c8-4aa0-b4c4-3c9c4ca47f61', '1f437380-0658-484d-b4a1-c6a8dc742008', 'headline', 'fbce3990-e1f3-4f3b-badb-bbf2be5c3dfc', '2011-01-11 10:28:44+00', '2011-01-11 10:28:44+00');
INSERT INTO "fascicles_tmpl_index" VALUES ('ca871f6f-a7ef-4638-bda6-2b71db8c72d8', '9fd8bed1-14f1-48d1-9f3e-2ab59e6cd047', '0b1e2add-e10f-4b5a-bb2d-08fa18a32cd6', '97fdb338-9fe8-49b2-9da5-ff823f196e8e', 'module', 'ccd3fd15-0fd4-48d9-9031-e834aeee83cb', '2011-02-18 07:49:49+00', '2011-02-18 07:49:49+00');
INSERT INTO "fascicles_tmpl_index" VALUES ('caa85fa7-4ed7-423c-a97e-72d000b69759', '9fd8bed1-14f1-48d1-9f3e-2ab59e6cd047', 'ed8069dc-203d-4c36-a2ff-8d10e8448d90', 'e1a2b669-13f4-411f-adc4-b19452ef1283', 'headline', 'ceef23d4-230f-4631-9e70-aeb753177087', '2011-01-12 13:54:40+00', '2011-01-12 13:54:40+00');
INSERT INTO "fascicles_tmpl_index" VALUES ('cddf8a92-55e8-48b3-a495-a1038353a476', '9fd8bed1-14f1-48d1-9f3e-2ab59e6cd047', '4964960d-d8d0-4857-85d4-09489a743002', 'cd527cc1-c38d-4f6c-bdbf-33fa62c91d4a', 'headline', 'ce5e32a0-3340-46d0-a63c-dbb7dc789e25', '2011-01-12 11:16:55+00', '2011-01-12 11:16:55+00');
INSERT INTO "fascicles_tmpl_index" VALUES ('cef42122-77c9-456e-8fa9-eedee41f0856', '9fd8bed1-14f1-48d1-9f3e-2ab59e6cd047', '4964960d-d8d0-4857-85d4-09489a743002', '9368956b-718f-4391-a4c1-f1df923bda74', 'module', '29b5e41a-f157-4249-a850-480196ef2e90', '2011-01-12 15:07:15+00', '2011-01-12 15:07:15+00');
INSERT INTO "fascicles_tmpl_index" VALUES ('cf4e079b-a4a1-4c29-826d-13c135667139', '9fd8bed1-14f1-48d1-9f3e-2ab59e6cd047', '11e06c53-6428-4767-a153-cbc65c961a09', 'ccfe600c-cb75-4372-a0c5-6cdc210fdf99', 'headline', '5766fbd8-6210-4d77-9120-ce6f95f8e7d0', '2011-01-13 05:19:50+00', '2011-01-13 05:19:50+00');
INSERT INTO "fascicles_tmpl_index" VALUES ('d26eb570-2bf6-43b0-ab27-8a5f6f6ce3c3', '9fd8bed1-14f1-48d1-9f3e-2ab59e6cd047', '6d380486-c2d2-4f18-bfe1-5832d0081ab6', '6f0c1281-7d87-4478-b307-1b1906a7e5b5', 'headline', 'b07c3ebf-c483-4df8-880b-bcc320a59bc7', '2011-01-20 10:05:05+00', '2011-01-20 10:05:05+00');
INSERT INTO "fascicles_tmpl_index" VALUES ('d2eed810-998d-453e-9be3-5263358845c3', '9fd8bed1-14f1-48d1-9f3e-2ab59e6cd047', 'c747d89d-4941-491f-b0f8-bd967116dd93', '2107f135-bbde-4699-965c-307b82df9b63', 'headline', '16811268-de09-423d-a487-16b0ae0956bd', '2011-01-21 10:27:15+00', '2011-01-21 10:27:15+00');
INSERT INTO "fascicles_tmpl_index" VALUES ('d854e7d9-6d3c-4d57-9c0f-b03fb30d5f7e', '9fd8bed1-14f1-48d1-9f3e-2ab59e6cd047', 'f37ccf31-f9bf-4cf0-8945-6157e40ece01', '20d9d854-a482-4fe7-9787-1f5964749ef0', 'headline', '039d0f05-b471-4e7b-87be-0d04f8070276', '2011-01-12 08:54:42+00', '2011-01-12 08:54:42+00');
INSERT INTO "fascicles_tmpl_index" VALUES ('d9a33692-1c5c-40fe-b2a2-1fcdd5eee52d', '9fd8bed1-14f1-48d1-9f3e-2ab59e6cd047', '5703c5ae-2794-48a6-aa4e-8b19b37aca67', '2b4171f6-5022-47f5-a73e-3b1e511f6b7d', 'headline', 'e00c7edc-9221-42a7-9fe7-4d0957d39c5a', '2011-02-08 08:36:06+00', '2011-02-08 08:36:06+00');
INSERT INTO "fascicles_tmpl_index" VALUES ('da2b95b4-737f-4769-bf9e-1958a2668fca', '9fd8bed1-14f1-48d1-9f3e-2ab59e6cd047', '6d380486-c2d2-4f18-bfe1-5832d0081ab6', '6f0c1281-7d87-4478-b307-1b1906a7e5b5', 'headline', '84004877-80d7-4e76-9557-fe206fd63122', '2011-01-20 10:05:05+00', '2011-01-20 10:05:05+00');
INSERT INTO "fascicles_tmpl_index" VALUES ('dc122791-4757-46cd-a120-7852c81e4580', '9fd8bed1-14f1-48d1-9f3e-2ab59e6cd047', '4a2e10f0-6093-4928-8017-d7b71b7cab34', '9fbc04a2-dceb-4285-b872-391f7af871ef', 'headline', '66f9f72e-41ed-4992-9657-a4eec45a48d2', '2011-01-20 13:09:31+00', '2011-01-20 13:09:31+00');
INSERT INTO "fascicles_tmpl_index" VALUES ('dcaa2c8e-b7ab-428f-932f-1d312781e3b0', '9fd8bed1-14f1-48d1-9f3e-2ab59e6cd047', '11e06c53-6428-4767-a153-cbc65c961a09', 'ccfe600c-cb75-4372-a0c5-6cdc210fdf99', 'headline', '7c2a8032-ac6e-4614-93c1-dce40b50c214', '2011-01-13 05:19:50+00', '2011-01-13 05:19:50+00');
INSERT INTO "fascicles_tmpl_index" VALUES ('dced3416-eae9-465d-b412-1caadf8be2d7', '9fd8bed1-14f1-48d1-9f3e-2ab59e6cd047', 'c747d89d-4941-491f-b0f8-bd967116dd93', '2107f135-bbde-4699-965c-307b82df9b63', 'headline', 'bc9f82ee-c326-4c21-8f83-5c2dc9d7a6fe', '2011-01-21 10:27:15+00', '2011-01-21 10:27:15+00');
INSERT INTO "fascicles_tmpl_index" VALUES ('de4c8413-0d5e-4399-8aff-79d456c0ddf4', '9fd8bed1-14f1-48d1-9f3e-2ab59e6cd047', '11e06c53-6428-4767-a153-cbc65c961a09', 'ccfe600c-cb75-4372-a0c5-6cdc210fdf99', 'headline', '2d659b62-5e41-41d5-a099-fda6e6532952', '2011-01-13 05:19:50+00', '2011-01-13 05:19:50+00');
INSERT INTO "fascicles_tmpl_index" VALUES ('e448f65f-caa1-40c9-adb2-598b40e26395', '9fd8bed1-14f1-48d1-9f3e-2ab59e6cd047', '4964960d-d8d0-4857-85d4-09489a743002', 'cd527cc1-c38d-4f6c-bdbf-33fa62c91d4a', 'headline', '4eb04a2f-b7df-49cf-8147-4d4b8dbfaf32', '2011-01-12 11:16:55+00', '2011-01-12 11:16:55+00');
INSERT INTO "fascicles_tmpl_index" VALUES ('e5352bc9-8168-4911-b8c6-36d4ae2ec10a', '9fd8bed1-14f1-48d1-9f3e-2ab59e6cd047', '0b1e2add-e10f-4b5a-bb2d-08fa18a32cd6', '9d9cd0d3-1229-42cf-a8e1-20c07d881392', 'headline', 'f78d0916-54f6-4ded-8bc8-f3c53a3d70b5', '2011-02-18 07:49:49+00', '2011-02-18 07:49:49+00');
INSERT INTO "fascicles_tmpl_index" VALUES ('e569d248-7064-497c-b7b2-2e346532d48f', '9fd8bed1-14f1-48d1-9f3e-2ab59e6cd047', '14f3a987-c6c8-4aa0-b4c4-3c9c4ca47f61', '1f437380-0658-484d-b4a1-c6a8dc742008', 'headline', 'f77b2663-0610-415f-baab-6603eca487a3', '2011-01-11 10:28:44+00', '2011-01-11 10:28:44+00');
INSERT INTO "fascicles_tmpl_index" VALUES ('e642ef5f-2705-4d03-831e-e602b7c2380b', '9fd8bed1-14f1-48d1-9f3e-2ab59e6cd047', '6d380486-c2d2-4f18-bfe1-5832d0081ab6', '6f0c1281-7d87-4478-b307-1b1906a7e5b5', 'module', '0a005d3c-2c37-43f7-b807-236be462bc5a', '2011-01-20 10:05:05+00', '2011-01-20 10:05:05+00');
INSERT INTO "fascicles_tmpl_index" VALUES ('e6ba54b5-750d-486d-b176-882a37548858', '9fd8bed1-14f1-48d1-9f3e-2ab59e6cd047', '6d380486-c2d2-4f18-bfe1-5832d0081ab6', 'b04eef7f-4b3c-4946-94b4-9761fb009b0c', 'headline', '15be9c9a-01c8-4aa9-8085-46574994e6b7', '2011-01-20 10:05:05+00', '2011-01-20 10:05:05+00');
INSERT INTO "fascicles_tmpl_index" VALUES ('e6c4e153-c3a0-453f-8c53-8213cdba9ae0', '9fd8bed1-14f1-48d1-9f3e-2ab59e6cd047', 'c747d89d-4941-491f-b0f8-bd967116dd93', '2107f135-bbde-4699-965c-307b82df9b63', 'headline', '2d7e1d9f-6325-409c-8373-18d0f02e7d76', '2011-01-21 10:27:15+00', '2011-01-21 10:27:15+00');
INSERT INTO "fascicles_tmpl_index" VALUES ('e7d9b94f-ef86-485f-85d5-f55fc62502e3', '9fd8bed1-14f1-48d1-9f3e-2ab59e6cd047', 'c747d89d-4941-491f-b0f8-bd967116dd93', '2107f135-bbde-4699-965c-307b82df9b63', 'headline', 'bef24ced-063c-4411-9ec3-9e238c5d2eec', '2011-01-21 10:27:15+00', '2011-01-21 10:27:15+00');
INSERT INTO "fascicles_tmpl_index" VALUES ('e902ee5c-7202-4a6d-ac40-a0e7ee0b8fae', '9fd8bed1-14f1-48d1-9f3e-2ab59e6cd047', 'ed8069dc-203d-4c36-a2ff-8d10e8448d90', 'ea5d3c64-e1fa-4c29-9e03-283964efac07', 'module', '4ab39173-23b3-41d4-b157-ade571cd56ce', '2011-01-12 13:54:40+00', '2011-01-12 13:54:40+00');
INSERT INTO "fascicles_tmpl_index" VALUES ('e9558ebd-7672-4289-954d-2e93266f6dbc', '9fd8bed1-14f1-48d1-9f3e-2ab59e6cd047', '4964960d-d8d0-4857-85d4-09489a743002', 'cd527cc1-c38d-4f6c-bdbf-33fa62c91d4a', 'module', 'bbaff05a-1f0b-4fe2-89f7-c57c6cbf51d6', '2011-01-12 15:07:24+00', '2011-01-12 15:07:24+00');
INSERT INTO "fascicles_tmpl_index" VALUES ('ea42a257-7867-4231-a38c-9075acab985d', '9fd8bed1-14f1-48d1-9f3e-2ab59e6cd047', 'c979190a-02cb-4c0a-a194-08abfe18f1df', '660c4f5c-7361-43d0-a2b2-97cbd787a5b6', 'headline', '92253589-c631-43a8-94e0-6917fd1715d4', '2011-02-18 12:21:54+00', '2011-02-18 12:21:54+00');
INSERT INTO "fascicles_tmpl_index" VALUES ('eecd4c03-2091-4ca2-8f6b-bb216c622788', '9fd8bed1-14f1-48d1-9f3e-2ab59e6cd047', '14f3a987-c6c8-4aa0-b4c4-3c9c4ca47f61', '5729e1d8-fb0c-40c7-9d30-824b2136e5fa', 'headline', '6b55ff2c-4a77-413f-982f-fc5734e8c6bd', '2011-01-11 10:28:52+00', '2011-01-11 10:28:52+00');
INSERT INTO "fascicles_tmpl_index" VALUES ('eef83ecb-8f73-4d9a-96b8-f2f78e40b861', '9fd8bed1-14f1-48d1-9f3e-2ab59e6cd047', '11e06c53-6428-4767-a153-cbc65c961a09', 'ccfe600c-cb75-4372-a0c5-6cdc210fdf99', 'headline', 'bbe44b56-4816-42b9-9f2b-3e5e80186b65', '2011-01-13 05:19:50+00', '2011-01-13 05:19:50+00');
INSERT INTO "fascicles_tmpl_index" VALUES ('f1a39598-2800-4c33-b1b9-016bf076db19', '9fd8bed1-14f1-48d1-9f3e-2ab59e6cd047', '14f3a987-c6c8-4aa0-b4c4-3c9c4ca47f61', '1f437380-0658-484d-b4a1-c6a8dc742008', 'module', 'af0166d9-c421-44b6-b119-55a08d6367f1', '2011-01-11 10:29:03+00', '2011-01-11 10:29:03+00');
INSERT INTO "fascicles_tmpl_index" VALUES ('f1aa4be6-4ad2-45c9-a061-e86dfc947ea7', '9fd8bed1-14f1-48d1-9f3e-2ab59e6cd047', '14f3a987-c6c8-4aa0-b4c4-3c9c4ca47f61', '1f437380-0658-484d-b4a1-c6a8dc742008', 'headline', '367ae01f-eb22-4e25-a89a-0521dd649af6', '2011-01-11 10:28:44+00', '2011-01-11 10:28:44+00');
INSERT INTO "fascicles_tmpl_index" VALUES ('f467c330-4fae-4933-992a-6022961625cf', '9fd8bed1-14f1-48d1-9f3e-2ab59e6cd047', '0b1e2add-e10f-4b5a-bb2d-08fa18a32cd6', '9d9cd0d3-1229-42cf-a8e1-20c07d881392', 'headline', 'be6326dd-b682-4a7f-b3a0-55ad0f3fe48e', '2011-02-18 07:49:49+00', '2011-02-18 07:49:49+00');
INSERT INTO "fascicles_tmpl_index" VALUES ('f9f77c00-e7e9-470a-8dc8-0abeb015436b', '9fd8bed1-14f1-48d1-9f3e-2ab59e6cd047', '6d380486-c2d2-4f18-bfe1-5832d0081ab6', '6f0c1281-7d87-4478-b307-1b1906a7e5b5', 'headline', 'fa5c48ad-836a-4537-889b-40ddc196ff92', '2011-01-20 10:05:05+00', '2011-01-20 10:05:05+00');
INSERT INTO "fascicles_tmpl_index" VALUES ('fb22ad65-874a-421b-8b19-b22a88907c4f', '9fd8bed1-14f1-48d1-9f3e-2ab59e6cd047', 'c979190a-02cb-4c0a-a194-08abfe18f1df', '660c4f5c-7361-43d0-a2b2-97cbd787a5b6', 'module', '5b2d8edb-6b7a-4549-bb89-5036f807a22c', '2011-02-18 12:21:54+00', '2011-02-18 12:21:54+00');
INSERT INTO "fascicles_tmpl_index" VALUES ('fb548cb0-b4d0-496d-bb5c-7ae5be918717', '9fd8bed1-14f1-48d1-9f3e-2ab59e6cd047', 'd391ac6b-02d1-498c-9a65-5a13fe1ec9ed', '9c40f64f-e753-47d8-a8a1-4ce0eabcb5cf', 'headline', '42848223-3a2b-47e3-9b53-a04ee6fd8d11', '2011-01-19 10:13:55+00', '2011-01-19 10:13:55+00');
INSERT INTO "fascicles_tmpl_index" VALUES ('fcd5adad-bb51-4029-81ae-8433d94dfd32', '9fd8bed1-14f1-48d1-9f3e-2ab59e6cd047', 'ed8069dc-203d-4c36-a2ff-8d10e8448d90', 'ea5d3c64-e1fa-4c29-9e03-283964efac07', 'module', '33797bf3-69d5-4980-b294-b5dd298b3bc5', '2011-01-12 13:54:40+00', '2011-01-12 13:54:40+00');
INSERT INTO "fascicles_tmpl_index" VALUES ('fd6087f1-db33-4db2-adb2-6f8e48c1f790', '9fd8bed1-14f1-48d1-9f3e-2ab59e6cd047', '0b1e2add-e10f-4b5a-bb2d-08fa18a32cd6', '9d9cd0d3-1229-42cf-a8e1-20c07d881392', 'module', '40edfa99-4292-463b-9cae-97774e04141a', '2011-02-18 07:49:49+00', '2011-02-18 07:49:49+00');
INSERT INTO "fascicles_tmpl_index" VALUES ('fda747dd-31a0-4fcb-8416-16e6dd473e88', '9fd8bed1-14f1-48d1-9f3e-2ab59e6cd047', '5703c5ae-2794-48a6-aa4e-8b19b37aca67', '2b4171f6-5022-47f5-a73e-3b1e511f6b7d', 'headline', 'a16dfd8c-c4e9-4a61-a0d4-69337c648564', '2011-02-08 08:36:06+00', '2011-02-08 08:36:06+00');
INSERT INTO "fascicles_tmpl_index" VALUES ('fdc096ce-5ba5-4646-9e5e-ee719608ead5', '9fd8bed1-14f1-48d1-9f3e-2ab59e6cd047', 'ba81e912-fa59-455e-ad0b-428cb7bcabbe', 'f5bdff3a-be18-4ca8-8c1c-3b6c7615cd07', 'headline', '814805c5-20fe-4103-b630-8dd63e01e989', '2011-02-21 09:38:05+00', '2011-02-21 09:38:05+00');
INSERT INTO "fascicles_tmpl_index" VALUES ('feca22a7-0d25-4677-b1ec-84e9e6735c71', '9fd8bed1-14f1-48d1-9f3e-2ab59e6cd047', '6d380486-c2d2-4f18-bfe1-5832d0081ab6', '6f0c1281-7d87-4478-b307-1b1906a7e5b5', 'headline', 'bde423bc-c501-4c95-a854-667f68469ca7', '2011-01-20 10:05:05+00', '2011-01-20 10:05:05+00');
COMMIT;

-- ----------------------------
-- Records of fascicles_tmpl_modules
-- ----------------------------
BEGIN;
INSERT INTO "fascicles_tmpl_modules" VALUES ('0a005d3c-2c37-43f7-b807-236be462bc5a', '621a67a6-0502-4686-8879-cbd7b3ac681d', '6d380486-c2d2-4f18-bfe1-5832d0081ab6', 'ac9882ec-5dc5-4812-837e-a3550f194404', '1/1', 'Описание', '1', '1', '0/1', '0/1', '1/1', '1/1', '2011-01-20 10:05:05+00', '2011-01-20 10:05:05+00');
INSERT INTO "fascicles_tmpl_modules" VALUES ('0e12a1a4-7f5b-4ed6-bd19-d3dfa9e06f81', '621a67a6-0502-4686-8879-cbd7b3ac681d', 'd391ac6b-02d1-498c-9a65-5a13fe1ec9ed', '0805213b-4be3-410b-a173-2424f596bb3d', '1/1', 'Описание', '1', '1', '0/1', '0/1', '1/1', '1/1', '2011-01-19 10:13:55+00', '2011-01-19 10:13:55+00');
INSERT INTO "fascicles_tmpl_modules" VALUES ('1737d3d9-072d-4bff-92ad-d6de1b3966f5', 'c8374e1b-22ca-4618-8acc-d52f565b934f', 'e33e6c00-f2c6-445a-a90a-c9214104f76f', '9b8be86e-d574-486f-9d50-93fe781b6d22', '2/1', 'Описание', '2', '2', '0/1', '0/1', '1/1', '1/1', '2011-02-08 08:35:44+00', '2011-02-08 08:35:44+00');
INSERT INTO "fascicles_tmpl_modules" VALUES ('29b5e41a-f157-4249-a850-480196ef2e90', '621a67a6-0502-4686-8879-cbd7b3ac681d', '4964960d-d8d0-4857-85d4-09489a743002', 'f04e0e17-9e7e-442f-97cd-646a3c241e29', '1/1', 'Описание', '1', '1', '0/1', '0/1', '1/1', '1/1', '2011-01-12 11:16:05+00', '2011-01-12 11:16:05+00');
INSERT INTO "fascicles_tmpl_modules" VALUES ('2e3bd89e-b09d-4597-bd8e-04b431b29791', 'c8374e1b-22ca-4618-8acc-d52f565b934f', '8b06be12-66bb-492f-a93f-a3a733f8cd35', '6d7a0280-4521-45b6-9add-06c62284121d', '2/1', 'Описание', '2', '2', '0/1', '0/1', '1/1', '1/1', '2011-01-12 10:55:03+00', '2011-01-12 10:55:03+00');
INSERT INTO "fascicles_tmpl_modules" VALUES ('2ec5a317-b5e5-48a7-abee-4dd496f37182', '621a67a6-0502-4686-8879-cbd7b3ac681d', 'c747d89d-4941-491f-b0f8-bd967116dd93', '632021bf-853d-4ac1-9aad-4b8ffa14581d', '1/1', 'Описание', '1', '1', '0/1', '0/1', '1/1', '1/1', '2011-01-21 10:27:15+00', '2011-01-21 10:27:15+00');
INSERT INTO "fascicles_tmpl_modules" VALUES ('30ba340e-0dd6-4540-99f1-ebc616ebbff9', '14f3a987-c6c8-4aa0-b4c4-3c9c4ca47f61', '14f3a987-c6c8-4aa0-b4c4-3c9c4ca47f61', '5a8b8f85-cedf-4cea-ae71-57042a46132d', '2/1', 'Описание', '2', '2', '0/1', '0/1', '1/1', '1/1', '2011-01-11 10:39:16+00', '2011-01-11 10:39:16+00');
INSERT INTO "fascicles_tmpl_modules" VALUES ('33797bf3-69d5-4980-b294-b5dd298b3bc5', '621a67a6-0502-4686-8879-cbd7b3ac681d', 'ed8069dc-203d-4c36-a2ff-8d10e8448d90', '7d6ff19e-ee83-4688-813f-f8c018981e0b', '1/1', 'Описание', '1', '1', '0/1', '0/1', '1/1', '1/1', '2011-01-12 13:54:40+00', '2011-01-12 13:54:40+00');
INSERT INTO "fascicles_tmpl_modules" VALUES ('3773d75a-aeb8-47e6-98ec-f8b249dbcb5a', 'c8374e1b-22ca-4618-8acc-d52f565b934f', 'ba81e912-fa59-455e-ad0b-428cb7bcabbe', '07b1d541-8bb9-4245-990a-dc0af916ddbf', '2/1', 'Описание', '2', '2', '0/1', '0/1', '1/1', '1/1', '2011-02-21 09:38:05+00', '2011-02-21 09:38:05+00');
INSERT INTO "fascicles_tmpl_modules" VALUES ('3a7e5545-b87f-4645-bfa7-f3ff3d55dbee', 'c8374e1b-22ca-4618-8acc-d52f565b934f', 'f37ccf31-f9bf-4cf0-8945-6157e40ece01', '7a992ef5-5eb0-46da-a5e7-6ec0c72b9287', '2/1', 'Описание', '2', '2', '0/1', '0/1', '1/1', '1/1', '2011-01-12 08:38:10+00', '2011-01-12 08:38:10+00');
INSERT INTO "fascicles_tmpl_modules" VALUES ('40edfa99-4292-463b-9cae-97774e04141a', 'c8374e1b-22ca-4618-8acc-d52f565b934f', '0b1e2add-e10f-4b5a-bb2d-08fa18a32cd6', '4e8f5637-6b3e-4c65-84de-54f618671d54', '2/1', 'Описание', '2', '2', '0/1', '0/1', '1/1', '1/1', '2011-02-18 07:49:49+00', '2011-02-18 07:49:49+00');
INSERT INTO "fascicles_tmpl_modules" VALUES ('4a5a7b61-5c4f-4f32-929a-036e08431c6e', 'c8374e1b-22ca-4618-8acc-d52f565b934f', '39f67ac5-597f-4263-b20f-887d6f8d9655', '660d3f1f-e3bc-402d-b935-edcc172eda35', '2/1', 'Описание', '2', '2', '0/1', '0/1', '1/1', '1/1', '2011-01-12 13:53:25+00', '2011-01-12 13:53:25+00');
INSERT INTO "fascicles_tmpl_modules" VALUES ('4ab39173-23b3-41d4-b157-ade571cd56ce', 'c8374e1b-22ca-4618-8acc-d52f565b934f', 'ed8069dc-203d-4c36-a2ff-8d10e8448d90', '7d6ff19e-ee83-4688-813f-f8c018981e0b', '2/1', 'Описание', '2', '2', '0/1', '0/1', '1/1', '1/1', '2011-01-12 13:54:40+00', '2011-01-12 13:54:40+00');
INSERT INTO "fascicles_tmpl_modules" VALUES ('4ba6d09a-0828-4890-9d9b-d87b5bb2beb5', 'c8374e1b-22ca-4618-8acc-d52f565b934f', 'ac28dc67-2bca-400f-906b-a6816f626468', '99ef66d3-2410-4dfd-b31f-00af20561f05', '2/1', 'Описание', '2', '2', '0/1', '0/1', '1/1', '1/1', '2011-01-21 10:26:51+00', '2011-01-21 10:26:51+00');
INSERT INTO "fascicles_tmpl_modules" VALUES ('56252b61-c21b-49dc-83d8-9b709528feea', '621a67a6-0502-4686-8879-cbd7b3ac681d', '8b06be12-66bb-492f-a93f-a3a733f8cd35', '6d7a0280-4521-45b6-9add-06c62284121d', '1/1', 'Описание', '1', '1', '0/1', '0/1', '1/1', '1/1', '2011-01-12 10:55:03+00', '2011-01-12 10:55:03+00');
INSERT INTO "fascicles_tmpl_modules" VALUES ('58d9af96-f506-4023-ac78-82587f603b5b', '621a67a6-0502-4686-8879-cbd7b3ac681d', 'f37ccf31-f9bf-4cf0-8945-6157e40ece01', '7a992ef5-5eb0-46da-a5e7-6ec0c72b9287', '1/1', 'Описание', '1', '1', '0/1', '0/1', '1/1', '1/1', '2011-01-12 08:38:10+00', '2011-01-12 08:38:10+00');
INSERT INTO "fascicles_tmpl_modules" VALUES ('5b2d8edb-6b7a-4549-bb89-5036f807a22c', '621a67a6-0502-4686-8879-cbd7b3ac681d', 'c979190a-02cb-4c0a-a194-08abfe18f1df', 'ad58a202-8e2f-4a2d-8fa9-851e2c5a93d3', '1/1', 'Описание', '1', '1', '0/1', '0/1', '1/1', '1/1', '2011-02-18 12:21:54+00', '2011-02-18 12:21:54+00');
INSERT INTO "fascicles_tmpl_modules" VALUES ('5e6a7e82-2f28-494c-9580-766bcd80b581', '621a67a6-0502-4686-8879-cbd7b3ac681d', 'e33e6c00-f2c6-445a-a90a-c9214104f76f', '9b8be86e-d574-486f-9d50-93fe781b6d22', '1/1', 'Описание', '1', '1', '0/1', '0/1', '1/1', '1/1', '2011-02-08 08:35:44+00', '2011-02-08 08:35:44+00');
INSERT INTO "fascicles_tmpl_modules" VALUES ('5ea14ebc-c07d-4a0c-8a3c-91a0e1337977', '621a67a6-0502-4686-8879-cbd7b3ac681d', '11e06c53-6428-4767-a153-cbc65c961a09', 'ca99a4b6-5655-43aa-b08b-7377427b711e', '1/1', 'Описание', '1', '1', '0/1', '0/1', '1/1', '1/1', '2011-01-13 05:19:50+00', '2011-01-13 05:19:50+00');
INSERT INTO "fascicles_tmpl_modules" VALUES ('63a3df02-8cef-4feb-b36a-52749d83651b', 'c8374e1b-22ca-4618-8acc-d52f565b934f', 'd5ee5e0c-8ede-49e6-af3f-cf37ea9f77ab', 'd9b8b993-fd86-45aa-a991-bfe9c83d77b8', '2/1', 'Описание', '2', '2', '0/1', '0/1', '1/1', '1/1', '2011-01-21 10:28:11+00', '2011-01-21 10:28:11+00');
INSERT INTO "fascicles_tmpl_modules" VALUES ('6be31f70-c691-4970-bba4-040c31bd5ef4', '0a005d3c-2c37-43f7-b807-236be462bc5a', '4a2e10f0-6093-4928-8017-d7b71b7cab34', '5f53e22a-f433-4017-908a-a2fb07e7ee8c', '1/1', 'Описание', '1', '1', '0/1', '0/1', '1/1', '1/1', '2011-01-20 13:09:31+00', '2011-01-20 13:09:31+00');
INSERT INTO "fascicles_tmpl_modules" VALUES ('7a3a2cab-3718-4aac-8a0e-9948cf23225f', 'c8374e1b-22ca-4618-8acc-d52f565b934f', '25b32e1c-2dbe-4f03-a1bc-12c778bda8a8', '0d9d2173-d185-4a21-aab7-27a05fa3e71f', '2/1', 'Описание', '2', '2', '0/1', '0/1', '1/1', '1/1', '2011-01-25 09:26:36+00', '2011-01-25 09:26:36+00');
INSERT INTO "fascicles_tmpl_modules" VALUES ('89e8e251-ada4-42a1-986b-75b11e005dd5', '621a67a6-0502-4686-8879-cbd7b3ac681d', '39f67ac5-597f-4263-b20f-887d6f8d9655', '660d3f1f-e3bc-402d-b935-edcc172eda35', '1/1', 'Описание', '1', '1', '0/1', '0/1', '1/1', '1/1', '2011-01-12 13:53:25+00', '2011-01-12 13:53:25+00');
INSERT INTO "fascicles_tmpl_modules" VALUES ('9e016c14-cc26-49a7-b608-dd5c5a7f02d2', '621a67a6-0502-4686-8879-cbd7b3ac681d', 'd5ee5e0c-8ede-49e6-af3f-cf37ea9f77ab', 'd9b8b993-fd86-45aa-a991-bfe9c83d77b8', '1/1', 'Описание', '1', '1', '0/1', '0/1', '1/1', '1/1', '2011-01-21 10:28:11+00', '2011-01-21 10:28:11+00');
INSERT INTO "fascicles_tmpl_modules" VALUES ('a42a3fb4-8840-4694-aaa2-a138930c33b2', '621a67a6-0502-4686-8879-cbd7b3ac681d', 'b95e8468-9661-4a2a-bf8f-32e3d85dcd90', '8fee4f9f-3626-4d45-96aa-416397d85b0e', '1/1', 'Описание', '1', '1', '0/1', '0/1', '1/1', '1/1', '2011-01-12 13:52:15+00', '2011-01-12 13:52:15+00');
INSERT INTO "fascicles_tmpl_modules" VALUES ('ae2650a5-6445-4697-8216-a717f55a2abc', '621a67a6-0502-4686-8879-cbd7b3ac681d', '25b32e1c-2dbe-4f03-a1bc-12c778bda8a8', '0d9d2173-d185-4a21-aab7-27a05fa3e71f', '1/1', 'Описание', '1', '1', '0/1', '0/1', '1/1', '1/1', '2011-01-25 09:26:36+00', '2011-01-25 09:26:36+00');
INSERT INTO "fascicles_tmpl_modules" VALUES ('af0166d9-c421-44b6-b119-55a08d6367f1', '621a67a6-0502-4686-8879-cbd7b3ac681d', '14f3a987-c6c8-4aa0-b4c4-3c9c4ca47f61', '5a8b8f85-cedf-4cea-ae71-57042a46132d', '1/1', 'Описание', '1', '1', '0/1', '0/1', '1/1', '1/1', '2011-01-11 10:27:42+00', '2011-01-11 10:27:42+00');
INSERT INTO "fascicles_tmpl_modules" VALUES ('b070763c-5fd6-496d-9f99-dee68c65318e', 'c8374e1b-22ca-4618-8acc-d52f565b934f', 'd391ac6b-02d1-498c-9a65-5a13fe1ec9ed', '0805213b-4be3-410b-a173-2424f596bb3d', '2/1', 'Описание', '2', '2', '0/1', '0/1', '1/1', '1/1', '2011-01-19 10:13:55+00', '2011-01-19 10:13:55+00');
INSERT INTO "fascicles_tmpl_modules" VALUES ('b5906032-2869-4dd8-917f-48edf888174d', '621a67a6-0502-4686-8879-cbd7b3ac681d', 'eb9f0c77-8a5f-4cfc-8088-972ecd81def0', '097d872d-0f19-467e-902a-f02dd089d85b', '1/1', 'Описание', '1', '1', '0/1', '0/1', '1/1', '1/1', '2011-01-12 13:55:01+00', '2011-01-12 13:55:01+00');
INSERT INTO "fascicles_tmpl_modules" VALUES ('bbaff05a-1f0b-4fe2-89f7-c57c6cbf51d6', 'c8374e1b-22ca-4618-8acc-d52f565b934f', '4964960d-d8d0-4857-85d4-09489a743002', 'f04e0e17-9e7e-442f-97cd-646a3c241e29', '2/1', 'Описание', '2', '2', '0/1', '0/1', '1/1', '1/1', '2011-01-12 11:16:05+00', '2011-01-12 11:16:05+00');
INSERT INTO "fascicles_tmpl_modules" VALUES ('be69bda5-30ff-4d65-86f6-37d218a31680', 'c8374e1b-22ca-4618-8acc-d52f565b934f', 'f8e8c9df-a937-47b6-be3b-2ac2c7e560b6', '75eff99c-6489-4214-bb28-dc174eb06322', '2/1', 'Описание', '2', '2', '0/1', '0/1', '1/1', '1/1', '2011-02-18 05:55:11+00', '2011-02-18 05:55:11+00');
INSERT INTO "fascicles_tmpl_modules" VALUES ('c2be4dc3-3b84-4d3d-8fb2-0330f97c3eeb', '621a67a6-0502-4686-8879-cbd7b3ac681d', 'ba81e912-fa59-455e-ad0b-428cb7bcabbe', '07b1d541-8bb9-4245-990a-dc0af916ddbf', '1/1', 'Описание', '1', '1', '0/1', '0/1', '1/1', '1/1', '2011-02-21 09:38:05+00', '2011-02-21 09:38:05+00');
INSERT INTO "fascicles_tmpl_modules" VALUES ('ccd3fd15-0fd4-48d9-9031-e834aeee83cb', '621a67a6-0502-4686-8879-cbd7b3ac681d', '0b1e2add-e10f-4b5a-bb2d-08fa18a32cd6', '4e8f5637-6b3e-4c65-84de-54f618671d54', '1/1', 'Описание', '1', '1', '0/1', '0/1', '1/1', '1/1', '2011-02-18 07:49:49+00', '2011-02-18 07:49:49+00');
INSERT INTO "fascicles_tmpl_modules" VALUES ('cebbefa1-b08a-4390-827a-5ab4744bf330', 'd4145fcd-10f9-4ea1-b8bf-097e106f869e', '4a2e10f0-6093-4928-8017-d7b71b7cab34', '5f53e22a-f433-4017-908a-a2fb07e7ee8c', '2/1', 'Описание', '2', '2', '0/1', '0/1', '1/1', '1/1', '2011-01-20 13:09:31+00', '2011-01-20 13:09:31+00');
INSERT INTO "fascicles_tmpl_modules" VALUES ('cfdd97d0-b923-4193-a0ce-21508e120249', 'c8374e1b-22ca-4618-8acc-d52f565b934f', 'eb9f0c77-8a5f-4cfc-8088-972ecd81def0', '097d872d-0f19-467e-902a-f02dd089d85b', '2/1', 'Описание', '2', '2', '0/1', '0/1', '1/1', '1/1', '2011-01-12 13:55:01+00', '2011-01-12 13:55:01+00');
INSERT INTO "fascicles_tmpl_modules" VALUES ('d4145fcd-10f9-4ea1-b8bf-097e106f869e', 'c8374e1b-22ca-4618-8acc-d52f565b934f', '6d380486-c2d2-4f18-bfe1-5832d0081ab6', 'ac9882ec-5dc5-4812-837e-a3550f194404', '2/1', 'Описание', '2', '2', '0/1', '0/1', '1/1', '1/1', '2011-01-20 10:05:05+00', '2011-01-20 10:05:05+00');
INSERT INTO "fascicles_tmpl_modules" VALUES ('d71cdd8d-a1f2-43ce-bf0e-2d96e75af31b', '621a67a6-0502-4686-8879-cbd7b3ac681d', 'f8e8c9df-a937-47b6-be3b-2ac2c7e560b6', '75eff99c-6489-4214-bb28-dc174eb06322', '1/1', 'Описание', '1', '1', '0/1', '0/1', '1/1', '1/1', '2011-02-18 05:55:11+00', '2011-02-18 05:55:11+00');
INSERT INTO "fascicles_tmpl_modules" VALUES ('d767cd18-aaad-470b-a5a9-4b2ceac7ac94', 'c8374e1b-22ca-4618-8acc-d52f565b934f', '5703c5ae-2794-48a6-aa4e-8b19b37aca67', 'a3ecac24-ae39-4a30-89c0-7bee3ab10777', '2/1', 'Описание', '2', '2', '0/1', '0/1', '1/1', '1/1', '2011-02-08 08:36:06+00', '2011-02-08 08:36:06+00');
INSERT INTO "fascicles_tmpl_modules" VALUES ('e07482b8-ae67-45a4-8012-0d2b89463913', 'c8374e1b-22ca-4618-8acc-d52f565b934f', '11e06c53-6428-4767-a153-cbc65c961a09', 'ca99a4b6-5655-43aa-b08b-7377427b711e', '2/1', 'Описание', '2', '2', '0/1', '0/1', '1/1', '1/1', '2011-01-13 05:19:50+00', '2011-01-13 05:19:50+00');
INSERT INTO "fascicles_tmpl_modules" VALUES ('e44fbeee-0546-4fc9-84b3-4042ea10f915', '621a67a6-0502-4686-8879-cbd7b3ac681d', 'ac28dc67-2bca-400f-906b-a6816f626468', '99ef66d3-2410-4dfd-b31f-00af20561f05', '1/1', 'Описание', '1', '1', '0/1', '0/1', '1/1', '1/1', '2011-01-21 10:26:51+00', '2011-01-21 10:26:51+00');
INSERT INTO "fascicles_tmpl_modules" VALUES ('e4a74f39-d7ff-4cb5-8a69-29ca52014bd9', '4964960d-d8d0-4857-85d4-09489a743002', '4964960d-d8d0-4857-85d4-09489a743002', 'f04e0e17-9e7e-442f-97cd-646a3c241e29', '1/2', 'Описание', '1', '0.5', '0/1', '1/2', '1/1', '1/2', '2011-01-12 15:07:00+00', '2011-01-12 15:07:00+00');
INSERT INTO "fascicles_tmpl_modules" VALUES ('e6263437-b045-4109-bd65-46becbda43f8', 'c8374e1b-22ca-4618-8acc-d52f565b934f', 'c979190a-02cb-4c0a-a194-08abfe18f1df', 'ad58a202-8e2f-4a2d-8fa9-851e2c5a93d3', '2/1', 'Описание', '2', '2', '0/1', '0/1', '1/1', '1/1', '2011-02-18 12:21:54+00', '2011-02-18 12:21:54+00');
INSERT INTO "fascicles_tmpl_modules" VALUES ('e7e30324-2069-4fb4-8d9f-636a72551027', '621a67a6-0502-4686-8879-cbd7b3ac681d', '5703c5ae-2794-48a6-aa4e-8b19b37aca67', 'a3ecac24-ae39-4a30-89c0-7bee3ab10777', '1/1', 'Описание', '1', '1', '0/1', '0/1', '1/1', '1/1', '2011-02-08 08:36:06+00', '2011-02-08 08:36:06+00');
INSERT INTO "fascicles_tmpl_modules" VALUES ('e817c69b-f539-480e-9a2b-c8811178e41a', 'c8374e1b-22ca-4618-8acc-d52f565b934f', 'b95e8468-9661-4a2a-bf8f-32e3d85dcd90', '8fee4f9f-3626-4d45-96aa-416397d85b0e', '2/1', 'Описание', '2', '2', '0/1', '0/1', '1/1', '1/1', '2011-01-12 13:52:15+00', '2011-01-12 13:52:15+00');
INSERT INTO "fascicles_tmpl_modules" VALUES ('edfde5bf-5bf5-496e-9af1-00e70f9552bd', 'c8374e1b-22ca-4618-8acc-d52f565b934f', 'c747d89d-4941-491f-b0f8-bd967116dd93', '632021bf-853d-4ac1-9aad-4b8ffa14581d', '2/1', 'Описание', '2', '2', '0/1', '0/1', '1/1', '1/1', '2011-01-21 10:27:15+00', '2011-01-21 10:27:15+00');
COMMIT;

-- ----------------------------
-- Records of fascicles_tmpl_pages
-- ----------------------------
BEGIN;
INSERT INTO "fascicles_tmpl_pages" VALUES ('07b1d541-8bb9-4245-990a-dc0af916ddbf', '0bfccb7c-e1ef-43cb-8060-973d1b58792b', 'ba81e912-fa59-455e-ad0b-428cb7bcabbe', '6x6', 'Описание', 't', '{1/6,2/6,3/6,4/6,5/6}', '{1/6,2/6,3/6,4/6,5/6}', '2011-02-21 09:38:05+00', '2011-02-21 09:38:05+00');
INSERT INTO "fascicles_tmpl_pages" VALUES ('0805213b-4be3-410b-a173-2424f596bb3d', '0bfccb7c-e1ef-43cb-8060-973d1b58792b', 'd391ac6b-02d1-498c-9a65-5a13fe1ec9ed', '6x6', 'Описание', 't', '{1/6,2/6,3/6,4/6,5/6}', '{1/6,2/6,3/6,4/6,5/6}', '2011-01-19 10:13:55+00', '2011-01-19 10:13:55+00');
INSERT INTO "fascicles_tmpl_pages" VALUES ('097d872d-0f19-467e-902a-f02dd089d85b', '0bfccb7c-e1ef-43cb-8060-973d1b58792b', 'eb9f0c77-8a5f-4cfc-8088-972ecd81def0', '6x6', 'Описание', 't', '{1/6,2/6,3/6,4/6,5/6}', '{1/6,2/6,3/6,4/6,5/6}', '2011-01-12 13:55:01+00', '2011-01-12 13:55:01+00');
INSERT INTO "fascicles_tmpl_pages" VALUES ('0d9d2173-d185-4a21-aab7-27a05fa3e71f', '0bfccb7c-e1ef-43cb-8060-973d1b58792b', '25b32e1c-2dbe-4f03-a1bc-12c778bda8a8', '6x6', 'Описание', 't', '{1/6,2/6,3/6,4/6,5/6}', '{1/6,2/6,3/6,4/6,5/6}', '2011-01-25 09:26:36+00', '2011-01-25 09:26:36+00');
INSERT INTO "fascicles_tmpl_pages" VALUES ('4e8f5637-6b3e-4c65-84de-54f618671d54', '0bfccb7c-e1ef-43cb-8060-973d1b58792b', '0b1e2add-e10f-4b5a-bb2d-08fa18a32cd6', '6x6', 'Описание', 't', '{1/6,2/6,3/6,4/6,5/6}', '{1/6,2/6,3/6,4/6,5/6}', '2011-02-18 07:49:49+00', '2011-02-18 07:49:49+00');
INSERT INTO "fascicles_tmpl_pages" VALUES ('5a8b8f85-cedf-4cea-ae71-57042a46132d', '0bfccb7c-e1ef-43cb-8060-973d1b58792b', '14f3a987-c6c8-4aa0-b4c4-3c9c4ca47f61', '6x6', 'Описание', 't', '{1/6,2/6,3/6,4/6,5/6}', '{1/6,2/6,3/6,4/6,5/6}', '2011-01-11 10:27:42+00', '2011-01-11 10:35:02+00');
INSERT INTO "fascicles_tmpl_pages" VALUES ('5f53e22a-f433-4017-908a-a2fb07e7ee8c', 'ac9882ec-5dc5-4812-837e-a3550f194404', '4a2e10f0-6093-4928-8017-d7b71b7cab34', '6x6', 'Описание', 't', '{1/6,2/6,3/6,4/6,5/6}', '{1/6,2/6,3/6,4/6,5/6}', '2011-01-20 13:09:31+00', '2011-01-20 13:09:31+00');
INSERT INTO "fascicles_tmpl_pages" VALUES ('632021bf-853d-4ac1-9aad-4b8ffa14581d', '0bfccb7c-e1ef-43cb-8060-973d1b58792b', 'c747d89d-4941-491f-b0f8-bd967116dd93', '6x6', 'Описание', 't', '{1/6,2/6,3/6,4/6,5/6}', '{1/6,2/6,3/6,4/6,5/6}', '2011-01-21 10:27:15+00', '2011-01-21 10:27:15+00');
INSERT INTO "fascicles_tmpl_pages" VALUES ('660d3f1f-e3bc-402d-b935-edcc172eda35', '0bfccb7c-e1ef-43cb-8060-973d1b58792b', '39f67ac5-597f-4263-b20f-887d6f8d9655', '6x6', 'Описание', 't', '{1/6,2/6,3/6,4/6,5/6}', '{1/6,2/6,3/6,4/6,5/6}', '2011-01-12 13:53:25+00', '2011-01-12 13:53:25+00');
INSERT INTO "fascicles_tmpl_pages" VALUES ('6d7a0280-4521-45b6-9add-06c62284121d', '0bfccb7c-e1ef-43cb-8060-973d1b58792b', '8b06be12-66bb-492f-a93f-a3a733f8cd35', '6x6', 'Описание', 't', '{1/6,2/6,3/6,4/6,5/6}', '{1/6,2/6,3/6,4/6,5/6}', '2011-01-12 10:55:03+00', '2011-01-12 10:55:03+00');
INSERT INTO "fascicles_tmpl_pages" VALUES ('75eff99c-6489-4214-bb28-dc174eb06322', '0bfccb7c-e1ef-43cb-8060-973d1b58792b', 'f8e8c9df-a937-47b6-be3b-2ac2c7e560b6', '6x6', 'Описание', 't', '{1/6,2/6,3/6,4/6,5/6}', '{1/6,2/6,3/6,4/6,5/6}', '2011-02-18 05:55:11+00', '2011-02-18 05:55:11+00');
INSERT INTO "fascicles_tmpl_pages" VALUES ('7a992ef5-5eb0-46da-a5e7-6ec0c72b9287', '0bfccb7c-e1ef-43cb-8060-973d1b58792b', 'f37ccf31-f9bf-4cf0-8945-6157e40ece01', '6x6', 'Описание', 't', '{1/6,2/6,3/6,4/6,5/6}', '{1/6,2/6,3/6,4/6,5/6}', '2011-01-12 08:38:10+00', '2011-01-12 08:38:10+00');
INSERT INTO "fascicles_tmpl_pages" VALUES ('7d6ff19e-ee83-4688-813f-f8c018981e0b', '0bfccb7c-e1ef-43cb-8060-973d1b58792b', 'ed8069dc-203d-4c36-a2ff-8d10e8448d90', '6x6', 'Описание', 't', '{1/6,2/6,3/6,4/6,5/6}', '{1/6,2/6,3/6,4/6,5/6}', '2011-01-12 13:54:40+00', '2011-01-12 13:54:40+00');
INSERT INTO "fascicles_tmpl_pages" VALUES ('8fee4f9f-3626-4d45-96aa-416397d85b0e', '0bfccb7c-e1ef-43cb-8060-973d1b58792b', 'b95e8468-9661-4a2a-bf8f-32e3d85dcd90', '6x6', 'Описание', 't', '{1/6,2/6,3/6,4/6,5/6}', '{1/6,2/6,3/6,4/6,5/6}', '2011-01-12 13:52:15+00', '2011-01-12 13:52:15+00');
INSERT INTO "fascicles_tmpl_pages" VALUES ('99ef66d3-2410-4dfd-b31f-00af20561f05', '0bfccb7c-e1ef-43cb-8060-973d1b58792b', 'ac28dc67-2bca-400f-906b-a6816f626468', '6x6', 'Описание', 't', '{1/6,2/6,3/6,4/6,5/6}', '{1/6,2/6,3/6,4/6,5/6}', '2011-01-21 10:26:51+00', '2011-01-21 10:26:51+00');
INSERT INTO "fascicles_tmpl_pages" VALUES ('9b8be86e-d574-486f-9d50-93fe781b6d22', '0bfccb7c-e1ef-43cb-8060-973d1b58792b', 'e33e6c00-f2c6-445a-a90a-c9214104f76f', '6x6', 'Описание', 't', '{1/6,2/6,3/6,4/6,5/6}', '{1/6,2/6,3/6,4/6,5/6}', '2011-02-08 08:35:44+00', '2011-02-08 08:35:44+00');
INSERT INTO "fascicles_tmpl_pages" VALUES ('a3ecac24-ae39-4a30-89c0-7bee3ab10777', '0bfccb7c-e1ef-43cb-8060-973d1b58792b', '5703c5ae-2794-48a6-aa4e-8b19b37aca67', '6x6', 'Описание', 't', '{1/6,2/6,3/6,4/6,5/6}', '{1/6,2/6,3/6,4/6,5/6}', '2011-02-08 08:36:06+00', '2011-02-08 08:36:06+00');
INSERT INTO "fascicles_tmpl_pages" VALUES ('ac9882ec-5dc5-4812-837e-a3550f194404', '0bfccb7c-e1ef-43cb-8060-973d1b58792b', '6d380486-c2d2-4f18-bfe1-5832d0081ab6', '6x6', 'Описание', 't', '{1/6,2/6,3/6,4/6,5/6}', '{1/6,2/6,3/6,4/6,5/6}', '2011-01-20 10:05:05+00', '2011-01-20 10:05:05+00');
INSERT INTO "fascicles_tmpl_pages" VALUES ('ad58a202-8e2f-4a2d-8fa9-851e2c5a93d3', '0bfccb7c-e1ef-43cb-8060-973d1b58792b', 'c979190a-02cb-4c0a-a194-08abfe18f1df', '6x6', 'Описание', 't', '{1/6,2/6,3/6,4/6,5/6}', '{1/6,2/6,3/6,4/6,5/6}', '2011-02-18 12:21:54+00', '2011-02-18 12:21:54+00');
INSERT INTO "fascicles_tmpl_pages" VALUES ('ca99a4b6-5655-43aa-b08b-7377427b711e', '0bfccb7c-e1ef-43cb-8060-973d1b58792b', '11e06c53-6428-4767-a153-cbc65c961a09', '6x6', 'Описание', 't', '{1/6,2/6,3/6,4/6,5/6}', '{1/6,2/6,3/6,4/6,5/6}', '2011-01-13 05:19:50+00', '2011-01-13 05:19:50+00');
INSERT INTO "fascicles_tmpl_pages" VALUES ('d9b8b993-fd86-45aa-a991-bfe9c83d77b8', '0bfccb7c-e1ef-43cb-8060-973d1b58792b', 'd5ee5e0c-8ede-49e6-af3f-cf37ea9f77ab', '6x6', 'Описание', 't', '{1/6,2/6,3/6,4/6,5/6}', '{1/6,2/6,3/6,4/6,5/6}', '2011-01-21 10:28:11+00', '2011-01-21 10:28:11+00');
INSERT INTO "fascicles_tmpl_pages" VALUES ('f04e0e17-9e7e-442f-97cd-646a3c241e29', '0bfccb7c-e1ef-43cb-8060-973d1b58792b', '4964960d-d8d0-4857-85d4-09489a743002', '6x6', 'Описание', 't', '{1/6,2/6,3/6,4/6,5/6}', '{1/6,2/6,3/6,4/6,5/6}', '2011-01-12 11:16:05+00', '2011-01-12 11:16:05+00');
COMMIT;

-- ----------------------------
-- Records of fascicles_tmpl_places
-- ----------------------------
BEGIN;
INSERT INTO "fascicles_tmpl_places" VALUES ('0840d0db-4daf-443c-8816-49cf00bd34aa', '40739f9e-11c5-4108-8e0c-538e6d814547', 'ba81e912-fa59-455e-ad0b-428cb7bcabbe', '1', 'Описание', '2011-02-21 09:38:05+00', '2011-02-21 09:38:05+00');
INSERT INTO "fascicles_tmpl_places" VALUES ('1f437380-0658-484d-b4a1-c6a8dc742008', '14f3a987-c6c8-4aa0-b4c4-3c9c4ca47f61', '14f3a987-c6c8-4aa0-b4c4-3c9c4ca47f61', '2', 'Описание', '2011-01-11 10:28:29+00', '2011-01-11 10:28:29+00');
INSERT INTO "fascicles_tmpl_places" VALUES ('20d9d854-a482-4fe7-9787-1f5964749ef0', 'f37ccf31-f9bf-4cf0-8945-6157e40ece01', 'f37ccf31-f9bf-4cf0-8945-6157e40ece01', '1', 'Описание', '2011-01-12 08:54:30+00', '2011-01-12 08:54:30+00');
INSERT INTO "fascicles_tmpl_places" VALUES ('2107f135-bbde-4699-965c-307b82df9b63', '745e3986-132d-4cc3-83b4-925e11c45e92', 'c747d89d-4941-491f-b0f8-bd967116dd93', '2', 'Описание', '2011-01-21 10:27:15+00', '2011-01-21 10:27:15+00');
INSERT INTO "fascicles_tmpl_places" VALUES ('2b03b8fa-433a-419b-8095-1d2f37d88307', 'b04eef7f-4b3c-4946-94b4-9761fb009b0c', '4a2e10f0-6093-4928-8017-d7b71b7cab34', '1', 'Описание', '2011-01-20 13:09:31+00', '2011-01-20 13:09:31+00');
INSERT INTO "fascicles_tmpl_places" VALUES ('2b4171f6-5022-47f5-a73e-3b1e511f6b7d', '745e3986-132d-4cc3-83b4-925e11c45e92', '5703c5ae-2794-48a6-aa4e-8b19b37aca67', '2', 'Описание', '2011-02-08 08:36:06+00', '2011-02-08 08:36:06+00');
INSERT INTO "fascicles_tmpl_places" VALUES ('2f6e3faa-1396-40f0-84df-425934c4fdd8', '40739f9e-11c5-4108-8e0c-538e6d814547', 'd391ac6b-02d1-498c-9a65-5a13fe1ec9ed', '1', 'Описание', '2011-01-19 10:13:55+00', '2011-01-19 10:13:55+00');
INSERT INTO "fascicles_tmpl_places" VALUES ('5729e1d8-fb0c-40c7-9d30-824b2136e5fa', '14f3a987-c6c8-4aa0-b4c4-3c9c4ca47f61', '14f3a987-c6c8-4aa0-b4c4-3c9c4ca47f61', '1', 'Описание', '2011-01-11 10:28:11+00', '2011-01-11 10:28:11+00');
INSERT INTO "fascicles_tmpl_places" VALUES ('660c4f5c-7361-43d0-a2b2-97cbd787a5b6', '745e3986-132d-4cc3-83b4-925e11c45e92', 'c979190a-02cb-4c0a-a194-08abfe18f1df', '2', 'Описание', '2011-02-18 12:21:54+00', '2011-02-18 12:21:54+00');
INSERT INTO "fascicles_tmpl_places" VALUES ('6f0c1281-7d87-4478-b307-1b1906a7e5b5', '745e3986-132d-4cc3-83b4-925e11c45e92', '6d380486-c2d2-4f18-bfe1-5832d0081ab6', '2', 'Описание', '2011-01-20 10:05:05+00', '2011-01-20 10:05:05+00');
INSERT INTO "fascicles_tmpl_places" VALUES ('7bd5f0a1-b17d-4261-836a-cf4349a6f869', '40739f9e-11c5-4108-8e0c-538e6d814547', '5703c5ae-2794-48a6-aa4e-8b19b37aca67', '1', 'Описание', '2011-02-08 08:36:06+00', '2011-02-08 08:36:06+00');
INSERT INTO "fascicles_tmpl_places" VALUES ('9368956b-718f-4391-a4c1-f1df923bda74', '40739f9e-11c5-4108-8e0c-538e6d814547', '4964960d-d8d0-4857-85d4-09489a743002', '1', 'Описание', '2011-01-12 11:16:05+00', '2011-01-12 11:16:05+00');
INSERT INTO "fascicles_tmpl_places" VALUES ('97fdb338-9fe8-49b2-9da5-ff823f196e8e', '40739f9e-11c5-4108-8e0c-538e6d814547', '0b1e2add-e10f-4b5a-bb2d-08fa18a32cd6', '1', 'Описание', '2011-02-18 07:49:49+00', '2011-02-18 07:49:49+00');
INSERT INTO "fascicles_tmpl_places" VALUES ('9a19e6d0-0513-40ad-b2a5-95db453ed989', '40739f9e-11c5-4108-8e0c-538e6d814547', '11e06c53-6428-4767-a153-cbc65c961a09', '1', 'Описание', '2011-01-13 05:19:50+00', '2011-01-13 05:19:50+00');
INSERT INTO "fascicles_tmpl_places" VALUES ('9c40f64f-e753-47d8-a8a1-4ce0eabcb5cf', '745e3986-132d-4cc3-83b4-925e11c45e92', 'd391ac6b-02d1-498c-9a65-5a13fe1ec9ed', '2', 'Описание', '2011-01-19 10:13:55+00', '2011-01-19 10:13:55+00');
INSERT INTO "fascicles_tmpl_places" VALUES ('9d9cd0d3-1229-42cf-a8e1-20c07d881392', '745e3986-132d-4cc3-83b4-925e11c45e92', '0b1e2add-e10f-4b5a-bb2d-08fa18a32cd6', '2', 'Описание', '2011-02-18 07:49:49+00', '2011-02-18 07:49:49+00');
INSERT INTO "fascicles_tmpl_places" VALUES ('9fbc04a2-dceb-4285-b872-391f7af871ef', '6f0c1281-7d87-4478-b307-1b1906a7e5b5', '4a2e10f0-6093-4928-8017-d7b71b7cab34', '2', 'Описание', '2011-01-20 13:09:31+00', '2011-01-20 13:09:31+00');
INSERT INTO "fascicles_tmpl_places" VALUES ('b04eef7f-4b3c-4946-94b4-9761fb009b0c', '40739f9e-11c5-4108-8e0c-538e6d814547', '6d380486-c2d2-4f18-bfe1-5832d0081ab6', '1', 'Описание', '2011-01-20 10:05:05+00', '2011-01-20 10:05:05+00');
INSERT INTO "fascicles_tmpl_places" VALUES ('ccfe600c-cb75-4372-a0c5-6cdc210fdf99', '745e3986-132d-4cc3-83b4-925e11c45e92', '11e06c53-6428-4767-a153-cbc65c961a09', '2', 'Описание', '2011-01-13 05:19:50+00', '2011-01-13 05:19:50+00');
INSERT INTO "fascicles_tmpl_places" VALUES ('cd527cc1-c38d-4f6c-bdbf-33fa62c91d4a', '745e3986-132d-4cc3-83b4-925e11c45e92', '4964960d-d8d0-4857-85d4-09489a743002', '2', 'Описание', '2011-01-12 11:16:05+00', '2011-01-12 11:16:05+00');
INSERT INTO "fascicles_tmpl_places" VALUES ('e1a2b669-13f4-411f-adc4-b19452ef1283', '40739f9e-11c5-4108-8e0c-538e6d814547', 'ed8069dc-203d-4c36-a2ff-8d10e8448d90', '1', 'Описание', '2011-01-12 13:54:40+00', '2011-01-12 13:54:40+00');
INSERT INTO "fascicles_tmpl_places" VALUES ('ea5d3c64-e1fa-4c29-9e03-283964efac07', '745e3986-132d-4cc3-83b4-925e11c45e92', 'ed8069dc-203d-4c36-a2ff-8d10e8448d90', '2', 'Описание', '2011-01-12 13:54:40+00', '2011-01-12 13:54:40+00');
INSERT INTO "fascicles_tmpl_places" VALUES ('f5bdff3a-be18-4ca8-8c1c-3b6c7615cd07', '745e3986-132d-4cc3-83b4-925e11c45e92', 'ba81e912-fa59-455e-ad0b-428cb7bcabbe', '2', 'Описание', '2011-02-21 09:38:05+00', '2011-02-21 09:38:05+00');
INSERT INTO "fascicles_tmpl_places" VALUES ('f62af95c-3e4e-45c0-aa3e-0220fb86cf62', '40739f9e-11c5-4108-8e0c-538e6d814547', 'c747d89d-4941-491f-b0f8-bd967116dd93', '1', 'Описание', '2011-01-21 10:27:15+00', '2011-01-21 10:27:15+00');
INSERT INTO "fascicles_tmpl_places" VALUES ('fa003aa9-74f8-4634-ae7b-5c9805e14405', '40739f9e-11c5-4108-8e0c-538e6d814547', 'c979190a-02cb-4c0a-a194-08abfe18f1df', '1', 'Описание', '2011-02-18 12:21:54+00', '2011-02-18 12:21:54+00');
COMMIT;

