/*
Inprint 5.0 DEMO database
Date: 2011-02-22 21:06:19
*/

-- ----------------------------
-- Records of ad_advertisers
-- ----------------------------
BEGIN;
INSERT INTO "ad_advertisers" VALUES ('3595a2b7-f1a0-4ebb-82a6-913a24ed0eed', '9fd8bed1-14f1-48d1-9f3e-2ab59e6cd047', '6', 'Торговый Дом', 'Торговый Дом', 'Описание', '', '', '', '', '', '', '', '', '', '2010-12-27 12:37:10+00', '2010-12-27 12:37:10+00');
INSERT INTO "ad_advertisers" VALUES ('3d077190-ac9b-43f0-a556-13af72048e5b', '9fd8bed1-14f1-48d1-9f3e-2ab59e6cd047', '2', '"МедиаКом СИС ГмбХ"', '"МедиаКом СИС ГмбХ"', 'Описание', '', '', '', '', '', '', '', '', '', '2010-12-27 12:34:43+00', '2010-12-30 09:36:22+00');
INSERT INTO "ad_advertisers" VALUES ('451ffe3c-60be-40e6-bb69-478381b2af9d', '9fd8bed1-14f1-48d1-9f3e-2ab59e6cd047', '9', 'Книжное издательство', 'Книжное издательство', 'Описание', '', '', '', '', '', '', '', '', '', '2010-12-30 09:13:23+00', '2010-12-30 09:13:23+00');
INSERT INTO "ad_advertisers" VALUES ('4f2ba383-bf55-4e55-8140-da193c94a80c', '9fd8bed1-14f1-48d1-9f3e-2ab59e6cd047', '3', 'Хёндэ СНГ', 'Хёндэ СНГ', 'Описание', '', '', '', '', '', '', '', '', '', '2010-12-27 12:35:33+00', '2010-12-27 12:35:33+00');
INSERT INTO "ad_advertisers" VALUES ('7a9bbe5a-d5db-46ce-9822-2d304c8223a5', '9fd8bed1-14f1-48d1-9f3e-2ab59e6cd047', '10', 'За рулем', 'За рулем', 'Описание', '', '', '', '', '', '', '', '', '', '2010-12-30 09:17:09+00', '2010-12-30 09:17:09+00');
INSERT INTO "ad_advertisers" VALUES ('881686d6-7c30-4e12-b16a-95bac0a91536', '9fd8bed1-14f1-48d1-9f3e-2ab59e6cd047', '7', 'МОТО', 'МОТО', 'Описание', '', '', '', '', '', '', '', '', '', '2010-12-27 12:37:43+00', '2010-12-27 12:37:43+00');
INSERT INTO "ad_advertisers" VALUES ('a19f8a3e-833d-441a-9ed2-df5866dd7da2', '9fd8bed1-14f1-48d1-9f3e-2ab59e6cd047', '4', 'СОРОКИН', 'СОРОКИН', 'Описание', '', '', '', '', '', '', '', '', '', '2010-12-27 12:35:46+00', '2010-12-27 12:35:46+00');
INSERT INTO "ad_advertisers" VALUES ('edd73019-a38d-4d2d-874c-8eb2b53914ba', '9fd8bed1-14f1-48d1-9f3e-2ab59e6cd047', '5', 'Эвалар', 'Эвалар', 'Описание', '', '', '', '', '', '', '', '', '', '2010-12-27 12:36:02+00', '2010-12-27 12:36:02+00');
INSERT INTO "ad_advertisers" VALUES ('ffd3de27-c70f-4ba5-a11e-5ae37635731a', '9fd8bed1-14f1-48d1-9f3e-2ab59e6cd047', '8', 'Code of trade', 'Code of trade', 'Описание', '', '', '', '', '', '', '', '', '', '2010-12-30 09:12:23+00', '2010-12-30 09:24:14+00');
COMMIT;

-- ----------------------------
-- Records of ad_index
-- ----------------------------
BEGIN;
INSERT INTO "ad_index" VALUES ('3aef4e33-9807-47f9-9639-f2c05ce373d0', '9fd8bed1-14f1-48d1-9f3e-2ab59e6cd047', '745e3986-132d-4cc3-83b4-925e11c45e92', 'headline', '2fd26735-b14d-4fde-97ea-6d57496d52d3', '2011-01-12 11:11:25+00', '2011-01-12 11:11:25+00');
INSERT INTO "ad_index" VALUES ('5abd47bd-84b9-4563-8ede-68482a7f051b', '9fd8bed1-14f1-48d1-9f3e-2ab59e6cd047', '745e3986-132d-4cc3-83b4-925e11c45e92', 'headline', 'ca27a3d1-3161-47d8-890a-7627595bb33b', '2011-01-12 11:11:25+00', '2011-01-12 11:11:25+00');
INSERT INTO "ad_index" VALUES ('61c5efff-45d3-4fca-940b-66575f3ea935', '9fd8bed1-14f1-48d1-9f3e-2ab59e6cd047', '40739f9e-11c5-4108-8e0c-538e6d814547', 'module', '621a67a6-0502-4686-8879-cbd7b3ac681d', '2011-01-12 11:15:18+00', '2011-01-12 11:15:18+00');
INSERT INTO "ad_index" VALUES ('6475c81f-a501-492e-b4f0-d2b347e70f3f', '9fd8bed1-14f1-48d1-9f3e-2ab59e6cd047', '745e3986-132d-4cc3-83b4-925e11c45e92', 'headline', '1baadab9-fa24-42d5-a735-814d289d05ed', '2011-01-12 11:11:25+00', '2011-01-12 11:11:25+00');
INSERT INTO "ad_index" VALUES ('671a746b-cf84-4bf6-8b95-ffb92be19a36', '9fd8bed1-14f1-48d1-9f3e-2ab59e6cd047', '40739f9e-11c5-4108-8e0c-538e6d814547', 'headline', '1baadab9-fa24-42d5-a735-814d289d05ed', '2011-01-12 11:14:04+00', '2011-01-12 11:14:04+00');
INSERT INTO "ad_index" VALUES ('7763b685-5f5e-442a-8edd-8a0452519b34', '9fd8bed1-14f1-48d1-9f3e-2ab59e6cd047', '745e3986-132d-4cc3-83b4-925e11c45e92', 'headline', 'c243e564-c9c9-492d-8f23-aea555c9cb16', '2011-01-12 11:11:25+00', '2011-01-12 11:11:25+00');
INSERT INTO "ad_index" VALUES ('bb850280-ad62-433b-b788-b91279b6aa85', '9fd8bed1-14f1-48d1-9f3e-2ab59e6cd047', '745e3986-132d-4cc3-83b4-925e11c45e92', 'module', 'c8374e1b-22ca-4618-8acc-d52f565b934f', '2011-01-12 11:13:52+00', '2011-01-12 11:13:52+00');
INSERT INTO "ad_index" VALUES ('d02f09ef-1d0d-41a6-b3c0-728c27b07015', '9fd8bed1-14f1-48d1-9f3e-2ab59e6cd047', '745e3986-132d-4cc3-83b4-925e11c45e92', 'headline', '409ce373-8b99-4e8b-a541-4e4ff0b8fef1', '2011-01-12 11:11:25+00', '2011-01-12 11:11:25+00');
INSERT INTO "ad_index" VALUES ('da01a506-377f-4acc-9e3f-009b3978d293', '9fd8bed1-14f1-48d1-9f3e-2ab59e6cd047', '745e3986-132d-4cc3-83b4-925e11c45e92', 'headline', '7cf86bdf-187d-4d48-b6fa-b03824c65e58', '2011-01-12 11:11:25+00', '2011-01-12 11:11:25+00');
INSERT INTO "ad_index" VALUES ('e25ee28d-7495-481d-a0d4-a11b7e5f7757', '9fd8bed1-14f1-48d1-9f3e-2ab59e6cd047', '745e3986-132d-4cc3-83b4-925e11c45e92', 'module', '621a67a6-0502-4686-8879-cbd7b3ac681d', '2011-01-12 11:13:52+00', '2011-01-12 11:13:52+00');
INSERT INTO "ad_index" VALUES ('ed1ddfc1-544c-453f-8226-58474a7de9bc', '9fd8bed1-14f1-48d1-9f3e-2ab59e6cd047', '745e3986-132d-4cc3-83b4-925e11c45e92', 'headline', 'a06df8c6-f787-4dbc-b065-6269bcc1d517', '2011-01-12 11:11:25+00', '2011-01-12 11:11:25+00');
INSERT INTO "ad_index" VALUES ('fd627588-e077-4211-a515-7735a3ecbc69', '9fd8bed1-14f1-48d1-9f3e-2ab59e6cd047', '745e3986-132d-4cc3-83b4-925e11c45e92', 'headline', '00000000-0000-0000-0000-000000000000', '2011-01-12 11:11:25+00', '2011-01-12 11:11:25+00');
COMMIT;

-- ----------------------------
-- Records of ad_modules
-- ----------------------------
BEGIN;
INSERT INTO "ad_modules" VALUES ('621a67a6-0502-4686-8879-cbd7b3ac681d', '57ea720b-39fb-4e96-bcb6-ae3ebf6d474b', '0bfccb7c-e1ef-43cb-8060-973d1b58792b', '1/1', 'Описание', '1', '1', '0/1', '0/1', '1/1', '1/1', '2011-01-11 10:26:55+00', '2011-01-11 10:26:55+00');
INSERT INTO "ad_modules" VALUES ('c8374e1b-22ca-4618-8acc-d52f565b934f', '57ea720b-39fb-4e96-bcb6-ae3ebf6d474b', '0bfccb7c-e1ef-43cb-8060-973d1b58792b', '2/1', 'Описание', '2', '2', '0/1', '0/1', '1/1', '1/1', '2011-01-11 10:43:46+00', '2011-01-11 10:43:46+00');
COMMIT;

-- ----------------------------
-- Records of ad_pages
-- ----------------------------
BEGIN;
INSERT INTO "ad_pages" VALUES ('0bfccb7c-e1ef-43cb-8060-973d1b58792b', '57ea720b-39fb-4e96-bcb6-ae3ebf6d474b', '6x6', 'Описание', 't', '{1/6,2/6,3/6,4/6,5/6}', '{1/6,2/6,3/6,4/6,5/6}', '2011-01-11 10:26:43+00', '2011-01-11 10:31:12+00');
COMMIT;

-- ----------------------------
-- Records of ad_places
-- ----------------------------
BEGIN;
INSERT INTO "ad_places" VALUES ('40739f9e-11c5-4108-8e0c-538e6d814547', '9fd8bed1-14f1-48d1-9f3e-2ab59e6cd047', '1', 'Описание', '2011-01-12 11:11:53+00', '2011-01-12 11:11:53+00');
INSERT INTO "ad_places" VALUES ('745e3986-132d-4cc3-83b4-925e11c45e92', '9fd8bed1-14f1-48d1-9f3e-2ab59e6cd047', '2', 'Описание', '2011-01-12 11:10:27+00', '2011-01-12 11:11:44+00');
COMMIT;


